ligand_id	barrier_energy	job_id	barrier_file	barrier_line
PV-006960771355	25.537400000000925	1	ligand_barriers_JOB_1.txt	"PV-006960771355	1	25.537400000000925"
PV-006960891497	26.454899999991422	1	ligand_barriers_JOB_1.txt	"PV-006960891497	1	26.454899999991422"
PV-006960970064	32.10919999998249	1	ligand_barriers_JOB_1.txt	"PV-006960970064	1	32.10919999998249"
PV-006961676404	25.11360000000298	1	ligand_barriers_JOB_1.txt	"PV-006961676404	1	25.11360000000298"
PV-006961786900	30.097899999999058	1	ligand_barriers_JOB_1.txt	"PV-006961786900	1	30.097899999999058"
PV-006962175663	29.284200000004276	1	ligand_barriers_JOB_1.txt	"PV-006962175663	1	29.284200000004276"
PV-006962663712	27.71899999999925	1	ligand_barriers_JOB_1.txt	"PV-006962663712	1	27.71899999999925"
PV-006962663713	28.420899999999993	1	ligand_barriers_JOB_1.txt	"PV-006962663713	1	28.420899999999993"
PV-006962663714	26.59540000000055	1	ligand_barriers_JOB_1.txt	"PV-006962663714	1	26.59540000000055"
PV-006962668241	30.173099999998694	1	ligand_barriers_JOB_1.txt	"PV-006962668241	1	30.173099999998694"
PV-006962900028	29.342499999994416	1	ligand_barriers_JOB_1.txt	"PV-006962900028	1	29.342499999994416"
PV-006963012851	29.528599999997024	1	ligand_barriers_JOB_1.txt	"PV-006963012851	1	29.528599999997024"
PV-006963074016	29.14530000000298	1	ligand_barriers_JOB_1.txt	"PV-006963074016	1	29.14530000000298"
PV-006963433852	26.181900000003157	1	ligand_barriers_JOB_1.txt	"PV-006963433852	1	26.181900000003157"
PV-006964300482	29.824199999991983	1	ligand_barriers_JOB_1.txt	"PV-006964300482	1	29.824199999991983"
PV-006964457903	27.073700000001292	1	ligand_barriers_JOB_1.txt	"PV-006964457903	1	27.073700000001292"
PV-006964457904	29.07770000000055	1	ligand_barriers_JOB_1.txt	"PV-006964457904	1	29.07770000000055"
PV-006964457905	29.676799999989395	1	ligand_barriers_JOB_1.txt	"PV-006964457905	1	29.676799999989395"
PV-006964582486	30.325700000001493	1	ligand_barriers_JOB_1.txt	"PV-006964582486	1	30.325700000001493"
PV-006964584680	28.235500000001675	1	ligand_barriers_JOB_1.txt	"PV-006964584680	1	28.235500000001675"
PV-006964617656	25.90089999999601	1	ligand_barriers_JOB_1.txt	"PV-006964617656	1	25.90089999999601"
PV-006964778273	28.5112999999974	1	ligand_barriers_JOB_1.txt	"PV-006964778273	1	28.5112999999974"
PV-006964802522	28.624900000002228	1	ligand_barriers_JOB_1.txt	"PV-006964802522	1	28.624900000002228"
PV-006964943107	29.870799999994603	1	ligand_barriers_JOB_1.txt	"PV-006964943107	1	29.870799999994603"
PV-006964977144	27.48149999999682	1	ligand_barriers_JOB_1.txt	"PV-006964977144	1	27.48149999999682"
PV-006965233501	30.996600000003365	1	ligand_barriers_JOB_1.txt	"PV-006965233501	1	30.996600000003365"
PV-006965341717	26.39640000001322	1	ligand_barriers_JOB_1.txt	"PV-006965341717	1	26.39640000001322"
PV-006965443386	28.427899999998328	1	ligand_barriers_JOB_1.txt	"PV-006965443386	1	28.427899999998328"
PV-006965528838	31.72420000000338	1	ligand_barriers_JOB_1.txt	"PV-006965528838	1	31.72420000000338"
PV-006965590757	30.98489999999199	1	ligand_barriers_JOB_1.txt	"PV-006965590757	1	30.98489999999199"
PV-006965743399	30.69469999999869	1	ligand_barriers_JOB_1.txt	"PV-006965743399	1	30.69469999999869"
PV-006965863880	25.845700000008005	1	ligand_barriers_JOB_1.txt	"PV-006965863880	1	25.845700000008005"
PV-006965921848	28.566500000003906	1	ligand_barriers_JOB_1.txt	"PV-006965921848	1	28.566500000003906"
PV-006965999889	28.989299999999158	1	ligand_barriers_JOB_1.txt	"PV-006965999889	1	28.989299999999158"
PV-006966244633	31.135200000000008	1	ligand_barriers_JOB_1.txt	"PV-006966244633	1	31.135200000000008"
PV-006966289822	29.08689999999441	1	ligand_barriers_JOB_1.txt	"PV-006966289822	1	29.08689999999441"
PV-006967160300	30.89749999999908	1	ligand_barriers_JOB_1.txt	"PV-006967160300	1	30.89749999999908"
PV-006968035681	30.139400000000002	1	ligand_barriers_JOB_1.txt	"PV-006968035681	1	30.139400000000002"
PV-006968071580	29.661599999998888	1	ligand_barriers_JOB_1.txt	"PV-006968071580	1	29.661599999998888"
PV-006968481584	26.42130000000102	1	ligand_barriers_JOB_1.txt	"PV-006968481584	1	26.42130000000102"
PV-006968493471	29.729700000000207	1	ligand_barriers_JOB_1.txt	"PV-006968493471	1	29.729700000000207"
PV-006968906747	29.215699999990683	1	ligand_barriers_JOB_1.txt	"PV-006968906747	1	29.215699999990683"
PV-006969285340	28.773400000003356	1	ligand_barriers_JOB_1.txt	"PV-006969285340	1	28.773400000003356"
PV-006969681739	31.034200000002425	1	ligand_barriers_JOB_1.txt	"PV-006969681739	1	31.034200000002425"
PV-006969772776	31.667900000002984	1	ligand_barriers_JOB_1.txt	"PV-006969772776	1	31.667900000002984"
PV-006970021513	26.992999999997384	1	ligand_barriers_JOB_1.txt	"PV-006970021513	1	26.992999999997384"
PV-006970096815	28.95419999998863	1	ligand_barriers_JOB_1.txt	"PV-006970096815	1	28.95419999998863"
PV-006970114902	30.05669999999851	1	ligand_barriers_JOB_1.txt	"PV-006970114902	1	30.05669999999851"
PV-006970240487	29.38459999999012	1	ligand_barriers_JOB_1.txt	"PV-006970240487	1	29.38459999999012"
PV-006971139707	29.41199999999888	1	ligand_barriers_JOB_1.txt	"PV-006971139707	1	29.41199999999888"
PV-006971139708	29.168600000013775	1	ligand_barriers_JOB_1.txt	"PV-006971139708	1	29.168600000013775"
PV-006971390256	29.009700000002034	1	ligand_barriers_JOB_1.txt	"PV-006971390256	1	29.009700000002034"
PV-006971830494	32.00740000000299	1	ligand_barriers_JOB_1.txt	"PV-006971830494	1	32.00740000000299"
PV-006971830495	30.888299999999994	1	ligand_barriers_JOB_1.txt	"PV-006971830495	1	30.888299999999994"
PV-006971830496	25.98500000000836	1	ligand_barriers_JOB_1.txt	"PV-006971830496	1	25.98500000000836"
PV-006971860343	31.119600000000382	1	ligand_barriers_JOB_1.txt	"PV-006971860343	1	31.119600000000382"
PV-006971978453	30.428500000001318	1	ligand_barriers_JOB_1.txt	"PV-006971978453	1	30.428500000001318"
PV-006972105916	29.6945000000041	1	ligand_barriers_JOB_1.txt	"PV-006972105916	1	29.6945000000041"
PV-006972119918	27.531600000006037	1	ligand_barriers_JOB_1.txt	"PV-006972119918	1	27.531600000006037"
PV-006972312647	29.939999999985112	1	ligand_barriers_JOB_1.txt	"PV-006972312647	1	29.939999999985112"
PV-006972590545	28.350900000004476	1	ligand_barriers_JOB_1.txt	"PV-006972590545	1	28.350900000004476"
PV-006972590546	26.94730000000613	1	ligand_barriers_JOB_1.txt	"PV-006972590546	1	26.94730000000613"
PV-006972761152	29.25159999999628	1	ligand_barriers_JOB_1.txt	"PV-006972761152	1	29.25159999999628"
PV-006972805093	25.306200000005383	1	ligand_barriers_JOB_1.txt	"PV-006972805093	1	25.306200000005383"
PV-006972942166	30.77909999999776	1	ligand_barriers_JOB_1.txt	"PV-006972942166	1	30.77909999999776"
PV-006973376133	29.942600000002606	1	ligand_barriers_JOB_1.txt	"PV-006973376133	1	29.942600000002606"
PV-006973376134	31.114799999997768	1	ligand_barriers_JOB_1.txt	"PV-006973376134	1	31.114799999997768"
PV-006973376135	27.97890000001415	1	ligand_barriers_JOB_1.txt	"PV-006973376135	1	27.97890000001415"
PV-006973968477	31.037400000001686	1	ligand_barriers_JOB_1.txt	"PV-006973968477	1	31.037400000001686"
PV-006973968478	30.89080000000298	1	ligand_barriers_JOB_1.txt	"PV-006973968478	1	30.89080000000298"
PV-006973968479	31.008099999991806	1	ligand_barriers_JOB_1.txt	"PV-006973968479	1	31.008099999991806"
PV-006973987975	26.378900000005697	1	ligand_barriers_JOB_1.txt	"PV-006973987975	1	26.378900000005697"
PV-006974220752	26.26169999999979	1	ligand_barriers_JOB_1.txt	"PV-006974220752	1	26.26169999999979"
PV-006974550520	29.4783000000054	1	ligand_barriers_JOB_1.txt	"PV-006974550520	1	29.4783000000054"
PV-006974630334	26.144300000008002	1	ligand_barriers_JOB_1.txt	"PV-006974630334	1	26.144300000008002"
PV-006974841647	25.703800000003163	1	ligand_barriers_JOB_1.txt	"PV-006974841647	1	25.703800000003163"
PV-006974968559	28.322000000000923	1	ligand_barriers_JOB_1.txt	"PV-006974968559	1	28.322000000000923"
PV-006975031792	31.723599999997404	1	ligand_barriers_JOB_1.txt	"PV-006975031792	1	31.723599999997404"
PV-006975073596	28.118799999992547	1	ligand_barriers_JOB_1.txt	"PV-006975073596	1	28.118799999992547"
PV-006975213969	29.192999999997383	1	ligand_barriers_JOB_1.txt	"PV-006975213969	1	29.192999999997383"
PV-006975833730	27.984800000000085	1	ligand_barriers_JOB_1.txt	"PV-006975833730	1	27.984800000000085"
PV-006976046684	29.689499999998496	1	ligand_barriers_JOB_1.txt	"PV-006976046684	1	29.689499999998496"
PV-006976476667	31.247200000000024	1	ligand_barriers_JOB_1.txt	"PV-006976476667	1	31.247200000000024"
PV-006977301191	26.46239999999999	1	ligand_barriers_JOB_1.txt	"PV-006977301191	1	26.46239999999999"
PV-006977557701	27.88099999999552	1	ligand_barriers_JOB_1.txt	"PV-006977557701	1	27.88099999999552"
PV-006977622614	29.623199999998892	1	ligand_barriers_JOB_1.txt	"PV-006977622614	1	29.623199999998892"
PV-006977712445	31.8013999999946	1	ligand_barriers_JOB_1.txt	"PV-006977712445	1	31.8013999999946"
PV-006978065087	26.755100000002596	1	ligand_barriers_JOB_1.txt	"PV-006978065087	1	26.755100000002596"
PV-006978065088	29.500300000002618	1	ligand_barriers_JOB_1.txt	"PV-006978065088	1	29.500300000002618"
PV-006978065089	29.98799999999553	1	ligand_barriers_JOB_1.txt	"PV-006978065089	1	29.98799999999553"
PV-006978491454	31.755500000000758	1	ligand_barriers_JOB_1.txt	"PV-006978491454	1	31.755500000000758"
PV-006979053646	31.9597000000054	1	ligand_barriers_JOB_1.txt	"PV-006979053646	1	31.9597000000054"
PV-006979075160	26.53170000000577	1	ligand_barriers_JOB_1.txt	"PV-006979075160	1	26.53170000000577"
PV-006980097599	26.18470000000204	1	ligand_barriers_JOB_1.txt	"PV-006980097599	1	26.18470000000204"
PV-006980492795	28.769999999998507	1	ligand_barriers_JOB_1.txt	"PV-006980492795	1	28.769999999998507"
PV-006980505910	28.49540000000259	1	ligand_barriers_JOB_1.txt	"PV-006980505910	1	28.49540000000259"
PV-006981032762	29.062399999999073	1	ligand_barriers_JOB_1.txt	"PV-006981032762	1	29.062399999999073"
PV-006981273760	30.535100000004086	1	ligand_barriers_JOB_1.txt	"PV-006981273760	1	30.535100000004086"
PV-006981466208	27.66809999999982	1	ligand_barriers_JOB_1.txt	"PV-006981466208	1	27.66809999999982"
PV-006981489415	27.65379999999329	1	ligand_barriers_JOB_1.txt	"PV-006981489415	1	27.65379999999329"
PV-007127336590	26.161500000000004	10	ligand_barriers_JOB_10.txt	"PV-007127336590	1	26.161500000000004"
PV-007127425498	30.943499999997574	10	ligand_barriers_JOB_10.txt	"PV-007127425498	1	30.943499999997574"
PV-007127498031	30.48409999998939	10	ligand_barriers_JOB_10.txt	"PV-007127498031	1	30.48409999998939"
PV-007127593098	31.349099999996657	10	ligand_barriers_JOB_10.txt	"PV-007127593098	1	31.349099999996657"
PV-007128559650	27.09890000000745	10	ligand_barriers_JOB_10.txt	"PV-007128559650	1	27.09890000000745"
PV-007128752453	29.84079999999608	10	ligand_barriers_JOB_10.txt	"PV-007128752453	1	29.84079999999608"
PV-007128817325	26.632400000007447	10	ligand_barriers_JOB_10.txt	"PV-007128817325	1	26.632400000007447"
PV-007128831894	30.106699999996277	10	ligand_barriers_JOB_10.txt	"PV-007128831894	1	30.106699999996277"
PV-007129003185	26.208600000002598	10	ligand_barriers_JOB_10.txt	"PV-007129003185	1	26.208600000002598"
PV-007129066539	30.662999999988628	10	ligand_barriers_JOB_10.txt	"PV-007129066539	1	30.662999999988628"
PV-007129504012	28.890699999997395	10	ligand_barriers_JOB_10.txt	"PV-007129504012	1	28.890699999997395"
PV-007129735022	27.1807000000015	10	ligand_barriers_JOB_10.txt	"PV-007129735022	1	27.1807000000015"
PV-007129860737	30.891000000000744	10	ligand_barriers_JOB_10.txt	"PV-007129860737	1	30.891000000000744"
PV-007129887373	29.05590000000484	10	ligand_barriers_JOB_10.txt	"PV-007129887373	1	29.05590000000484"
PV-007129890952	31.713600000003176	10	ligand_barriers_JOB_10.txt	"PV-007129890952	1	31.713600000003176"
PV-007130019029	29.29840000000727	10	ligand_barriers_JOB_10.txt	"PV-007130019029	1	29.29840000000727"
PV-007130162286	29.521300000005954	10	ligand_barriers_JOB_10.txt	"PV-007130162286	1	29.521300000005954"
PV-007130373858	26.407700000007242	10	ligand_barriers_JOB_10.txt	"PV-007130373858	1	26.407700000007242"
PV-007130473575	26.488799999994217	10	ligand_barriers_JOB_10.txt	"PV-007130473575	1	26.488799999994217"
PV-007130473576	26.361399999988624	10	ligand_barriers_JOB_10.txt	"PV-007130473576	1	26.361399999988624"
PV-007130673587	29.294800000003907	10	ligand_barriers_JOB_10.txt	"PV-007130673587	1	29.294800000003907"
PV-007130805862	25.861899999997558	10	ligand_barriers_JOB_10.txt	"PV-007130805862	1	25.861899999997558"
PV-007131047428	28.13509999999552	10	ligand_barriers_JOB_10.txt	"PV-007131047428	1	28.13509999999552"
PV-007131318227	30.27109999999776	10	ligand_barriers_JOB_10.txt	"PV-007131318227	1	30.27109999999776"
PV-007131513839	26.183900000002026	10	ligand_barriers_JOB_10.txt	"PV-007131513839	1	26.183900000002026"
PV-007131528910	30.469800000000763	10	ligand_barriers_JOB_10.txt	"PV-007131528910	1	30.469800000000763"
PV-007131528911	30.206799999992	10	ligand_barriers_JOB_10.txt	"PV-007131528911	1	30.206799999992"
PV-007131528912	25.520299999994023	10	ligand_barriers_JOB_10.txt	"PV-007131528912	1	25.520299999994023"
PV-007131532665	30.3791000000017	10	ligand_barriers_JOB_10.txt	"PV-007131532665	1	30.3791000000017"
PV-007131857376	26.921699999995436	10	ligand_barriers_JOB_10.txt	"PV-007131857376	1	26.921699999995436"
PV-007132225850	30.31890000000019	10	ligand_barriers_JOB_10.txt	"PV-007132225850	1	30.31890000000019"
PV-007132225851	31.49699999998995	10	ligand_barriers_JOB_10.txt	"PV-007132225851	1	31.49699999998995"
PV-007132225852	26.75280000000056	10	ligand_barriers_JOB_10.txt	"PV-007132225852	1	26.75280000000056"
PV-007132278129	30.968900000000012	10	ligand_barriers_JOB_10.txt	"PV-007132278129	1	30.968900000000012"
PV-007132278130	29.217699999999795	10	ligand_barriers_JOB_10.txt	"PV-007132278130	1	29.217699999999795"
PV-007132278131	30.752700000000363	10	ligand_barriers_JOB_10.txt	"PV-007132278131	1	30.752700000000363"
PV-007132365276	30.11320000000634	10	ligand_barriers_JOB_10.txt	"PV-007132365276	1	30.11320000000634"
PV-007132400593	29.394300000001685	10	ligand_barriers_JOB_10.txt	"PV-007132400593	1	29.394300000001685"
PV-007132607709	28.62750000000447	10	ligand_barriers_JOB_10.txt	"PV-007132607709	1	28.62750000000447"
PV-007132714473	28.764299999997938	10	ligand_barriers_JOB_10.txt	"PV-007132714473	1	28.764299999997938"
PV-007132794910	29.725999999993654	10	ligand_barriers_JOB_10.txt	"PV-007132794910	1	29.725999999993654"
PV-007132821703	29.72849999999738	10	ligand_barriers_JOB_10.txt	"PV-007132821703	1	29.72849999999738"
PV-007132881224	30.813699999998697	10	ligand_barriers_JOB_10.txt	"PV-007132881224	1	30.813699999998697"
PV-007132887511	27.163099999994778	10	ligand_barriers_JOB_10.txt	"PV-007132887511	1	27.163099999994778"
PV-007132887512	28.945399999994407	10	ligand_barriers_JOB_10.txt	"PV-007132887512	1	28.945399999994407"
PV-007133106209	30.231100000007817	10	ligand_barriers_JOB_10.txt	"PV-007133106209	1	30.231100000007817"
PV-007133143084	26.44069999999795	10	ligand_barriers_JOB_10.txt	"PV-007133143084	1	26.44069999999795"
PV-007133229442	29.617300000001674	10	ligand_barriers_JOB_10.txt	"PV-007133229442	1	29.617300000001674"
PV-007133246141	29.638699999999066	10	ligand_barriers_JOB_10.txt	"PV-007133246141	1	29.638699999999066"
PV-007133423331	28.989099999997585	10	ligand_barriers_JOB_10.txt	"PV-007133423331	1	28.989099999997585"
PV-007134359302	30.00779999999851	10	ligand_barriers_JOB_10.txt	"PV-007134359302	1	30.00779999999851"
PV-007134652614	27.38519999999609	10	ligand_barriers_JOB_10.txt	"PV-007134652614	1	27.38519999999609"
PV-007134717324	30.922999999992552	10	ligand_barriers_JOB_10.txt	"PV-007134717324	1	30.922999999992552"
PV-007134971057	30.277499999999257	10	ligand_barriers_JOB_10.txt	"PV-007134971057	1	30.277499999999257"
PV-007135124520	30.41210000000447	10	ligand_barriers_JOB_10.txt	"PV-007135124520	1	30.41210000000447"
PV-007135124521	27.811500000007072	10	ligand_barriers_JOB_10.txt	"PV-007135124521	1	27.811500000007072"
PV-007135313995	29.682699999997013	10	ligand_barriers_JOB_10.txt	"PV-007135313995	1	29.682699999997013"
PV-007135340066	29.581799999997575	10	ligand_barriers_JOB_10.txt	"PV-007135340066	1	29.581799999997575"
PV-007135434107	29.854300000000013	10	ligand_barriers_JOB_10.txt	"PV-007135434107	1	29.854300000000013"
PV-007135538382	26.316199999997874	10	ligand_barriers_JOB_10.txt	"PV-007135538382	1	26.316199999997874"
PV-007135730091	29.978999999998127	10	ligand_barriers_JOB_10.txt	"PV-007135730091	1	29.978999999998127"
PV-007135823038	29.938599999997383	10	ligand_barriers_JOB_10.txt	"PV-007135823038	1	29.938599999997383"
PV-007135830750	30.969700000002423	10	ligand_barriers_JOB_10.txt	"PV-007135830750	1	30.969700000002423"
PV-007135989502	30.682500000001124	10	ligand_barriers_JOB_10.txt	"PV-007135989502	1	30.682500000001124"
PV-007136343865	30.3798999999972	10	ligand_barriers_JOB_10.txt	"PV-007136343865	1	30.3798999999972"
PV-007136343866	31.076000000003	10	ligand_barriers_JOB_10.txt	"PV-007136343866	1	31.076000000003"
PV-007136343867	30.830100000004478	10	ligand_barriers_JOB_10.txt	"PV-007136343867	1	30.830100000004478"
PV-007136639359	30.394600000000004	10	ligand_barriers_JOB_10.txt	"PV-007136639359	1	30.394600000000004"
PV-007136653121	30.80560000000075	10	ligand_barriers_JOB_10.txt	"PV-007136653121	1	30.80560000000075"
PV-007136688415	28.902399999993108	10	ligand_barriers_JOB_10.txt	"PV-007136688415	1	28.902399999993108"
PV-007137005493	31.184600000000025	10	ligand_barriers_JOB_10.txt	"PV-007137005493	1	31.184600000000025"
PV-007137187758	27.64990000000521	10	ligand_barriers_JOB_10.txt	"PV-007137187758	1	27.64990000000521"
PV-007137187759	29.822399999997206	10	ligand_barriers_JOB_10.txt	"PV-007137187759	1	29.822399999997206"
PV-007137187760	31.050000000000004	10	ligand_barriers_JOB_10.txt	"PV-007137187760	1	31.050000000000004"
PV-007137187761	30.767700000000005	10	ligand_barriers_JOB_10.txt	"PV-007137187761	1	30.767700000000005"
PV-007137332905	25.885200000004648	10	ligand_barriers_JOB_10.txt	"PV-007137332905	1	25.885200000004648"
PV-007137744916	29.358899999995536	10	ligand_barriers_JOB_10.txt	"PV-007137744916	1	29.358899999995536"
PV-007137830200	29.4298	10	ligand_barriers_JOB_10.txt	"PV-007137830200	1	29.4298"
PV-007138100164	29.028099999994975	10	ligand_barriers_JOB_10.txt	"PV-007138100164	1	29.028099999994975"
PV-007138246946	31.322500000002428	10	ligand_barriers_JOB_10.txt	"PV-007138246946	1	31.322500000002428"
PV-007138477935	25.854099999999995	10	ligand_barriers_JOB_10.txt	"PV-007138477935	1	25.854099999999995"
PV-007138686666	30.9216000000017	10	ligand_barriers_JOB_10.txt	"PV-007138686666	1	30.9216000000017"
PV-007138933547	27.50560000001248	10	ligand_barriers_JOB_10.txt	"PV-007138933547	1	27.50560000001248"
PV-007139011994	30.372700000002993	10	ligand_barriers_JOB_10.txt	"PV-007139011994	1	30.372700000002993"
PV-007139011995	26.26339999999216	10	ligand_barriers_JOB_10.txt	"PV-007139011995	1	26.26339999999216"
PV-007139011996	27.312400000000004	10	ligand_barriers_JOB_10.txt	"PV-007139011996	1	27.312400000000004"
PV-007139011997	29.06120000000203	10	ligand_barriers_JOB_10.txt	"PV-007139011997	1	29.06120000000203"
PV-007139405130	29.509700000000002	10	ligand_barriers_JOB_10.txt	"PV-007139405130	1	29.509700000000002"
PV-007139405131	29.427099999997022	10	ligand_barriers_JOB_10.txt	"PV-007139405131	1	29.427099999997022"
PV-007139405132	31.199099999998513	10	ligand_barriers_JOB_10.txt	"PV-007139405132	1	31.199099999998513"
PV-007139507485	30.677500000001483	10	ligand_barriers_JOB_10.txt	"PV-007139507485	1	30.677500000001483"
PV-007139584015	26.15519999999833	10	ligand_barriers_JOB_10.txt	"PV-007139584015	1	26.15519999999833"
PV-007139598812	31.02649999998716	10	ligand_barriers_JOB_10.txt	"PV-007139598812	1	31.02649999998716"
PV-007139837299	26.01589999999479	10	ligand_barriers_JOB_10.txt	"PV-007139837299	1	26.01589999999479"
PV-007139865136	27.13730000000054	10	ligand_barriers_JOB_10.txt	"PV-007139865136	1	27.13730000000054"
PV-007140213205	31.947900000003365	10	ligand_barriers_JOB_10.txt	"PV-007140213205	1	31.947900000003365"
PV-007140252997	29.591999999998322	10	ligand_barriers_JOB_10.txt	"PV-007140252997	1	29.591999999998322"
PV-007140355559	27.914500000001485	10	ligand_barriers_JOB_10.txt	"PV-007140355559	1	27.914500000001485"
PV-007140397917	26.16399999999888	10	ligand_barriers_JOB_10.txt	"PV-007140397917	1	26.16399999999888"
PV-006981677202	26.0519999999836	2	ligand_barriers_JOB_2.txt	"PV-006981677202	1	26.0519999999836"
PV-006981978667	29.537700000001486	2	ligand_barriers_JOB_2.txt	"PV-006981978667	1	29.537700000001486"
PV-006982323467	26.875199999997573	2	ligand_barriers_JOB_2.txt	"PV-006982323467	1	26.875199999997573"
PV-006982441209	29.382699999997758	2	ligand_barriers_JOB_2.txt	"PV-006982441209	1	29.382699999997758"
PV-006982509177	26.758600000004837	2	ligand_barriers_JOB_2.txt	"PV-006982509177	1	26.758600000004837"
PV-006982536816	30.858599999997214	2	ligand_barriers_JOB_2.txt	"PV-006982536816	1	30.858599999997214"
PV-006982558430	30.0236	2	ligand_barriers_JOB_2.txt	"PV-006982558430	1	30.0236"
PV-006982630415	27.716700000007446	2	ligand_barriers_JOB_2.txt	"PV-006982630415	1	27.716700000007446"
PV-006982769878	26.367499999997023	2	ligand_barriers_JOB_2.txt	"PV-006982769878	1	26.367499999997023"
PV-006982909987	26.736499999999623	2	ligand_barriers_JOB_2.txt	"PV-006982909987	1	26.736499999999623"
PV-006983648551	31.575900000001504	2	ligand_barriers_JOB_2.txt	"PV-006983648551	1	31.575900000001504"
PV-006983795721	32.07860000000002	2	ligand_barriers_JOB_2.txt	"PV-006983795721	1	32.07860000000002"
PV-006983863322	31.30800000000002	2	ligand_barriers_JOB_2.txt	"PV-006983863322	1	31.30800000000002"
PV-006984242773	29.665899999996203	2	ligand_barriers_JOB_2.txt	"PV-006984242773	1	29.665899999996203"
PV-006984287628	30.195199999995904	2	ligand_barriers_JOB_2.txt	"PV-006984287628	1	30.195199999995904"
PV-006984314333	29.779499999995515	2	ligand_barriers_JOB_2.txt	"PV-006984314333	1	29.779499999995515"
PV-006984456905	30.10180000000111	2	ligand_barriers_JOB_2.txt	"PV-006984456905	1	30.10180000000111"
PV-006984542239	28.93220000000726	2	ligand_barriers_JOB_2.txt	"PV-006984542239	1	28.93220000000726"
PV-006984700744	31.06110000000002	2	ligand_barriers_JOB_2.txt	"PV-006984700744	1	31.06110000000002"
PV-006984786678	28.540200000004088	2	ligand_barriers_JOB_2.txt	"PV-006984786678	1	28.540200000004088"
PV-006984937517	29.72830000000262	2	ligand_barriers_JOB_2.txt	"PV-006984937517	1	29.72830000000262"
PV-006984943488	29.084399999997007	2	ligand_barriers_JOB_2.txt	"PV-006984943488	1	29.084399999997007"
PV-006985169073	30.36700000000018	2	ligand_barriers_JOB_2.txt	"PV-006985169073	1	30.36700000000018"
PV-006985482968	26.7254999999877	2	ligand_barriers_JOB_2.txt	"PV-006985482968	1	26.7254999999877"
PV-006986002422	28.804800000000558	2	ligand_barriers_JOB_2.txt	"PV-006986002422	1	28.804800000000558"
PV-006986134796	30.98100000000392	2	ligand_barriers_JOB_2.txt	"PV-006986134796	1	30.98100000000392"
PV-006986147391	28.818300000007635	2	ligand_barriers_JOB_2.txt	"PV-006986147391	1	28.818300000007635"
PV-006986301326	27.214300000001113	2	ligand_barriers_JOB_2.txt	"PV-006986301326	1	27.214300000001113"
PV-006986382438	32.71790000000001	2	ligand_barriers_JOB_2.txt	"PV-006986382438	1	32.71790000000001"
PV-006986644190	29.639399999998513	2	ligand_barriers_JOB_2.txt	"PV-006986644190	1	29.639399999998513"
PV-006986719995	30.208000000004844	2	ligand_barriers_JOB_2.txt	"PV-006986719995	1	30.208000000004844"
PV-006986779861	26.89850000000502	2	ligand_barriers_JOB_2.txt	"PV-006986779861	1	26.89850000000502"
PV-006987179798	30.152000000000008	2	ligand_barriers_JOB_2.txt	"PV-006987179798	1	30.152000000000008"
PV-006987201064	26.20320000000083	2	ligand_barriers_JOB_2.txt	"PV-006987201064	1	26.20320000000083"
PV-006987446946	26.348300000005583	2	ligand_barriers_JOB_2.txt	"PV-006987446946	1	26.348300000005583"
PV-006987446947	27.150600000010243	2	ligand_barriers_JOB_2.txt	"PV-006987446947	1	27.150600000010243"
PV-006987636315	28.710699999999996	2	ligand_barriers_JOB_2.txt	"PV-006987636315	1	28.710699999999996"
PV-006987776064	26.572500000008745	2	ligand_barriers_JOB_2.txt	"PV-006987776064	1	26.572500000008745"
PV-006988039719	28.99930000000011	2	ligand_barriers_JOB_2.txt	"PV-006988039719	1	28.99930000000011"
PV-006988235667	30.27470000000001	2	ligand_barriers_JOB_2.txt	"PV-006988235667	1	30.27470000000001"
PV-006988413280	28.894300000000563	2	ligand_barriers_JOB_2.txt	"PV-006988413280	1	28.894300000000563"
PV-006988421381	29.375499999997395	2	ligand_barriers_JOB_2.txt	"PV-006988421381	1	29.375499999997395"
PV-006988566105	27.832699999996276	2	ligand_barriers_JOB_2.txt	"PV-006988566105	1	27.832699999996276"
PV-006988803184	30.99470000000317	2	ligand_barriers_JOB_2.txt	"PV-006988803184	1	30.99470000000317"
PV-006988995411	30.816100000002436	2	ligand_barriers_JOB_2.txt	"PV-006988995411	1	30.816100000002436"
PV-006989112601	26.613400000013034	2	ligand_barriers_JOB_2.txt	"PV-006989112601	1	26.613400000013034"
PV-006989501339	30.60949999998789	2	ligand_barriers_JOB_2.txt	"PV-006989501339	1	30.60949999998789"
PV-006989606154	30.445199999990695	2	ligand_barriers_JOB_2.txt	"PV-006989606154	1	30.445199999990695"
PV-006990197081	29.22979999999982	2	ligand_barriers_JOB_2.txt	"PV-006990197081	1	29.22979999999982"
PV-006990219799	26.35619999999962	2	ligand_barriers_JOB_2.txt	"PV-006990219799	1	26.35619999999962"
PV-006990306904	28.729100000002614	2	ligand_barriers_JOB_2.txt	"PV-006990306904	1	28.729100000002614"
PV-006990365270	30.0034999999972	2	ligand_barriers_JOB_2.txt	"PV-006990365270	1	30.0034999999972"
PV-006990660372	29.745300000002047	2	ligand_barriers_JOB_2.txt	"PV-006990660372	1	29.745300000002047"
PV-006990686306	26.090399999996198	2	ligand_barriers_JOB_2.txt	"PV-006990686306	1	26.090399999996198"
PV-006990813178	30.31709999999181	2	ligand_barriers_JOB_2.txt	"PV-006990813178	1	30.31709999999181"
PV-006991184769	30.058199999998706	2	ligand_barriers_JOB_2.txt	"PV-006991184769	1	30.058199999998706"
PV-006991569599	29.088900000005587	2	ligand_barriers_JOB_2.txt	"PV-006991569599	1	29.088900000005587"
PV-006991628697	30.48440000000224	2	ligand_barriers_JOB_2.txt	"PV-006991628697	1	30.48440000000224"
PV-006991811699	29.477300000000927	2	ligand_barriers_JOB_2.txt	"PV-006991811699	1	29.477300000000927"
PV-006991811700	27.630100000007722	2	ligand_barriers_JOB_2.txt	"PV-006991811700	1	27.630100000007722"
PV-006991811701	30.977500000002795	2	ligand_barriers_JOB_2.txt	"PV-006991811701	1	30.977500000002795"
PV-006991901293	31.261600000000023	2	ligand_barriers_JOB_2.txt	"PV-006991901293	1	31.261600000000023"
PV-006992902321	30.752400000001312	2	ligand_barriers_JOB_2.txt	"PV-006992902321	1	30.752400000001312"
PV-006992902322	26.523600000002777	2	ligand_barriers_JOB_2.txt	"PV-006992902322	1	26.523600000002777"
PV-006993150133	31.005300000000762	2	ligand_barriers_JOB_2.txt	"PV-006993150133	1	31.005300000000762"
PV-006993335280	25.982199999995796	2	ligand_barriers_JOB_2.txt	"PV-006993335280	1	25.982199999995796"
PV-006993370725	26.05669999999943	2	ligand_barriers_JOB_2.txt	"PV-006993370725	1	26.05669999999943"
PV-006993668965	26.853799999995896	2	ligand_barriers_JOB_2.txt	"PV-006993668965	1	26.853799999995896"
PV-006993855732	30.19979999999125	2	ligand_barriers_JOB_2.txt	"PV-006993855732	1	30.19979999999125"
PV-006993933015	27.012300000007432	2	ligand_barriers_JOB_2.txt	"PV-006993933015	1	27.012300000007432"
PV-006993993977	31.407600000000016	2	ligand_barriers_JOB_2.txt	"PV-006993993977	1	31.407600000000016"
PV-006994378037	29.309499999996078	2	ligand_barriers_JOB_2.txt	"PV-006994378037	1	29.309499999996078"
PV-006994378038	30.61950000000354	2	ligand_barriers_JOB_2.txt	"PV-006994378038	1	30.61950000000354"
PV-006994936032	26.12939999999042	2	ligand_barriers_JOB_2.txt	"PV-006994936032	1	26.12939999999042"
PV-006995353267	30.331700000002247	2	ligand_barriers_JOB_2.txt	"PV-006995353267	1	30.331700000002247"
PV-006995718787	32.55719999998844	2	ligand_barriers_JOB_2.txt	"PV-006995718787	1	32.55719999998844"
PV-006995731992	28.571399999999052	2	ligand_barriers_JOB_2.txt	"PV-006995731992	1	28.571399999999052"
PV-006995915935	28.960200000000746	2	ligand_barriers_JOB_2.txt	"PV-006995915935	1	28.960200000000746"
PV-006996087863	28.97030000000672	2	ligand_barriers_JOB_2.txt	"PV-006996087863	1	28.97030000000672"
PV-006996219369	26.87450000000986	2	ligand_barriers_JOB_2.txt	"PV-006996219369	1	26.87450000000986"
PV-006996528565	26.853500000008374	2	ligand_barriers_JOB_2.txt	"PV-006996528565	1	26.853500000008374"
PV-006996528566	29.37689999999813	2	ligand_barriers_JOB_2.txt	"PV-006996528566	1	29.37689999999813"
PV-006996528567	29.31000000000001	2	ligand_barriers_JOB_2.txt	"PV-006996528567	1	29.31000000000001"
PV-006996562959	29.712099999996088	2	ligand_barriers_JOB_2.txt	"PV-006996562959	1	29.712099999996088"
PV-006996639455	25.935800000005024	2	ligand_barriers_JOB_2.txt	"PV-006996639455	1	25.935800000005024"
PV-006996685658	29.05510000001136	2	ligand_barriers_JOB_2.txt	"PV-006996685658	1	29.05510000001136"
PV-006996878953	29.465800000003536	2	ligand_barriers_JOB_2.txt	"PV-006996878953	1	29.465800000003536"
PV-006997548907	26.352400000013034	2	ligand_barriers_JOB_2.txt	"PV-006997548907	1	26.352400000013034"
PV-006997597789	30.24300000000168	2	ligand_barriers_JOB_2.txt	"PV-006997597789	1	30.24300000000168"
PV-006997652132	31.146500000000565	2	ligand_barriers_JOB_2.txt	"PV-006997652132	1	31.146500000000565"
PV-006997917389	30.20230000000261	2	ligand_barriers_JOB_2.txt	"PV-006997917389	1	30.20230000000261"
PV-006998126350	30.36869999999703	2	ligand_barriers_JOB_2.txt	"PV-006998126350	1	30.36869999999703"
PV-006998163857	30.896299999999986	2	ligand_barriers_JOB_2.txt	"PV-006998163857	1	30.896299999999986"
PV-006998260654	29.96109999999515	2	ligand_barriers_JOB_2.txt	"PV-006998260654	1	29.96109999999515"
PV-006998491339	29.049600000004087	2	ligand_barriers_JOB_2.txt	"PV-006998491339	1	29.049600000004087"
PV-006998915964	29.297699999995153	2	ligand_barriers_JOB_2.txt	"PV-006998915964	1	29.297699999995153"
PV-007000046508	25.43230000000885	2	ligand_barriers_JOB_2.txt	"PV-007000046508	1	25.43230000000885"
PV-007000171752	27.601399999996843	2	ligand_barriers_JOB_2.txt	"PV-007000171752	1	27.601399999996843"
PV-007000197533	28.78650000000166	2	ligand_barriers_JOB_2.txt	"PV-007000197533	1	28.78650000000166"
PV-007000230466	25.571300000008378	2	ligand_barriers_JOB_2.txt	"PV-007000230466	1	25.571300000008378"
PV-007000338451	29.643500000000557	3	ligand_barriers_JOB_3.txt	"PV-007000338451	1	29.643500000000557"
PV-007000338452	31.629900000003918	3	ligand_barriers_JOB_3.txt	"PV-007000338452	1	31.629900000003918"
PV-007000703813	30.6816000000013	3	ligand_barriers_JOB_3.txt	"PV-007000703813	1	30.6816000000013"
PV-007000901185	31.28580000000037	3	ligand_barriers_JOB_3.txt	"PV-007000901185	1	31.28580000000037"
PV-007000999295	30.78279999999292	3	ligand_barriers_JOB_3.txt	"PV-007000999295	1	30.78279999999292"
PV-007001006011	29.54529999999553	3	ligand_barriers_JOB_3.txt	"PV-007001006011	1	29.54529999999553"
PV-007001147449	29.43839999999777	3	ligand_barriers_JOB_3.txt	"PV-007001147449	1	29.43839999999777"
PV-007001157439	29.9180999999974	3	ligand_barriers_JOB_3.txt	"PV-007001157439	1	29.9180999999974"
PV-007001271373	28.292699999997204	3	ligand_barriers_JOB_3.txt	"PV-007001271373	1	28.292699999997204"
PV-007001428241	30.395499999996638	3	ligand_barriers_JOB_3.txt	"PV-007001428241	1	30.395499999996638"
PV-007002572908	29.823399999999072	3	ligand_barriers_JOB_3.txt	"PV-007002572908	1	29.823399999999072"
PV-007002863334	30.96150000000169	3	ligand_barriers_JOB_3.txt	"PV-007002863334	1	30.96150000000169"
PV-007002882951	29.180200000002795	3	ligand_barriers_JOB_3.txt	"PV-007002882951	1	29.180200000002795"
PV-007003213949	30.06289999999348	3	ligand_barriers_JOB_3.txt	"PV-007003213949	1	30.06289999999348"
PV-007003321261	28.83269999999441	3	ligand_barriers_JOB_3.txt	"PV-007003321261	1	28.83269999999441"
PV-007003396856	25.694999999993097	3	ligand_barriers_JOB_3.txt	"PV-007003396856	1	25.694999999993097"
PV-007003463865	28.820500000000003	3	ligand_barriers_JOB_3.txt	"PV-007003463865	1	28.820500000000003"
PV-007003750414	29.873200000007078	3	ligand_barriers_JOB_3.txt	"PV-007003750414	1	29.873200000007078"
PV-007003816935	26.54399999998881	3	ligand_barriers_JOB_3.txt	"PV-007003816935	1	26.54399999998881"
PV-007003835268	27.0047999999987	3	ligand_barriers_JOB_3.txt	"PV-007003835268	1	27.0047999999987"
PV-007004179619	29.27519999999944	3	ligand_barriers_JOB_3.txt	"PV-007004179619	1	29.27519999999944"
PV-007004365562	29.450900000004108	3	ligand_barriers_JOB_3.txt	"PV-007004365562	1	29.450900000004108"
PV-007004637323	27.466599999998607	3	ligand_barriers_JOB_3.txt	"PV-007004637323	1	27.466599999998607"
PV-007005124718	31.54540000000206	3	ligand_barriers_JOB_3.txt	"PV-007005124718	1	31.54540000000206"
PV-007005140873	29.190500000005763	3	ligand_barriers_JOB_3.txt	"PV-007005140873	1	29.190500000005763"
PV-007005483570	31.381299999999637	3	ligand_barriers_JOB_3.txt	"PV-007005483570	1	31.381299999999637"
PV-007005508821	29.440499999997755	3	ligand_barriers_JOB_3.txt	"PV-007005508821	1	29.440499999997755"
PV-007005550947	30.230599999997203	3	ligand_barriers_JOB_3.txt	"PV-007005550947	1	30.230599999997203"
PV-007005623249	29.7670999999892	3	ligand_barriers_JOB_3.txt	"PV-007005623249	1	29.7670999999892"
PV-007005681373	31.18899999999703	3	ligand_barriers_JOB_3.txt	"PV-007005681373	1	31.18899999999703"
PV-007006967484	27.534299999991234	3	ligand_barriers_JOB_3.txt	"PV-007006967484	1	27.534299999991234"
PV-007007242917	26.887500000015642	3	ligand_barriers_JOB_3.txt	"PV-007007242917	1	26.887500000015642"
PV-007007271474	25.821999999995136	3	ligand_barriers_JOB_3.txt	"PV-007007271474	1	25.821999999995136"
PV-007007311363	26.33550000000344	3	ligand_barriers_JOB_3.txt	"PV-007007311363	1	26.33550000000344"
PV-007007326439	30.786599999999993	3	ligand_barriers_JOB_3.txt	"PV-007007326439	1	30.786599999999993"
PV-007007326440	28.867500000002227	3	ligand_barriers_JOB_3.txt	"PV-007007326440	1	28.867500000002227"
PV-007007855014	26.694200000001587	3	ligand_barriers_JOB_3.txt	"PV-007007855014	1	26.694200000001587"
PV-007007907444	30.683299999998685	3	ligand_barriers_JOB_3.txt	"PV-007007907444	1	30.683299999998685"
PV-007007927606	29.430999999999813	3	ligand_barriers_JOB_3.txt	"PV-007007927606	1	29.430999999999813"
PV-007007927607	31.786000000005032	3	ligand_barriers_JOB_3.txt	"PV-007007927607	1	31.786000000005032"
PV-007007927608	28.44870000000316	3	ligand_barriers_JOB_3.txt	"PV-007007927608	1	28.44870000000316"
PV-007007927609	25.744999999994025	3	ligand_barriers_JOB_3.txt	"PV-007007927609	1	25.744999999994025"
PV-007007927610	29.90750000000055	3	ligand_barriers_JOB_3.txt	"PV-007007927610	1	29.90750000000055"
PV-007007927611	29.501999999998258	3	ligand_barriers_JOB_3.txt	"PV-007007927611	1	29.501999999998258"
PV-007008085188	28.084900000006975	3	ligand_barriers_JOB_3.txt	"PV-007008085188	1	28.084900000006975"
PV-007008173204	28.7826000000041	3	ligand_barriers_JOB_3.txt	"PV-007008173204	1	28.7826000000041"
PV-007008640304	31.40330000000205	3	ligand_barriers_JOB_3.txt	"PV-007008640304	1	31.40330000000205"
PV-007008640305	30.245999999988282	3	ligand_barriers_JOB_3.txt	"PV-007008640305	1	30.245999999988282"
PV-007008707028	28.389499999997014	3	ligand_barriers_JOB_3.txt	"PV-007008707028	1	28.389499999997014"
PV-007008729703	31.13539999999757	3	ligand_barriers_JOB_3.txt	"PV-007008729703	1	31.13539999999757"
PV-007008790869	29.70239999999628	3	ligand_barriers_JOB_3.txt	"PV-007008790869	1	29.70239999999628"
PV-007009203647	30.551399999997578	3	ligand_barriers_JOB_3.txt	"PV-007009203647	1	30.551399999997578"
PV-007009706902	28.752600000002793	3	ligand_barriers_JOB_3.txt	"PV-007009706902	1	28.752600000002793"
PV-007010164764	26.197899999999066	3	ligand_barriers_JOB_3.txt	"PV-007010164764	1	26.197899999999066"
PV-007010349615	29.58310000001061	3	ligand_barriers_JOB_3.txt	"PV-007010349615	1	29.58310000001061"
PV-007010528278	30.88490000000763	3	ligand_barriers_JOB_3.txt	"PV-007010528278	1	30.88490000000763"
PV-007010850612	26.1870999999957	3	ligand_barriers_JOB_3.txt	"PV-007010850612	1	26.1870999999957"
PV-007011224339	30.585900000002983	3	ligand_barriers_JOB_3.txt	"PV-007011224339	1	30.585900000002983"
PV-007011449007	31.083399999997958	3	ligand_barriers_JOB_3.txt	"PV-007011449007	1	31.083399999997958"
PV-007011556473	30.669000000001496	3	ligand_barriers_JOB_3.txt	"PV-007011556473	1	30.669000000001496"
PV-007011850242	25.617600000005577	3	ligand_barriers_JOB_3.txt	"PV-007011850242	1	25.617600000005577"
PV-007011919519	30.536900000003353	3	ligand_barriers_JOB_3.txt	"PV-007011919519	1	30.536900000003353"
PV-007011919520	29.861099999994032	3	ligand_barriers_JOB_3.txt	"PV-007011919520	1	29.861099999994032"
PV-007011919521	29.811500000002415	3	ligand_barriers_JOB_3.txt	"PV-007011919521	1	29.811500000002415"
PV-007011968346	26.617999999999178	3	ligand_barriers_JOB_3.txt	"PV-007011968346	1	26.617999999999178"
PV-007012233657	28.83990000000279	3	ligand_barriers_JOB_3.txt	"PV-007012233657	1	28.83990000000279"
PV-007012286721	26.937699999993875	3	ligand_barriers_JOB_3.txt	"PV-007012286721	1	26.937699999993875"
PV-007013203517	27.749999999997737	3	ligand_barriers_JOB_3.txt	"PV-007013203517	1	27.749999999997737"
PV-007013218632	30.925300000000757	3	ligand_barriers_JOB_3.txt	"PV-007013218632	1	30.925300000000757"
PV-007013692812	29.851399999998897	3	ligand_barriers_JOB_3.txt	"PV-007013692812	1	29.851399999998897"
PV-007013958723	30.511600000004492	3	ligand_barriers_JOB_3.txt	"PV-007013958723	1	30.511600000004492"
PV-007013998938	27.760200000004637	3	ligand_barriers_JOB_3.txt	"PV-007013998938	1	27.760200000004637"
PV-007014013583	25.247999999997578	3	ligand_barriers_JOB_3.txt	"PV-007014013583	1	25.247999999997578"
PV-007014166617	30.22640000000522	3	ligand_barriers_JOB_3.txt	"PV-007014166617	1	30.22640000000522"
PV-007014268944	29.478999999997036	3	ligand_barriers_JOB_3.txt	"PV-007014268944	1	29.478999999997036"
PV-007014749420	26.30879999998696	3	ligand_barriers_JOB_3.txt	"PV-007014749420	1	26.30879999998696"
PV-007014904967	29.48310000000298	3	ligand_barriers_JOB_3.txt	"PV-007014904967	1	29.48310000000298"
PV-007015346058	29.307000000000002	3	ligand_barriers_JOB_3.txt	"PV-007015346058	1	29.307000000000002"
PV-007015396377	30.4220999999948	3	ligand_barriers_JOB_3.txt	"PV-007015396377	1	30.4220999999948"
PV-007015401169	30.768300000002604	3	ligand_barriers_JOB_3.txt	"PV-007015401169	1	30.768300000002604"
PV-007015533743	29.331700000004084	3	ligand_barriers_JOB_3.txt	"PV-007015533743	1	29.331700000004084"
PV-007015533744	28.64980000000168	3	ligand_barriers_JOB_3.txt	"PV-007015533744	1	28.64980000000168"
PV-007015533745	28.982300000002034	3	ligand_barriers_JOB_3.txt	"PV-007015533745	1	28.982300000002034"
PV-007016747547	30.409199999998886	3	ligand_barriers_JOB_3.txt	"PV-007016747547	1	30.409199999998886"
PV-007017732706	28.68649999999944	3	ligand_barriers_JOB_3.txt	"PV-007017732706	1	28.68649999999944"
PV-007017963780	29.70160000000038	3	ligand_barriers_JOB_3.txt	"PV-007017963780	1	29.70160000000038"
PV-007018233805	29.110900000000377	3	ligand_barriers_JOB_3.txt	"PV-007018233805	1	29.110900000000377"
PV-007018476775	30.202400000000747	3	ligand_barriers_JOB_3.txt	"PV-007018476775	1	30.202400000000747"
PV-007018945918	29.652500000002238	3	ligand_barriers_JOB_3.txt	"PV-007018945918	1	29.652500000002238"
PV-007019469377	29.315999999994602	3	ligand_barriers_JOB_3.txt	"PV-007019469377	1	29.315999999994602"
PV-007019758676	29.387900000000194	3	ligand_barriers_JOB_3.txt	"PV-007019758676	1	29.387900000000194"
PV-007019822507	28.088800000001665	3	ligand_barriers_JOB_3.txt	"PV-007019822507	1	28.088800000001665"
PV-007019998671	26.122899999992338	3	ligand_barriers_JOB_3.txt	"PV-007019998671	1	26.122899999992338"
PV-007020058025	30.002999999995886	3	ligand_barriers_JOB_3.txt	"PV-007020058025	1	30.002999999995886"
PV-007020336785	29.712200000007638	3	ligand_barriers_JOB_3.txt	"PV-007020336785	1	29.712200000007638"
PV-007020534720	31.156699999988245	3	ligand_barriers_JOB_3.txt	"PV-007020534720	1	31.156699999988245"
PV-007020819665	29.58039999999497	3	ligand_barriers_JOB_3.txt	"PV-007020819665	1	29.58039999999497"
PV-007021127905	32.19609999999107	3	ligand_barriers_JOB_3.txt	"PV-007021127905	1	32.19609999999107"
PV-007021185757	30.054699999997393	3	ligand_barriers_JOB_3.txt	"PV-007021185757	1	30.054699999997393"
PV-007021284446	29.375099999997403	4	ligand_barriers_JOB_4.txt	"PV-007021284446	1	29.375099999997403"
PV-007021284447	29.904600000002606	4	ligand_barriers_JOB_4.txt	"PV-007021284447	1	29.904600000002606"
PV-007021284448	31.157600000004663	4	ligand_barriers_JOB_4.txt	"PV-007021284448	1	31.157600000004663"
PV-007021644289	26.607500000006713	4	ligand_barriers_JOB_4.txt	"PV-007021644289	1	26.607500000006713"
PV-007021981889	26.78419999999646	4	ligand_barriers_JOB_4.txt	"PV-007021981889	1	26.78419999999646"
PV-007022027368	29.298100000001117	4	ligand_barriers_JOB_4.txt	"PV-007022027368	1	29.298100000001117"
PV-007022027369	29.440000000000374	4	ligand_barriers_JOB_4.txt	"PV-007022027369	1	29.440000000000374"
PV-007022153573	29.58690000000112	4	ligand_barriers_JOB_4.txt	"PV-007022153573	1	29.58690000000112"
PV-007022163566	30.8612	4	ligand_barriers_JOB_4.txt	"PV-007022163566	1	30.8612"
PV-007022502733	26.57300000000969	4	ligand_barriers_JOB_4.txt	"PV-007022502733	1	26.57300000000969"
PV-007022517804	30.75679999998957	4	ligand_barriers_JOB_4.txt	"PV-007022517804	1	30.75679999998957"
PV-007022618833	31.70590000000206	4	ligand_barriers_JOB_4.txt	"PV-007022618833	1	31.70590000000206"
PV-007022776145	30.8833	4	ligand_barriers_JOB_4.txt	"PV-007022776145	1	30.8833"
PV-007022926668	28.486300000007446	4	ligand_barriers_JOB_4.txt	"PV-007022926668	1	28.486300000007446"
PV-007023441375	27.825499999997405	4	ligand_barriers_JOB_4.txt	"PV-007023441375	1	27.825499999997405"
PV-007023498483	28.632500000004097	4	ligand_barriers_JOB_4.txt	"PV-007023498483	1	28.632500000004097"
PV-007023667401	31.48100000000168	4	ligand_barriers_JOB_4.txt	"PV-007023667401	1	31.48100000000168"
PV-007024512970	29.197200000005214	4	ligand_barriers_JOB_4.txt	"PV-007024512970	1	29.197200000005214"
PV-007024726661	29.51999999999366	4	ligand_barriers_JOB_4.txt	"PV-007024726661	1	29.51999999999366"
PV-007024793573	26.313400000001664	4	ligand_barriers_JOB_4.txt	"PV-007024793573	1	26.313400000001664"
PV-007024953289	27.401800000002236	4	ligand_barriers_JOB_4.txt	"PV-007024953289	1	27.401800000002236"
PV-007024953290	30.30599999999517	4	ligand_barriers_JOB_4.txt	"PV-007024953290	1	30.30599999999517"
PV-007024953291	27.810699999999823	4	ligand_barriers_JOB_4.txt	"PV-007024953291	1	27.810699999999823"
PV-007024953292	31.572099999995736	4	ligand_barriers_JOB_4.txt	"PV-007024953292	1	31.572099999995736"
PV-007024955686	26.661500000001297	4	ligand_barriers_JOB_4.txt	"PV-007024955686	1	26.661500000001297"
PV-007025261976	30.120100000001294	4	ligand_barriers_JOB_4.txt	"PV-007025261976	1	30.120100000001294"
PV-007025548546	29.149900000010433	4	ligand_barriers_JOB_4.txt	"PV-007025548546	1	29.149900000010433"
PV-007025775398	28.477000000006882	4	ligand_barriers_JOB_4.txt	"PV-007025775398	1	28.477000000006882"
PV-007026080056	25.897499999983232	4	ligand_barriers_JOB_4.txt	"PV-007026080056	1	25.897499999983232"
PV-007026651178	30.666700000002788	4	ligand_barriers_JOB_4.txt	"PV-007026651178	1	30.666700000002788"
PV-007026764713	26.755699999997564	4	ligand_barriers_JOB_4.txt	"PV-007026764713	1	26.755699999997564"
PV-007027272396	27.876700000000177	4	ligand_barriers_JOB_4.txt	"PV-007027272396	1	27.876700000000177"
PV-007027472584	25.981700000004825	4	ligand_barriers_JOB_4.txt	"PV-007027472584	1	25.981700000004825"
PV-007027612391	31.861499999989743	4	ligand_barriers_JOB_4.txt	"PV-007027612391	1	31.861499999989743"
PV-007027766754	31.35470000000037	4	ligand_barriers_JOB_4.txt	"PV-007027766754	1	31.35470000000037"
PV-007028021258	29.512500000002607	4	ligand_barriers_JOB_4.txt	"PV-007028021258	1	29.512500000002607"
PV-007028175567	28.12609999999924	4	ligand_barriers_JOB_4.txt	"PV-007028175567	1	28.12609999999924"
PV-007028231556	31.136800000001323	4	ligand_barriers_JOB_4.txt	"PV-007028231556	1	31.136800000001323"
PV-007028249632	26.673600000002608	4	ligand_barriers_JOB_4.txt	"PV-007028249632	1	26.673600000002608"
PV-007028317828	29.22799999999849	4	ligand_barriers_JOB_4.txt	"PV-007028317828	1	29.22799999999849"
PV-007028548689	31.184499999999264	4	ligand_barriers_JOB_4.txt	"PV-007028548689	1	31.184499999999264"
PV-007028551874	30.58039999999999	4	ligand_barriers_JOB_4.txt	"PV-007028551874	1	30.58039999999999"
PV-007028625317	28.000199999999072	4	ligand_barriers_JOB_4.txt	"PV-007028625317	1	28.000199999999072"
PV-007028642945	31.09019999999497	4	ligand_barriers_JOB_4.txt	"PV-007028642945	1	31.09019999999497"
PV-007028663972	31.766800000002608	4	ligand_barriers_JOB_4.txt	"PV-007028663972	1	31.766800000002608"
PV-007028732437	28.924900000009508	4	ligand_barriers_JOB_4.txt	"PV-007028732437	1	28.924900000009508"
PV-007028908596	31.07429999999833	4	ligand_barriers_JOB_4.txt	"PV-007028908596	1	31.07429999999833"
PV-007029171535	30.7441999999987	4	ligand_barriers_JOB_4.txt	"PV-007029171535	1	30.7441999999987"
PV-007029251107	30.577999999996656	4	ligand_barriers_JOB_4.txt	"PV-007029251107	1	30.577999999996656"
PV-007029253016	26.97249999999906	4	ligand_barriers_JOB_4.txt	"PV-007029253016	1	26.97249999999906"
PV-007029398740	29.742499999998895	4	ligand_barriers_JOB_4.txt	"PV-007029398740	1	29.742499999998895"
PV-007029588137	29.934799999997395	4	ligand_barriers_JOB_4.txt	"PV-007029588137	1	29.934799999997395"
PV-007030448111	29.5075000000026	4	ligand_barriers_JOB_4.txt	"PV-007030448111	1	29.5075000000026"
PV-007030457526	28.03300000000615	4	ligand_barriers_JOB_4.txt	"PV-007030457526	1	28.03300000000615"
PV-007030745918	30.791300000000014	4	ligand_barriers_JOB_4.txt	"PV-007030745918	1	30.791300000000014"
PV-007031299222	26.64950000000185	4	ligand_barriers_JOB_4.txt	"PV-007031299222	1	26.64950000000185"
PV-007031303115	29.571700000004476	4	ligand_barriers_JOB_4.txt	"PV-007031303115	1	29.571700000004476"
PV-007031753818	30.848699999995166	4	ligand_barriers_JOB_4.txt	"PV-007031753818	1	30.848699999995166"
PV-007032617229	30.98589999999963	4	ligand_barriers_JOB_4.txt	"PV-007032617229	1	30.98589999999963"
PV-007032699701	27.03720000000205	4	ligand_barriers_JOB_4.txt	"PV-007032699701	1	27.03720000000205"
PV-007032699702	30.882599999994596	4	ligand_barriers_JOB_4.txt	"PV-007032699702	1	30.882599999994596"
PV-007032991436	26.290899999993773	4	ligand_barriers_JOB_4.txt	"PV-007032991436	1	26.290899999993773"
PV-007033007074	26.3951	4	ligand_barriers_JOB_4.txt	"PV-007033007074	1	26.3951"
PV-007033106987	28.356799999994614	4	ligand_barriers_JOB_4.txt	"PV-007033106987	1	28.356799999994614"
PV-007033270650	29.852500000002625	4	ligand_barriers_JOB_4.txt	"PV-007033270650	1	29.852500000002625"
PV-007033393907	26.425600000008	4	ligand_barriers_JOB_4.txt	"PV-007033393907	1	26.425600000008"
PV-007033411586	26.602400000008103	4	ligand_barriers_JOB_4.txt	"PV-007033411586	1	26.602400000008103"
PV-007034086931	29.832399999995165	4	ligand_barriers_JOB_4.txt	"PV-007034086931	1	29.832399999995165"
PV-007034568410	27.957999999997572	4	ligand_barriers_JOB_4.txt	"PV-007034568410	1	27.957999999997572"
PV-007034629948	30.06579999999553	4	ligand_barriers_JOB_4.txt	"PV-007034629948	1	30.06579999999553"
PV-007034755340	30.757500000001688	4	ligand_barriers_JOB_4.txt	"PV-007034755340	1	30.757500000001688"
PV-007035082232	29.251100000005582	4	ligand_barriers_JOB_4.txt	"PV-007035082232	1	29.251100000005582"
PV-007035264592	29.355800000003665	4	ligand_barriers_JOB_4.txt	"PV-007035264592	1	29.355800000003665"
PV-007035338405	30.074999999999996	4	ligand_barriers_JOB_4.txt	"PV-007035338405	1	30.074999999999996"
PV-007035713890	28.94690000000261	4	ligand_barriers_JOB_4.txt	"PV-007035713890	1	28.94690000000261"
PV-007036247405	31.662299999994616	4	ligand_barriers_JOB_4.txt	"PV-007036247405	1	31.662299999994616"
PV-007036385764	26.814000000001112	4	ligand_barriers_JOB_4.txt	"PV-007036385764	1	26.814000000001112"
PV-007036409507	30.67960000000429	4	ligand_barriers_JOB_4.txt	"PV-007036409507	1	30.67960000000429"
PV-007036542061	26.500000000005674	4	ligand_barriers_JOB_4.txt	"PV-007036542061	1	26.500000000005674"
PV-007036554726	26.37929999999367	4	ligand_barriers_JOB_4.txt	"PV-007036554726	1	26.37929999999367"
PV-007036554727	27.196599999988997	4	ligand_barriers_JOB_4.txt	"PV-007036554727	1	27.196599999988997"
PV-007036554728	29.123100000002413	4	ligand_barriers_JOB_4.txt	"PV-007036554728	1	29.123100000002413"
PV-007036625941	30.623300000000018	4	ligand_barriers_JOB_4.txt	"PV-007036625941	1	30.623300000000018"
PV-007036681187	26.595899999992916	4	ligand_barriers_JOB_4.txt	"PV-007036681187	1	26.595899999992916"
PV-007037705602	28.510300000000175	4	ligand_barriers_JOB_4.txt	"PV-007037705602	1	28.510300000000175"
PV-007037729770	26.232599999994676	4	ligand_barriers_JOB_4.txt	"PV-007037729770	1	26.232599999994676"
PV-007037745255	30.403600000001312	4	ligand_barriers_JOB_4.txt	"PV-007037745255	1	30.403600000001312"
PV-007038234900	30.812499999998884	4	ligand_barriers_JOB_4.txt	"PV-007038234900	1	30.812499999998884"
PV-007038234901	30.917099999999994	4	ligand_barriers_JOB_4.txt	"PV-007038234901	1	30.917099999999994"
PV-007038236406	31.13670000000186	4	ligand_barriers_JOB_4.txt	"PV-007038236406	1	31.13670000000186"
PV-007038572535	27.80559999999905	4	ligand_barriers_JOB_4.txt	"PV-007038572535	1	27.80559999999905"
PV-007038639031	28.529999999997386	4	ligand_barriers_JOB_4.txt	"PV-007038639031	1	28.529999999997386"
PV-007038704821	29.18700000000466	4	ligand_barriers_JOB_4.txt	"PV-007038704821	1	29.18700000000466"
PV-007039326458	30.60529999999198	4	ligand_barriers_JOB_4.txt	"PV-007039326458	1	30.60529999999198"
PV-007039432111	26.233000000003916	4	ligand_barriers_JOB_4.txt	"PV-007039432111	1	26.233000000003916"
PV-007039462470	31.477600000001686	4	ligand_barriers_JOB_4.txt	"PV-007039462470	1	31.477600000001686"
PV-007039656497	26.865700000002594	4	ligand_barriers_JOB_4.txt	"PV-007039656497	1	26.865700000002594"
PV-007039864184	29.00039999999849	4	ligand_barriers_JOB_4.txt	"PV-007039864184	1	29.00039999999849"
PV-007040495630	28.754799999999623	4	ligand_barriers_JOB_4.txt	"PV-007040495630	1	28.754799999999623"
PV-007040824344	29.476399999989376	5	ligand_barriers_JOB_5.txt	"PV-007040824344	1	29.476399999989376"
PV-007040947253	30.209799999993848	5	ligand_barriers_JOB_5.txt	"PV-007040947253	1	30.209799999993848"
PV-007041084522	30.25219999999739	5	ligand_barriers_JOB_5.txt	"PV-007041084522	1	30.25219999999739"
PV-007041470017	29.108100000016194	5	ligand_barriers_JOB_5.txt	"PV-007041470017	1	29.108100000016194"
PV-007041472302	26.312299999995812	5	ligand_barriers_JOB_5.txt	"PV-007041472302	1	26.312299999995812"
PV-007041864283	30.777600000000017	5	ligand_barriers_JOB_5.txt	"PV-007041864283	1	30.777600000000017"
PV-007042491772	32.01400000000354	5	ligand_barriers_JOB_5.txt	"PV-007042491772	1	32.01400000000354"
PV-007042673905	28.47970000000017	5	ligand_barriers_JOB_5.txt	"PV-007042673905	1	28.47970000000017"
PV-007042673906	31.93869999999965	5	ligand_barriers_JOB_5.txt	"PV-007042673906	1	31.93869999999965"
PV-007043053727	29.390300000007283	5	ligand_barriers_JOB_5.txt	"PV-007043053727	1	29.390300000007283"
PV-007043093185	28.88410000001136	5	ligand_barriers_JOB_5.txt	"PV-007043093185	1	28.88410000001136"
PV-007043175857	27.000400000002404	5	ligand_barriers_JOB_5.txt	"PV-007043175857	1	27.000400000002404"
PV-007043333210	25.914000000017314	5	ligand_barriers_JOB_5.txt	"PV-007043333210	1	25.914000000017314"
PV-007043471917	28.897499999999066	5	ligand_barriers_JOB_5.txt	"PV-007043471917	1	28.897499999999066"
PV-007043545950	27.514999999999066	5	ligand_barriers_JOB_5.txt	"PV-007043545950	1	27.514999999999066"
PV-007043682906	30.46789999999497	5	ligand_barriers_JOB_5.txt	"PV-007043682906	1	30.46789999999497"
PV-007043867571	25.421700000015438	5	ligand_barriers_JOB_5.txt	"PV-007043867571	1	25.421700000015438"
PV-007044752748	28.71390000000019	5	ligand_barriers_JOB_5.txt	"PV-007044752748	1	28.71390000000019"
PV-007044758412	29.777800000000557	5	ligand_barriers_JOB_5.txt	"PV-007044758412	1	29.777800000000557"
PV-007044941482	31.738200000001335	5	ligand_barriers_JOB_5.txt	"PV-007044941482	1	31.738200000001335"
PV-007044941483	26.3592999999959	5	ligand_barriers_JOB_5.txt	"PV-007044941483	1	26.3592999999959"
PV-007044941484	30.671700000001497	5	ligand_barriers_JOB_5.txt	"PV-007044941484	1	30.671700000001497"
PV-007044941485	30.911299999997226	5	ligand_barriers_JOB_5.txt	"PV-007044941485	1	30.911299999997226"
PV-007045572173	29.921100000002607	5	ligand_barriers_JOB_5.txt	"PV-007045572173	1	29.921100000002607"
PV-007045655266	28.521699999998127	5	ligand_barriers_JOB_5.txt	"PV-007045655266	1	28.521699999998127"
PV-007045905923	28.75350000000521	5	ligand_barriers_JOB_5.txt	"PV-007045905923	1	28.75350000000521"
PV-007045964445	31.47400000000001	5	ligand_barriers_JOB_5.txt	"PV-007045964445	1	31.47400000000001"
PV-007046066448	28.522199999997575	5	ligand_barriers_JOB_5.txt	"PV-007046066448	1	28.522199999997575"
PV-007046158451	27.963800000011915	5	ligand_barriers_JOB_5.txt	"PV-007046158451	1	27.963800000011915"
PV-007046388555	30.596999999994768	5	ligand_barriers_JOB_5.txt	"PV-007046388555	1	30.596999999994768"
PV-007046523052	29.1223000000002	5	ligand_barriers_JOB_5.txt	"PV-007046523052	1	29.1223000000002"
PV-007046708323	27.654700000002414	5	ligand_barriers_JOB_5.txt	"PV-007046708323	1	27.654700000002414"
PV-007046910653	31.01369999999797	5	ligand_barriers_JOB_5.txt	"PV-007046910653	1	31.01369999999797"
PV-007047002831	27.571199999996637	5	ligand_barriers_JOB_5.txt	"PV-007047002831	1	27.571199999996637"
PV-007047130869	29.627799999998334	5	ligand_barriers_JOB_5.txt	"PV-007047130869	1	29.627799999998334"
PV-007047231391	30.40249999999199	5	ligand_barriers_JOB_5.txt	"PV-007047231391	1	30.40249999999199"
PV-007047764174	28.879799999994983	5	ligand_barriers_JOB_5.txt	"PV-007047764174	1	28.879799999994983"
PV-007047773555	29.195900000012113	5	ligand_barriers_JOB_5.txt	"PV-007047773555	1	29.195900000012113"
PV-007047989905	27.755800000002424	5	ligand_barriers_JOB_5.txt	"PV-007047989905	1	27.755800000002424"
PV-007048158903	31.00859999999722	5	ligand_barriers_JOB_5.txt	"PV-007048158903	1	31.00859999999722"
PV-007048158904	25.30959999999682	5	ligand_barriers_JOB_5.txt	"PV-007048158904	1	25.30959999999682"
PV-007048448237	26.559000000006325	5	ligand_barriers_JOB_5.txt	"PV-007048448237	1	26.559000000006325"
PV-007048710413	30.534499999994413	5	ligand_barriers_JOB_5.txt	"PV-007048710413	1	30.534499999994413"
PV-007048978970	30.430800000000204	5	ligand_barriers_JOB_5.txt	"PV-007048978970	1	30.430800000000204"
PV-007049131159	26.0219000000093	5	ligand_barriers_JOB_5.txt	"PV-007049131159	1	26.0219000000093"
PV-007049485250	29.54630000000354	5	ligand_barriers_JOB_5.txt	"PV-007049485250	1	29.54630000000354"
PV-007049999445	30.380100000004468	5	ligand_barriers_JOB_5.txt	"PV-007049999445	1	30.380100000004468"
PV-007050393411	28.927100000002596	5	ligand_barriers_JOB_5.txt	"PV-007050393411	1	28.927100000002596"
PV-007050987941	28.934999999992733	5	ligand_barriers_JOB_5.txt	"PV-007050987941	1	28.934999999992733"
PV-007051412056	26.442899999999813	5	ligand_barriers_JOB_5.txt	"PV-007051412056	1	26.442899999999813"
PV-007051727088	27.841300000004658	5	ligand_barriers_JOB_5.txt	"PV-007051727088	1	27.841300000004658"
PV-007051821859	29.4464000000015	5	ligand_barriers_JOB_5.txt	"PV-007051821859	1	29.4464000000015"
PV-007052081269	29.903100000001878	5	ligand_barriers_JOB_5.txt	"PV-007052081269	1	29.903100000001878"
PV-007052282066	28.79240000000521	5	ligand_barriers_JOB_5.txt	"PV-007052282066	1	28.79240000000521"
PV-007052282067	28.44250000000502	5	ligand_barriers_JOB_5.txt	"PV-007052282067	1	28.44250000000502"
PV-007052282068	30.095400000002595	5	ligand_barriers_JOB_5.txt	"PV-007052282068	1	30.095400000002595"
PV-007052282069	29.968200000000024	5	ligand_barriers_JOB_5.txt	"PV-007052282069	1	29.968200000000024"
PV-007052691645	29.72330000000077	5	ligand_barriers_JOB_5.txt	"PV-007052691645	1	29.72330000000077"
PV-007052691646	26.18019999999348	5	ligand_barriers_JOB_5.txt	"PV-007052691646	1	26.18019999999348"
PV-007052691647	27.873899999999995	5	ligand_barriers_JOB_5.txt	"PV-007052691647	1	27.873899999999995"
PV-007053137849	29.691599999994406	5	ligand_barriers_JOB_5.txt	"PV-007053137849	1	29.691599999994406"
PV-007053192713	28.588000000006705	5	ligand_barriers_JOB_5.txt	"PV-007053192713	1	28.588000000006705"
PV-007053255533	30.501300000001862	5	ligand_barriers_JOB_5.txt	"PV-007053255533	1	30.501300000001862"
PV-007053335304	26.811999999994686	5	ligand_barriers_JOB_5.txt	"PV-007053335304	1	26.811999999994686"
PV-007053357298	31.27649999999889	5	ligand_barriers_JOB_5.txt	"PV-007053357298	1	31.27649999999889"
PV-007053974072	29.081700000005764	5	ligand_barriers_JOB_5.txt	"PV-007053974072	1	29.081700000005764"
PV-007054025003	30.535300000001307	5	ligand_barriers_JOB_5.txt	"PV-007054025003	1	30.535300000001307"
PV-007054125862	28.783700000009684	5	ligand_barriers_JOB_5.txt	"PV-007054125862	1	28.783700000009684"
PV-007054345127	29.323400000006323	5	ligand_barriers_JOB_5.txt	"PV-007054345127	1	29.323400000006323"
PV-007054550955	29.037200000002603	5	ligand_barriers_JOB_5.txt	"PV-007054550955	1	29.037200000002603"
PV-007054620413	25.33709999998137	5	ligand_barriers_JOB_5.txt	"PV-007054620413	1	25.33709999998137"
PV-007054800949	26.554200000003167	5	ligand_barriers_JOB_5.txt	"PV-007054800949	1	26.554200000003167"
PV-007054975260	27.7554999999931	5	ligand_barriers_JOB_5.txt	"PV-007054975260	1	27.7554999999931"
PV-007055021719	30.056099999993847	5	ligand_barriers_JOB_5.txt	"PV-007055021719	1	30.056099999993847"
PV-007055226631	25.91329999999608	5	ligand_barriers_JOB_5.txt	"PV-007055226631	1	25.91329999999608"
PV-007055448281	30.743500000000658	5	ligand_barriers_JOB_5.txt	"PV-007055448281	1	30.743500000000658"
PV-007055448282	29.69849999999758	5	ligand_barriers_JOB_5.txt	"PV-007055448282	1	29.69849999999758"
PV-007055546926	29.04929999999385	5	ligand_barriers_JOB_5.txt	"PV-007055546926	1	29.04929999999385"
PV-007055632616	29.229400000006514	5	ligand_barriers_JOB_5.txt	"PV-007055632616	1	29.229400000006514"
PV-007055637175	30.587500000000006	5	ligand_barriers_JOB_5.txt	"PV-007055637175	1	30.587500000000006"
PV-007056115291	29.039899999992926	5	ligand_barriers_JOB_5.txt	"PV-007056115291	1	29.039899999992926"
PV-007056784460	30.40099999999703	5	ligand_barriers_JOB_5.txt	"PV-007056784460	1	30.40099999999703"
PV-007056850623	31.07290000000151	5	ligand_barriers_JOB_5.txt	"PV-007056850623	1	31.07290000000151"
PV-007057524957	29.75110000000261	5	ligand_barriers_JOB_5.txt	"PV-007057524957	1	29.75110000000261"
PV-007058527640	30.117000000001116	5	ligand_barriers_JOB_5.txt	"PV-007058527640	1	30.117000000001116"
PV-007058527641	29.189400000001655	5	ligand_barriers_JOB_5.txt	"PV-007058527641	1	29.189400000001655"
PV-007058553435	27.513599999996078	5	ligand_barriers_JOB_5.txt	"PV-007058553435	1	27.513599999996078"
PV-007059530877	26.358100000001482	5	ligand_barriers_JOB_5.txt	"PV-007059530877	1	26.358100000001482"
PV-007059656261	28.20710000000539	5	ligand_barriers_JOB_5.txt	"PV-007059656261	1	28.20710000000539"
PV-007059679326	30.1138	5	ligand_barriers_JOB_5.txt	"PV-007059679326	1	30.1138"
PV-007059847407	26.08520000000148	5	ligand_barriers_JOB_5.txt	"PV-007059847407	1	26.08520000000148"
PV-007059897431	27.417199999997393	5	ligand_barriers_JOB_5.txt	"PV-007059897431	1	27.417199999997393"
PV-007060469974	26.545800000002792	5	ligand_barriers_JOB_5.txt	"PV-007060469974	1	26.545800000002792"
PV-007060868257	30.789999999997214	5	ligand_barriers_JOB_5.txt	"PV-007060868257	1	30.789999999997214"
PV-007060908611	30.65199999999925	5	ligand_barriers_JOB_5.txt	"PV-007060908611	1	30.65199999999925"
PV-007061143715	29.455699999997577	5	ligand_barriers_JOB_5.txt	"PV-007061143715	1	29.455699999997577"
PV-007061194988	31.0029000000041	5	ligand_barriers_JOB_5.txt	"PV-007061194988	1	31.0029000000041"
PV-007061760968	30.442600000004294	5	ligand_barriers_JOB_5.txt	"PV-007061760968	1	30.442600000004294"
PV-007062428081	30.92340000000037	5	ligand_barriers_JOB_5.txt	"PV-007062428081	1	30.92340000000037"
PV-007063436196	26.79460000000483	6	ligand_barriers_JOB_6.txt	"PV-007063436196	1	26.79460000000483"
PV-007063695731	31.889700000000015	6	ligand_barriers_JOB_6.txt	"PV-007063695731	1	31.889700000000015"
PV-007064169916	32.259300000002064	6	ligand_barriers_JOB_6.txt	"PV-007064169916	1	32.259300000002064"
PV-007064308904	26.331199999999356	6	ligand_barriers_JOB_6.txt	"PV-007064308904	1	26.331199999999356"
PV-007064446064	31.620899999999434	6	ligand_barriers_JOB_6.txt	"PV-007064446064	1	31.620899999999434"
PV-007064446065	28.419199999982297	6	ligand_barriers_JOB_6.txt	"PV-007064446065	1	28.419199999982297"
PV-007064446066	28.689400000003715	6	ligand_barriers_JOB_6.txt	"PV-007064446066	1	28.689400000003715"
PV-007064600778	27.9981000000003	6	ligand_barriers_JOB_6.txt	"PV-007064600778	1	27.9981000000003"
PV-007064602812	30.143000000000008	6	ligand_barriers_JOB_6.txt	"PV-007064602812	1	30.143000000000008"
PV-007064674571	29.722400000004644	6	ligand_barriers_JOB_6.txt	"PV-007064674571	1	29.722400000004644"
PV-007064706018	26.35189999997932	6	ligand_barriers_JOB_6.txt	"PV-007064706018	1	26.35189999997932"
PV-007064961495	28.807499999999717	6	ligand_barriers_JOB_6.txt	"PV-007064961495	1	28.807499999999717"
PV-007065031709	29.673699999993673	6	ligand_barriers_JOB_6.txt	"PV-007065031709	1	29.673699999993673"
PV-007065090308	26.99449999999683	6	ligand_barriers_JOB_6.txt	"PV-007065090308	1	26.99449999999683"
PV-007065653323	28.912200000003736	6	ligand_barriers_JOB_6.txt	"PV-007065653323	1	28.912200000003736"
PV-007065690034	28.23859999999869	6	ligand_barriers_JOB_6.txt	"PV-007065690034	1	28.23859999999869"
PV-007065894156	29.15579999999999	6	ligand_barriers_JOB_6.txt	"PV-007065894156	1	29.15579999999999"
PV-007066420761	28.602700000003725	6	ligand_barriers_JOB_6.txt	"PV-007066420761	1	28.602700000003725"
PV-007066450718	26.7417	6	ligand_barriers_JOB_6.txt	"PV-007066450718	1	26.7417"
PV-007066577646	27.203499999997586	6	ligand_barriers_JOB_6.txt	"PV-007066577646	1	27.203499999997586"
PV-007066685811	26.323400000003158	6	ligand_barriers_JOB_6.txt	"PV-007066685811	1	26.323400000003158"
PV-007067003430	26.62770000000502	6	ligand_barriers_JOB_6.txt	"PV-007067003430	1	26.62770000000502"
PV-007067505527	26.225399999993847	6	ligand_barriers_JOB_6.txt	"PV-007067505527	1	26.225399999993847"
PV-007067505528	28.975899999999083	6	ligand_barriers_JOB_6.txt	"PV-007067505528	1	28.975899999999083"
PV-007067505529	30.622500000003175	6	ligand_barriers_JOB_6.txt	"PV-007067505529	1	30.622500000003175"
PV-007067628660	27.537900000008754	6	ligand_barriers_JOB_6.txt	"PV-007067628660	1	27.537900000008754"
PV-007067807791	26.14519999999683	6	ligand_barriers_JOB_6.txt	"PV-007067807791	1	26.14519999999683"
PV-007067807792	29.4873999999946	6	ligand_barriers_JOB_6.txt	"PV-007067807792	1	29.4873999999946"
PV-007068046690	27.191399999995713	6	ligand_barriers_JOB_6.txt	"PV-007068046690	1	27.191399999995713"
PV-007068058308	30.470200000000574	6	ligand_barriers_JOB_6.txt	"PV-007068058308	1	30.470200000000574"
PV-007068143803	30.98740000000001	6	ligand_barriers_JOB_6.txt	"PV-007068143803	1	30.98740000000001"
PV-007068345015	26.00590000000204	6	ligand_barriers_JOB_6.txt	"PV-007068345015	1	26.00590000000204"
PV-007068524883	27.606499999994035	6	ligand_barriers_JOB_6.txt	"PV-007068524883	1	27.606499999994035"
PV-007068530255	28.5438000000013	6	ligand_barriers_JOB_6.txt	"PV-007068530255	1	28.5438000000013"
PV-007069203812	30.108500000001676	6	ligand_barriers_JOB_6.txt	"PV-007069203812	1	30.108500000001676"
PV-007069205925	30.148200000002056	6	ligand_barriers_JOB_6.txt	"PV-007069205925	1	30.148200000002056"
PV-007069692151	31.166199999995715	6	ligand_barriers_JOB_6.txt	"PV-007069692151	1	31.166199999995715"
PV-007069759124	27.145000000002337	6	ligand_barriers_JOB_6.txt	"PV-007069759124	1	27.145000000002337"
PV-007069909731	31.163499999989757	6	ligand_barriers_JOB_6.txt	"PV-007069909731	1	31.163499999989757"
PV-007070165485	30.767099999996272	6	ligand_barriers_JOB_6.txt	"PV-007070165485	1	30.767099999996272"
PV-007070241897	29.102700000005207	6	ligand_barriers_JOB_6.txt	"PV-007070241897	1	29.102700000005207"
PV-007071126905	30.10769999999945	6	ligand_barriers_JOB_6.txt	"PV-007071126905	1	30.10769999999945"
PV-007072189128	27.94560000000112	6	ligand_barriers_JOB_6.txt	"PV-007072189128	1	27.94560000000112"
PV-007072510229	26.747899999997	6	ligand_barriers_JOB_6.txt	"PV-007072510229	1	26.747899999997"
PV-007072723822	28.624400000005195	6	ligand_barriers_JOB_6.txt	"PV-007072723822	1	28.624400000005195"
PV-007072723823	29.765100000010808	6	ligand_barriers_JOB_6.txt	"PV-007072723823	1	29.765100000010808"
PV-007072723824	30.00069999999924	6	ligand_barriers_JOB_6.txt	"PV-007072723824	1	30.00069999999924"
PV-007073373206	25.57229999999795	6	ligand_barriers_JOB_6.txt	"PV-007073373206	1	25.57229999999795"
PV-007073393421	30.582699999998713	6	ligand_barriers_JOB_6.txt	"PV-007073393421	1	30.582699999998713"
PV-007073511812	27.049300000000915	6	ligand_barriers_JOB_6.txt	"PV-007073511812	1	27.049300000000915"
PV-007073580000	29.579899999996655	6	ligand_barriers_JOB_6.txt	"PV-007073580000	1	29.579899999996655"
PV-007073639323	29.777200000001688	6	ligand_barriers_JOB_6.txt	"PV-007073639323	1	29.777200000001688"
PV-007073714592	30.33130000000167	6	ligand_barriers_JOB_6.txt	"PV-007073714592	1	30.33130000000167"
PV-007073895088	31.081099999996844	6	ligand_barriers_JOB_6.txt	"PV-007073895088	1	31.081099999996844"
PV-007074377656	30.964699999999084	6	ligand_barriers_JOB_6.txt	"PV-007074377656	1	30.964699999999084"
PV-007074454728	25.890999999994783	6	ligand_barriers_JOB_6.txt	"PV-007074454728	1	25.890999999994783"
PV-007074530062	29.522700000003983	6	ligand_barriers_JOB_6.txt	"PV-007074530062	1	29.522700000003983"
PV-007074834647	28.21190000000148	6	ligand_barriers_JOB_6.txt	"PV-007074834647	1	28.21190000000148"
PV-007074961277	28.791900000005207	6	ligand_barriers_JOB_6.txt	"PV-007074961277	1	28.791900000005207"
PV-007075647595	28.298500000000363	6	ligand_barriers_JOB_6.txt	"PV-007075647595	1	28.298500000000363"
PV-007075953415	26.93159999999477	6	ligand_barriers_JOB_6.txt	"PV-007075953415	1	26.93159999999477"
PV-007075966979	30.34109999999703	6	ligand_barriers_JOB_6.txt	"PV-007075966979	1	30.34109999999703"
PV-007076133490	26.512800000002784	6	ligand_barriers_JOB_6.txt	"PV-007076133490	1	26.512800000002784"
PV-007076332827	31.831499999991802	6	ligand_barriers_JOB_6.txt	"PV-007076332827	1	31.831499999991802"
PV-007076458484	29.491699999999437	6	ligand_barriers_JOB_6.txt	"PV-007076458484	1	29.491699999999437"
PV-007076481759	29.45959999999759	6	ligand_barriers_JOB_6.txt	"PV-007076481759	1	29.45959999999759"
PV-007076666019	28.650699999998686	6	ligand_barriers_JOB_6.txt	"PV-007076666019	1	28.650699999998686"
PV-007076739263	25.732700000001675	6	ligand_barriers_JOB_6.txt	"PV-007076739263	1	25.732700000001675"
PV-007077042264	28.5643	6	ligand_barriers_JOB_6.txt	"PV-007077042264	1	28.5643"
PV-007077067681	31.90019999999738	6	ligand_barriers_JOB_6.txt	"PV-007077067681	1	31.90019999999738"
PV-007077676008	28.570400000005225	6	ligand_barriers_JOB_6.txt	"PV-007077676008	1	28.570400000005225"
PV-007077853095	29.447499999996094	6	ligand_barriers_JOB_6.txt	"PV-007077853095	1	29.447499999996094"
PV-007078009240	27.09610000000093	6	ligand_barriers_JOB_6.txt	"PV-007078009240	1	27.09610000000093"
PV-007078009241	27.07920000000205	6	ligand_barriers_JOB_6.txt	"PV-007078009241	1	27.07920000000205"
PV-007078009242	29.61009999999552	6	ligand_barriers_JOB_6.txt	"PV-007078009242	1	29.61009999999552"
PV-007078112627	25.62529999999601	6	ligand_barriers_JOB_6.txt	"PV-007078112627	1	25.62529999999601"
PV-007078145656	31.82920000000001	6	ligand_barriers_JOB_6.txt	"PV-007078145656	1	31.82920000000001"
PV-007078163806	28.82860000000838	6	ligand_barriers_JOB_6.txt	"PV-007078163806	1	28.82860000000838"
PV-007078279263	29.6646000000039	6	ligand_barriers_JOB_6.txt	"PV-007078279263	1	29.6646000000039"
PV-007078378620	28.32730000000484	6	ligand_barriers_JOB_6.txt	"PV-007078378620	1	28.32730000000484"
PV-007078559661	31.0320000000002	6	ligand_barriers_JOB_6.txt	"PV-007078559661	1	31.0320000000002"
PV-007078647324	26.465399999989373	6	ligand_barriers_JOB_6.txt	"PV-007078647324	1	26.465399999989373"
PV-007079028424	30.580700000001674	6	ligand_barriers_JOB_6.txt	"PV-007079028424	1	30.580700000001674"
PV-007079111942	26.71890000001045	6	ligand_barriers_JOB_6.txt	"PV-007079111942	1	26.71890000001045"
PV-007079386912	29.9873999999905	6	ligand_barriers_JOB_6.txt	"PV-007079386912	1	29.9873999999905"
PV-007080037948	29.610299999997032	6	ligand_barriers_JOB_6.txt	"PV-007080037948	1	29.610299999997032"
PV-007080037949	30.367200000001503	6	ligand_barriers_JOB_6.txt	"PV-007080037949	1	30.367200000001503"
PV-007080037950	30.210200000000544	6	ligand_barriers_JOB_6.txt	"PV-007080037950	1	30.210200000000544"
PV-007080408526	29.119699999999614	6	ligand_barriers_JOB_6.txt	"PV-007080408526	1	29.119699999999614"
PV-007080529607	25.392599999985833	6	ligand_barriers_JOB_6.txt	"PV-007080529607	1	25.392599999985833"
PV-007081165471	30.5980999999998	6	ligand_barriers_JOB_6.txt	"PV-007081165471	1	30.5980999999998"
PV-007081392677	32.91449999999179	6	ligand_barriers_JOB_6.txt	"PV-007081392677	1	32.91449999999179"
PV-007081398776	31.03049999999685	6	ligand_barriers_JOB_6.txt	"PV-007081398776	1	31.03049999999685"
PV-007081698591	29.503799999987688	6	ligand_barriers_JOB_6.txt	"PV-007081698591	1	29.503799999987688"
PV-007081751285	27.922699999996265	6	ligand_barriers_JOB_6.txt	"PV-007081751285	1	27.922699999996265"
PV-007081751286	30.332800000003182	6	ligand_barriers_JOB_6.txt	"PV-007081751286	1	30.332800000003182"
PV-007082168500	30.566999999995723	6	ligand_barriers_JOB_6.txt	"PV-007082168500	1	30.566999999995723"
PV-007082168501	26.851499999997014	6	ligand_barriers_JOB_6.txt	"PV-007082168501	1	26.851499999997014"
PV-007082280656	29.26329999999999	6	ligand_barriers_JOB_6.txt	"PV-007082280656	1	29.26329999999999"
PV-007082367853	30.70559999999869	6	ligand_barriers_JOB_6.txt	"PV-007082367853	1	30.70559999999869"
PV-007082547604	29.82239999999739	7	ligand_barriers_JOB_7.txt	"PV-007082547604	1	29.82239999999739"
PV-007082633498	29.233799999999984	7	ligand_barriers_JOB_7.txt	"PV-007082633498	1	29.233799999999984"
PV-007082880442	30.150499999992554	7	ligand_barriers_JOB_7.txt	"PV-007082880442	1	30.150499999992554"
PV-007082885446	32.014900000001695	7	ligand_barriers_JOB_7.txt	"PV-007082885446	1	32.014900000001695"
PV-007082897283	31.285700000000023	7	ligand_barriers_JOB_7.txt	"PV-007082897283	1	31.285700000000023"
PV-007083711146	29.031199999994968	7	ligand_barriers_JOB_7.txt	"PV-007083711146	1	29.031199999994968"
PV-007083719651	30.155599999984915	7	ligand_barriers_JOB_7.txt	"PV-007083719651	1	30.155599999984915"
PV-007083926151	31.06949999999793	7	ligand_barriers_JOB_7.txt	"PV-007083926151	1	31.06949999999793"
PV-007084015923	29.329199999997023	7	ligand_barriers_JOB_7.txt	"PV-007084015923	1	29.329199999997023"
PV-007084088194	26.750999999997205	7	ligand_barriers_JOB_7.txt	"PV-007084088194	1	26.750999999997205"
PV-007084606721	29.560100000001295	7	ligand_barriers_JOB_7.txt	"PV-007084606721	1	29.560100000001295"
PV-007084734325	29.208599999996636	7	ligand_barriers_JOB_7.txt	"PV-007084734325	1	29.208599999996636"
PV-007084895153	26.968500000013222	7	ligand_barriers_JOB_7.txt	"PV-007084895153	1	26.968500000013222"
PV-007084925839	27.022300000009132	7	ligand_barriers_JOB_7.txt	"PV-007084925839	1	27.022300000009132"
PV-007085005589	27.751799999997765	7	ligand_barriers_JOB_7.txt	"PV-007085005589	1	27.751799999997765"
PV-007085005590	28.560100000002596	7	ligand_barriers_JOB_7.txt	"PV-007085005590	1	28.560100000002596"
PV-007085015275	26.032999999997845	7	ligand_barriers_JOB_7.txt	"PV-007085015275	1	26.032999999997845"
PV-007085015276	29.30630000000298	7	ligand_barriers_JOB_7.txt	"PV-007085015276	1	29.30630000000298"
PV-007085143991	29.337000000007635	7	ligand_barriers_JOB_7.txt	"PV-007085143991	1	29.337000000007635"
PV-007085402891	31.48660000000167	7	ligand_barriers_JOB_7.txt	"PV-007085402891	1	31.48660000000167"
PV-007085402892	28.97199999999254	7	ligand_barriers_JOB_7.txt	"PV-007085402892	1	28.97199999999254"
PV-007085402893	31.175200000001507	7	ligand_barriers_JOB_7.txt	"PV-007085402893	1	31.175200000001507"
PV-007085402894	31.471800000003164	7	ligand_barriers_JOB_7.txt	"PV-007085402894	1	31.471800000003164"
PV-007085402895	30.382199999997773	7	ligand_barriers_JOB_7.txt	"PV-007085402895	1	30.382199999997773"
PV-007085402896	26.25659999998994	7	ligand_barriers_JOB_7.txt	"PV-007085402896	1	26.25659999998994"
PV-007085452985	30.697499999994797	7	ligand_barriers_JOB_7.txt	"PV-007085452985	1	30.697499999994797"
PV-007085600085	31.202599999989555	7	ligand_barriers_JOB_7.txt	"PV-007085600085	1	31.202599999989555"
PV-007085904522	30.853800000003165	7	ligand_barriers_JOB_7.txt	"PV-007085904522	1	30.853800000003165"
PV-007086029747	26.148299999998617	7	ligand_barriers_JOB_7.txt	"PV-007086029747	1	26.148299999998617"
PV-007086029999	32.19460000000001	7	ligand_barriers_JOB_7.txt	"PV-007086029999	1	32.19460000000001"
PV-007086287442	30.37890000000168	7	ligand_barriers_JOB_7.txt	"PV-007086287442	1	30.37890000000168"
PV-007086312432	29.467499999999337	7	ligand_barriers_JOB_7.txt	"PV-007086312432	1	29.467499999999337"
PV-007086502414	26.108500000001857	7	ligand_barriers_JOB_7.txt	"PV-007086502414	1	26.108500000001857"
PV-007086988947	31.393199999999457	7	ligand_barriers_JOB_7.txt	"PV-007086988947	1	31.393199999999457"
PV-007087613330	31.63029999999813	7	ligand_barriers_JOB_7.txt	"PV-007087613330	1	31.63029999999813"
PV-007087706261	29.909500000002232	7	ligand_barriers_JOB_7.txt	"PV-007087706261	1	29.909500000002232"
PV-007087846996	29.197399999998698	7	ligand_barriers_JOB_7.txt	"PV-007087846996	1	29.197399999998698"
PV-007087868260	30.815099999999443	7	ligand_barriers_JOB_7.txt	"PV-007087868260	1	30.815099999999443"
PV-007087940453	29.951900000001675	7	ligand_barriers_JOB_7.txt	"PV-007087940453	1	29.951900000001675"
PV-007088076688	30.062500000003734	7	ligand_barriers_JOB_7.txt	"PV-007088076688	1	30.062500000003734"
PV-007088200679	31.166299999997218	7	ligand_barriers_JOB_7.txt	"PV-007088200679	1	31.166299999997218"
PV-007088200680	26.89989999999943	7	ligand_barriers_JOB_7.txt	"PV-007088200680	1	26.89989999999943"
PV-007088288334	26.6074000000039	7	ligand_barriers_JOB_7.txt	"PV-007088288334	1	26.6074000000039"
PV-007088541535	27.041800000002777	7	ligand_barriers_JOB_7.txt	"PV-007088541535	1	27.041800000002777"
PV-007088786476	28.981299999999063	7	ligand_barriers_JOB_7.txt	"PV-007088786476	1	28.981299999999063"
PV-007088813283	28.082199999995705	7	ligand_barriers_JOB_7.txt	"PV-007088813283	1	28.082199999995705"
PV-007088813284	30.100200000002978	7	ligand_barriers_JOB_7.txt	"PV-007088813284	1	30.100200000002978"
PV-007088813285	27.743100000012284	7	ligand_barriers_JOB_7.txt	"PV-007088813285	1	27.743100000012284"
PV-007088888466	30.988299999999427	7	ligand_barriers_JOB_7.txt	"PV-007088888466	1	30.988299999999427"
PV-007088948598	30.60870000000261	7	ligand_barriers_JOB_7.txt	"PV-007088948598	1	30.60870000000261"
PV-007089306512	26.99220000000223	7	ligand_barriers_JOB_7.txt	"PV-007089306512	1	26.99220000000223"
PV-007089337327	31.17320000000335	7	ligand_barriers_JOB_7.txt	"PV-007089337327	1	31.17320000000335"
PV-007089392978	28.79740000000035	7	ligand_barriers_JOB_7.txt	"PV-007089392978	1	28.79740000000035"
PV-007089611838	26.484999999993274	7	ligand_barriers_JOB_7.txt	"PV-007089611838	1	26.484999999993274"
PV-007090007541	30.140999999999806	7	ligand_barriers_JOB_7.txt	"PV-007090007541	1	30.140999999999806"
PV-007090007542	32.01929999999385	7	ligand_barriers_JOB_7.txt	"PV-007090007542	1	32.01929999999385"
PV-007090007543	26.396199999995886	7	ligand_barriers_JOB_7.txt	"PV-007090007543	1	26.396199999995886"
PV-007090040578	29.066600000001493	7	ligand_barriers_JOB_7.txt	"PV-007090040578	1	29.066600000001493"
PV-007090297254	31.8319000000041	7	ligand_barriers_JOB_7.txt	"PV-007090297254	1	31.8319000000041"
PV-007090704434	26.7567000000039	7	ligand_barriers_JOB_7.txt	"PV-007090704434	1	26.7567000000039"
PV-007090778750	29.125199999993484	7	ligand_barriers_JOB_7.txt	"PV-007090778750	1	29.125199999993484"
PV-007090914180	29.20510000000689	7	ligand_barriers_JOB_7.txt	"PV-007090914180	1	29.20510000000689"
PV-007091048395	30.231699999987324	7	ligand_barriers_JOB_7.txt	"PV-007091048395	1	30.231699999987324"
PV-007091078161	27.175099999990866	7	ligand_barriers_JOB_7.txt	"PV-007091078161	1	27.175099999990866"
PV-007091188103	30.297600000001694	7	ligand_barriers_JOB_7.txt	"PV-007091188103	1	30.297600000001694"
PV-007091234932	29.70949999999498	7	ligand_barriers_JOB_7.txt	"PV-007091234932	1	29.70949999999498"
PV-007091785530	30.30679999999757	7	ligand_barriers_JOB_7.txt	"PV-007091785530	1	30.30679999999757"
PV-007091795096	29.97260000000019	7	ligand_barriers_JOB_7.txt	"PV-007091795096	1	29.97260000000019"
PV-007092443340	30.7223000000002	7	ligand_barriers_JOB_7.txt	"PV-007092443340	1	30.7223000000002"
PV-007092796086	30.694100000001296	7	ligand_barriers_JOB_7.txt	"PV-007092796086	1	30.694100000001296"
PV-007092849123	30.061500000003544	7	ligand_barriers_JOB_7.txt	"PV-007092849123	1	30.061500000003544"
PV-007093094883	27.277199999998878	7	ligand_barriers_JOB_7.txt	"PV-007093094883	1	27.277199999998878"
PV-007093406327	29.61729999999812	7	ligand_barriers_JOB_7.txt	"PV-007093406327	1	29.61729999999812"
PV-007093808344	26.370399999997108	7	ligand_barriers_JOB_7.txt	"PV-007093808344	1	26.370399999997108"
PV-007093827410	30.822600000001692	7	ligand_barriers_JOB_7.txt	"PV-007093827410	1	30.822600000001692"
PV-007093892852	28.896999999998876	7	ligand_barriers_JOB_7.txt	"PV-007093892852	1	28.896999999998876"
PV-007093892853	25.848400000000932	7	ligand_barriers_JOB_7.txt	"PV-007093892853	1	25.848400000000932"
PV-007094317696	30.759600000000024	7	ligand_barriers_JOB_7.txt	"PV-007094317696	1	30.759600000000024"
PV-007094322340	29.258000000004085	7	ligand_barriers_JOB_7.txt	"PV-007094322340	1	29.258000000004085"
PV-007094621780	27.06709999999943	7	ligand_barriers_JOB_7.txt	"PV-007094621780	1	27.06709999999943"
PV-007094648921	27.95120000001137	7	ligand_barriers_JOB_7.txt	"PV-007094648921	1	27.95120000001137"
PV-007094804851	30.513500000000754	7	ligand_barriers_JOB_7.txt	"PV-007094804851	1	30.513500000000754"
PV-007094804852	30.6932	7	ligand_barriers_JOB_7.txt	"PV-007094804852	1	30.6932"
PV-007094816615	29.141599999998512	7	ligand_barriers_JOB_7.txt	"PV-007094816615	1	29.141599999998512"
PV-007095106633	27.15639999999962	7	ligand_barriers_JOB_7.txt	"PV-007095106633	1	27.15639999999962"
PV-007095126264	27.938099999999253	7	ligand_barriers_JOB_7.txt	"PV-007095126264	1	27.938099999999253"
PV-007095328931	29.626299999999265	7	ligand_barriers_JOB_7.txt	"PV-007095328931	1	29.626299999999265"
PV-007095342789	24.975100000001113	7	ligand_barriers_JOB_7.txt	"PV-007095342789	1	24.975100000001113"
PV-007095398141	28.88210000000298	7	ligand_barriers_JOB_7.txt	"PV-007095398141	1	28.88210000000298"
PV-007095435138	27.305300000003918	7	ligand_barriers_JOB_7.txt	"PV-007095435138	1	27.305300000003918"
PV-007095574790	29.671500000000556	7	ligand_barriers_JOB_7.txt	"PV-007095574790	1	29.671500000000556"
PV-007095688607	30.130299999997955	7	ligand_barriers_JOB_7.txt	"PV-007095688607	1	30.130299999997955"
PV-007096054840	28.501300000001883	7	ligand_barriers_JOB_7.txt	"PV-007096054840	1	28.501300000001883"
PV-007096196268	30.966900000001683	7	ligand_barriers_JOB_7.txt	"PV-007096196268	1	30.966900000001683"
PV-007096363743	25.658199999995144	7	ligand_barriers_JOB_7.txt	"PV-007096363743	1	25.658199999995144"
PV-007096454789	26.19529999998957	7	ligand_barriers_JOB_7.txt	"PV-007096454789	1	26.19529999998957"
PV-007096545657	30.575399999999995	7	ligand_barriers_JOB_7.txt	"PV-007096545657	1	30.575399999999995"
PV-007096560562	29.05420000000056	7	ligand_barriers_JOB_7.txt	"PV-007096560562	1	29.05420000000056"
PV-007096648542	29.74469999999795	8	ligand_barriers_JOB_8.txt	"PV-007096648542	1	29.74469999999795"
PV-007096875839	27.42149999999581	8	ligand_barriers_JOB_8.txt	"PV-007096875839	1	27.42149999999581"
PV-007096882956	26.90120000000744	8	ligand_barriers_JOB_8.txt	"PV-007096882956	1	26.90120000000744"
PV-007097368661	28.898300000003715	8	ligand_barriers_JOB_8.txt	"PV-007097368661	1	28.898300000003715"
PV-007097846260	27.15989999999217	8	ligand_barriers_JOB_8.txt	"PV-007097846260	1	27.15989999999217"
PV-007097846261	31.570300000000003	8	ligand_barriers_JOB_8.txt	"PV-007097846261	1	31.570300000000003"
PV-007097846262	28.188100000004837	8	ligand_barriers_JOB_8.txt	"PV-007097846262	1	28.188100000004837"
PV-007097941869	26.287199999998876	8	ligand_barriers_JOB_8.txt	"PV-007097941869	1	26.287199999998876"
PV-007098209574	29.44390000000262	8	ligand_barriers_JOB_8.txt	"PV-007098209574	1	29.44390000000262"
PV-007098216303	26.387599999997498	8	ligand_barriers_JOB_8.txt	"PV-007098216303	1	26.387599999997498"
PV-007098427903	30.990300000000197	8	ligand_barriers_JOB_8.txt	"PV-007098427903	1	30.990300000000197"
PV-007098463108	27.170499999996636	8	ligand_barriers_JOB_8.txt	"PV-007098463108	1	27.170499999996636"
PV-007098583771	28.439799999991234	8	ligand_barriers_JOB_8.txt	"PV-007098583771	1	28.439799999991234"
PV-007098620877	31.241100000002596	8	ligand_barriers_JOB_8.txt	"PV-007098620877	1	31.241100000002596"
PV-007098633665	28.861900000000364	8	ligand_barriers_JOB_8.txt	"PV-007098633665	1	28.861900000000364"
PV-007098868101	29.68459999999739	8	ligand_barriers_JOB_8.txt	"PV-007098868101	1	29.68459999999739"
PV-007098960078	30.951799999995888	8	ligand_barriers_JOB_8.txt	"PV-007098960078	1	30.951799999995888"
PV-007099169089	26.97700000000594	8	ligand_barriers_JOB_8.txt	"PV-007099169089	1	26.97700000000594"
PV-007099190741	29.99659999999833	8	ligand_barriers_JOB_8.txt	"PV-007099190741	1	29.99659999999833"
PV-007099320516	29.392900000000367	8	ligand_barriers_JOB_8.txt	"PV-007099320516	1	29.392900000000367"
PV-007099609010	30.895200000001864	8	ligand_barriers_JOB_8.txt	"PV-007099609010	1	30.895200000001864"
PV-007099855514	31.861200000000018	8	ligand_barriers_JOB_8.txt	"PV-007099855514	1	31.861200000000018"
PV-007100121938	31.460600000000014	8	ligand_barriers_JOB_8.txt	"PV-007100121938	1	31.460600000000014"
PV-007100394941	30.51320000000204	8	ligand_barriers_JOB_8.txt	"PV-007100394941	1	30.51320000000204"
PV-007100449367	30.817300000005403	8	ligand_barriers_JOB_8.txt	"PV-007100449367	1	30.817300000005403"
PV-007100457427	29.121100000000556	8	ligand_barriers_JOB_8.txt	"PV-007100457427	1	29.121100000000556"
PV-007100575516	27.19559999999441	8	ligand_barriers_JOB_8.txt	"PV-007100575516	1	27.19559999999441"
PV-007100659848	28.632900000001854	8	ligand_barriers_JOB_8.txt	"PV-007100659848	1	28.632900000001854"
PV-007100709396	28.275900000000746	8	ligand_barriers_JOB_8.txt	"PV-007100709396	1	28.275900000000746"
PV-007100738040	29.064600000002606	8	ligand_barriers_JOB_8.txt	"PV-007100738040	1	29.064600000002606"
PV-007100797966	29.336299999996086	8	ligand_barriers_JOB_8.txt	"PV-007100797966	1	29.336299999996086"
PV-007101007864	29.828200000001672	8	ligand_barriers_JOB_8.txt	"PV-007101007864	1	29.828200000001672"
PV-007101056160	27.584400000002052	8	ligand_barriers_JOB_8.txt	"PV-007101056160	1	27.584400000002052"
PV-007101389080	28.938000000002226	8	ligand_barriers_JOB_8.txt	"PV-007101389080	1	28.938000000002226"
PV-007101480943	30.434199999995716	8	ligand_barriers_JOB_8.txt	"PV-007101480943	1	30.434199999995716"
PV-007102273388	29.223900000000928	8	ligand_barriers_JOB_8.txt	"PV-007102273388	1	29.223900000000928"
PV-007102383700	30.733699999998898	8	ligand_barriers_JOB_8.txt	"PV-007102383700	1	30.733699999998898"
PV-007102433040	29.906899999997396	8	ligand_barriers_JOB_8.txt	"PV-007102433040	1	29.906899999997396"
PV-007102459962	32.78289999999403	8	ligand_barriers_JOB_8.txt	"PV-007102459962	1	32.78289999999403"
PV-007102507936	30.6513000000015	8	ligand_barriers_JOB_8.txt	"PV-007102507936	1	30.6513000000015"
PV-007102546096	29.380700000000555	8	ligand_barriers_JOB_8.txt	"PV-007102546096	1	29.380700000000555"
PV-007103650766	31.46540000000225	8	ligand_barriers_JOB_8.txt	"PV-007103650766	1	31.46540000000225"
PV-007104029103	26.18459999999907	8	ligand_barriers_JOB_8.txt	"PV-007104029103	1	26.18459999999907"
PV-007104133227	30.81569999999367	8	ligand_barriers_JOB_8.txt	"PV-007104133227	1	30.81569999999367"
PV-007104159933	30.706800000000374	8	ligand_barriers_JOB_8.txt	"PV-007104159933	1	30.706800000000374"
PV-007104317610	30.03190000000131	8	ligand_barriers_JOB_8.txt	"PV-007104317610	1	30.03190000000131"
PV-007104492796	27.492600000005027	8	ligand_barriers_JOB_8.txt	"PV-007104492796	1	27.492600000005027"
PV-007104679706	29.537099999990506	8	ligand_barriers_JOB_8.txt	"PV-007104679706	1	29.537099999990506"
PV-007104763152	27.681800000005225	8	ligand_barriers_JOB_8.txt	"PV-007104763152	1	27.681800000005225"
PV-007104802633	26.670300000006694	8	ligand_barriers_JOB_8.txt	"PV-007104802633	1	26.670300000006694"
PV-007105002758	25.690599999995143	8	ligand_barriers_JOB_8.txt	"PV-007105002758	1	25.690599999995143"
PV-007105117656	31.571799999998706	8	ligand_barriers_JOB_8.txt	"PV-007105117656	1	31.571799999998706"
PV-007105336892	31.96610000000113	8	ligand_barriers_JOB_8.txt	"PV-007105336892	1	31.96610000000113"
PV-007105337335	25.936100000011916	8	ligand_barriers_JOB_8.txt	"PV-007105337335	1	25.936100000011916"
PV-007105404982	30.174600000000005	8	ligand_barriers_JOB_8.txt	"PV-007105404982	1	30.174600000000005"
PV-007105425043	28.577400000002985	8	ligand_barriers_JOB_8.txt	"PV-007105425043	1	28.577400000002985"
PV-007105486822	31.34859999999908	8	ligand_barriers_JOB_8.txt	"PV-007105486822	1	31.34859999999908"
PV-007105874069	31.22059999998788	8	ligand_barriers_JOB_8.txt	"PV-007105874069	1	31.22059999998788"
PV-007106301155	26.12290000000503	8	ligand_barriers_JOB_8.txt	"PV-007106301155	1	26.12290000000503"
PV-007106301156	29.630200000000006	8	ligand_barriers_JOB_8.txt	"PV-007106301156	1	29.630200000000006"
PV-007106347496	25.474700000006877	8	ligand_barriers_JOB_8.txt	"PV-007106347496	1	25.474700000006877"
PV-007106696284	28.457900000003704	8	ligand_barriers_JOB_8.txt	"PV-007106696284	1	28.457900000003704"
PV-007106763875	30.495800000000557	8	ligand_barriers_JOB_8.txt	"PV-007106763875	1	30.495800000000557"
PV-007106844778	26.651399999992183	8	ligand_barriers_JOB_8.txt	"PV-007106844778	1	26.651399999992183"
PV-007107007873	27.598800000006513	8	ligand_barriers_JOB_8.txt	"PV-007107007873	1	27.598800000006513"
PV-007107086209	28.051199999996278	8	ligand_barriers_JOB_8.txt	"PV-007107086209	1	28.051199999996278"
PV-007107286724	29.970699999993293	8	ligand_barriers_JOB_8.txt	"PV-007107286724	1	29.970699999993293"
PV-007107335396	29.47519999999515	8	ligand_barriers_JOB_8.txt	"PV-007107335396	1	29.47519999999515"
PV-007107603500	30.307000000003537	8	ligand_barriers_JOB_8.txt	"PV-007107603500	1	30.307000000003537"
PV-007107677976	26.015199999991605	8	ligand_barriers_JOB_8.txt	"PV-007107677976	1	26.015199999991605"
PV-007107753102	26.4513999999879	8	ligand_barriers_JOB_8.txt	"PV-007107753102	1	26.4513999999879"
PV-007107758999	29.50380000001042	8	ligand_barriers_JOB_8.txt	"PV-007107758999	1	29.50380000001042"
PV-007108122225	29.08650000000504	8	ligand_barriers_JOB_8.txt	"PV-007108122225	1	29.08650000000504"
PV-007108122226	30.504200000001873	8	ligand_barriers_JOB_8.txt	"PV-007108122226	1	30.504200000001873"
PV-007108147304	31.275799999996273	8	ligand_barriers_JOB_8.txt	"PV-007108147304	1	31.275799999996273"
PV-007108360130	29.417899999997964	8	ligand_barriers_JOB_8.txt	"PV-007108360130	1	29.417899999997964"
PV-007108515561	28.255100000001867	8	ligand_barriers_JOB_8.txt	"PV-007108515561	1	28.255100000001867"
PV-007108524757	29.726099999997395	8	ligand_barriers_JOB_8.txt	"PV-007108524757	1	29.726099999997395"
PV-007108635515	26.865300000008006	8	ligand_barriers_JOB_8.txt	"PV-007108635515	1	26.865300000008006"
PV-007108867567	32.28579999998937	8	ligand_barriers_JOB_8.txt	"PV-007108867567	1	32.28579999998937"
PV-007108876106	30.049199999999995	8	ligand_barriers_JOB_8.txt	"PV-007108876106	1	30.049199999999995"
PV-007108913898	27.085999999996275	8	ligand_barriers_JOB_8.txt	"PV-007108913898	1	27.085999999996275"
PV-007108921406	30.04330000000558	8	ligand_barriers_JOB_8.txt	"PV-007108921406	1	30.04330000000558"
PV-007108921407	29.844099999996473	8	ligand_barriers_JOB_8.txt	"PV-007108921407	1	29.844099999996473"
PV-007108939095	31.197100000001686	8	ligand_barriers_JOB_8.txt	"PV-007108939095	1	31.197100000001686"
PV-007109211312	26.3929000000052	8	ligand_barriers_JOB_8.txt	"PV-007109211312	1	26.3929000000052"
PV-007109337685	29.14330000000391	8	ligand_barriers_JOB_8.txt	"PV-007109337685	1	29.14330000000391"
PV-007109482354	31.150400000001678	8	ligand_barriers_JOB_8.txt	"PV-007109482354	1	31.150400000001678"
PV-007109660369	30.92549999999926	8	ligand_barriers_JOB_8.txt	"PV-007109660369	1	30.92549999999926"
PV-007109677709	27.782299999996827	8	ligand_barriers_JOB_8.txt	"PV-007109677709	1	27.782299999996827"
PV-007109723373	28.734799999997577	8	ligand_barriers_JOB_8.txt	"PV-007109723373	1	28.734799999997577"
PV-007110125308	28.0058999999987	8	ligand_barriers_JOB_8.txt	"PV-007110125308	1	28.0058999999987"
PV-007110195088	28.51540000000242	8	ligand_barriers_JOB_8.txt	"PV-007110195088	1	28.51540000000242"
PV-007110233803	29.243499999996093	8	ligand_barriers_JOB_8.txt	"PV-007110233803	1	29.243499999996093"
PV-007110732323	29.239699999992357	8	ligand_barriers_JOB_8.txt	"PV-007110732323	1	29.239699999992357"
PV-007110732324	28.774600000003353	8	ligand_barriers_JOB_8.txt	"PV-007110732324	1	28.774600000003353"
PV-007110732325	31.20809999998993	8	ligand_barriers_JOB_8.txt	"PV-007110732325	1	31.20809999998993"
PV-007110753137	30.439399999992748	8	ligand_barriers_JOB_8.txt	"PV-007110753137	1	30.439399999992748"
PV-007110843478	26.94489999999459	8	ligand_barriers_JOB_8.txt	"PV-007110843478	1	26.94489999999459"
PV-007110919392	27.271199999994597	9	ligand_barriers_JOB_9.txt	"PV-007110919392	1	27.271199999994597"
PV-007111037873	31.834200000000582	9	ligand_barriers_JOB_9.txt	"PV-007111037873	1	31.834200000000582"
PV-007111432238	29.824300000001678	9	ligand_barriers_JOB_9.txt	"PV-007111432238	1	29.824300000001678"
PV-007111875887	28.90829999999832	9	ligand_barriers_JOB_9.txt	"PV-007111875887	1	28.90829999999832"
PV-007111875888	30.012700000000727	9	ligand_barriers_JOB_9.txt	"PV-007111875888	1	30.012700000000727"
PV-007112059627	30.672300000000014	9	ligand_barriers_JOB_9.txt	"PV-007112059627	1	30.672300000000014"
PV-007112077184	29.86760000000392	9	ligand_barriers_JOB_9.txt	"PV-007112077184	1	29.86760000000392"
PV-007112291856	27.206899999997393	9	ligand_barriers_JOB_9.txt	"PV-007112291856	1	27.206899999997393"
PV-007112571969	28.669000000001294	9	ligand_barriers_JOB_9.txt	"PV-007112571969	1	28.669000000001294"
PV-007112586517	26.95399999999943	9	ligand_barriers_JOB_9.txt	"PV-007112586517	1	26.95399999999943"
PV-007112646531	29.494500000002972	9	ligand_barriers_JOB_9.txt	"PV-007112646531	1	29.494500000002972"
PV-007112721679	26.930999999999436	9	ligand_barriers_JOB_9.txt	"PV-007112721679	1	26.930999999999436"
PV-007112821358	26.18029999999701	9	ligand_barriers_JOB_9.txt	"PV-007112821358	1	26.18029999999701"
PV-007112840123	27.349500000007453	9	ligand_barriers_JOB_9.txt	"PV-007112840123	1	27.349500000007453"
PV-007113072344	31.29650000000074	9	ligand_barriers_JOB_9.txt	"PV-007113072344	1	31.29650000000074"
PV-007113691256	26.565799999998312	9	ligand_barriers_JOB_9.txt	"PV-007113691256	1	26.565799999998312"
PV-007113709780	26.58689999999682	9	ligand_barriers_JOB_9.txt	"PV-007113709780	1	26.58689999999682"
PV-007113824070	31.790300000000013	9	ligand_barriers_JOB_9.txt	"PV-007113824070	1	31.790300000000013"
PV-007114043668	27.608800000000365	9	ligand_barriers_JOB_9.txt	"PV-007114043668	1	27.608800000000365"
PV-007114248952	30.719799999992546	9	ligand_barriers_JOB_9.txt	"PV-007114248952	1	30.719799999992546"
PV-007114574390	31.377000000003182	9	ligand_barriers_JOB_9.txt	"PV-007114574390	1	31.377000000003182"
PV-007114750360	30.892400000000002	9	ligand_barriers_JOB_9.txt	"PV-007114750360	1	30.892400000000002"
PV-007114957283	26.556199999998128	9	ligand_barriers_JOB_9.txt	"PV-007114957283	1	26.556199999998128"
PV-007115656013	27.444900000005955	9	ligand_barriers_JOB_9.txt	"PV-007115656013	1	27.444900000005955"
PV-007115818759	30.011999999997393	9	ligand_barriers_JOB_9.txt	"PV-007115818759	1	30.011999999997393"
PV-007115989739	29.953999999994224	9	ligand_barriers_JOB_9.txt	"PV-007115989739	1	29.953999999994224"
PV-007116311216	31.29199999998939	9	ligand_barriers_JOB_9.txt	"PV-007116311216	1	31.29199999998939"
PV-007116419099	28.418700000007252	9	ligand_barriers_JOB_9.txt	"PV-007116419099	1	28.418700000007252"
PV-007116419100	30.359599999997375	9	ligand_barriers_JOB_9.txt	"PV-007116419100	1	30.359599999997375"
PV-007116419101	30.3809000000013	9	ligand_barriers_JOB_9.txt	"PV-007116419101	1	30.3809000000013"
PV-007116423593	25.961900000001293	9	ligand_barriers_JOB_9.txt	"PV-007116423593	1	25.961900000001293"
PV-007116863468	27.60910000000893	9	ligand_barriers_JOB_9.txt	"PV-007116863468	1	27.60910000000893"
PV-007117133847	28.645000000010974	9	ligand_barriers_JOB_9.txt	"PV-007117133847	1	28.645000000010974"
PV-007117242541	29.68160000000111	9	ligand_barriers_JOB_9.txt	"PV-007117242541	1	29.68160000000111"
PV-007117294903	30.69720000000168	9	ligand_barriers_JOB_9.txt	"PV-007117294903	1	30.69720000000168"
PV-007117545802	30.94350000000002	9	ligand_barriers_JOB_9.txt	"PV-007117545802	1	30.94350000000002"
PV-007117818063	29.599299999997584	9	ligand_barriers_JOB_9.txt	"PV-007117818063	1	29.599299999997584"
PV-007117883492	27.941300000006706	9	ligand_barriers_JOB_9.txt	"PV-007117883492	1	27.941300000006706"
PV-007118134520	30.68470000000335	9	ligand_barriers_JOB_9.txt	"PV-007118134520	1	30.68470000000335"
PV-007118139340	25.852599999996084	9	ligand_barriers_JOB_9.txt	"PV-007118139340	1	25.852599999996084"
PV-007118211563	26.63189999999496	9	ligand_barriers_JOB_9.txt	"PV-007118211563	1	26.63189999999496"
PV-007118332562	28.731600000010033	9	ligand_barriers_JOB_9.txt	"PV-007118332562	1	28.731600000010033"
PV-007118423626	28.261899999998874	9	ligand_barriers_JOB_9.txt	"PV-007118423626	1	28.261899999998874"
PV-007118436074	29.02900000000167	9	ligand_barriers_JOB_9.txt	"PV-007118436074	1	29.02900000000167"
PV-007118779522	26.710000000004097	9	ligand_barriers_JOB_9.txt	"PV-007118779522	1	26.710000000004097"
PV-007119014751	27.70549999999517	9	ligand_barriers_JOB_9.txt	"PV-007119014751	1	27.70549999999517"
PV-007119138248	28.80249999999563	9	ligand_barriers_JOB_9.txt	"PV-007119138248	1	28.80249999999563"
PV-007119260814	28.68899999999925	9	ligand_barriers_JOB_9.txt	"PV-007119260814	1	28.68899999999925"
PV-007119390409	29.26710000000241	9	ligand_barriers_JOB_9.txt	"PV-007119390409	1	29.26710000000241"
PV-007119649093	26.48230000000893	9	ligand_barriers_JOB_9.txt	"PV-007119649093	1	26.48230000000893"
PV-007119747428	26.915000000001488	9	ligand_barriers_JOB_9.txt	"PV-007119747428	1	26.915000000001488"
PV-007119806962	29.303000000007074	9	ligand_barriers_JOB_9.txt	"PV-007119806962	1	29.303000000007074"
PV-007120173602	27.039300000004097	9	ligand_barriers_JOB_9.txt	"PV-007120173602	1	27.039300000004097"
PV-007120569239	26.137599999994965	9	ligand_barriers_JOB_9.txt	"PV-007120569239	1	26.137599999994965"
PV-007120581547	30.56410000000504	9	ligand_barriers_JOB_9.txt	"PV-007120581547	1	30.56410000000504"
PV-007120732115	30.21010000000299	9	ligand_barriers_JOB_9.txt	"PV-007120732115	1	30.21010000000299"
PV-007121104916	29.653600000004467	9	ligand_barriers_JOB_9.txt	"PV-007121104916	1	29.653600000004467"
PV-007121401668	31.691000000002806	9	ligand_barriers_JOB_9.txt	"PV-007121401668	1	31.691000000002806"
PV-007121435790	27.69450000000036	9	ligand_barriers_JOB_9.txt	"PV-007121435790	1	27.69450000000036"
PV-007121559219	28.460700000006515	9	ligand_barriers_JOB_9.txt	"PV-007121559219	1	28.460700000006515"
PV-007121615762	29.144600000000175	9	ligand_barriers_JOB_9.txt	"PV-007121615762	1	29.144600000000175"
PV-007121663017	28.63969999999657	9	ligand_barriers_JOB_9.txt	"PV-007121663017	1	28.63969999999657"
PV-007121793374	29.40139999999366	9	ligand_barriers_JOB_9.txt	"PV-007121793374	1	29.40139999999366"
PV-007121808875	29.208599999999997	9	ligand_barriers_JOB_9.txt	"PV-007121808875	1	29.208599999999997"
PV-007121893264	31.554100000001682	9	ligand_barriers_JOB_9.txt	"PV-007121893264	1	31.554100000001682"
PV-007121898174	31.01780000000001	9	ligand_barriers_JOB_9.txt	"PV-007121898174	1	31.01780000000001"
PV-007122070364	29.950300000005026	9	ligand_barriers_JOB_9.txt	"PV-007122070364	1	29.950300000005026"
PV-007122139503	29.061599999994215	9	ligand_barriers_JOB_9.txt	"PV-007122139503	1	29.061599999994215"
PV-007122182876	27.109599999996764	9	ligand_barriers_JOB_9.txt	"PV-007122182876	1	27.109599999996764"
PV-007122223128	26.552599999994218	9	ligand_barriers_JOB_9.txt	"PV-007122223128	1	26.552599999994218"
PV-007122262310	27.27039999999478	9	ligand_barriers_JOB_9.txt	"PV-007122262310	1	27.27039999999478"
PV-007122305559	29.907300000005204	9	ligand_barriers_JOB_9.txt	"PV-007122305559	1	29.907300000005204"
PV-007122416229	31.521500000000007	9	ligand_barriers_JOB_9.txt	"PV-007122416229	1	31.521500000000007"
PV-007122788560	29.148500000004084	9	ligand_barriers_JOB_9.txt	"PV-007122788560	1	29.148500000004084"
PV-007122801880	28.267100000004092	9	ligand_barriers_JOB_9.txt	"PV-007122801880	1	28.267100000004092"
PV-007123083164	27.570300000006338	9	ligand_barriers_JOB_9.txt	"PV-007123083164	1	27.570300000006338"
PV-007123092830	32.882299999995354	9	ligand_barriers_JOB_9.txt	"PV-007123092830	1	32.882299999995354"
PV-007123224301	29.04249999999552	9	ligand_barriers_JOB_9.txt	"PV-007123224301	1	29.04249999999552"
PV-007123270533	30.129199999992544	9	ligand_barriers_JOB_9.txt	"PV-007123270533	1	30.129199999992544"
PV-007123400927	30.536600000003368	9	ligand_barriers_JOB_9.txt	"PV-007123400927	1	30.536600000003368"
PV-007123400928	29.3351000000028	9	ligand_barriers_JOB_9.txt	"PV-007123400928	1	29.3351000000028"
PV-007123400929	29.551900000000003	9	ligand_barriers_JOB_9.txt	"PV-007123400929	1	29.551900000000003"
PV-007123596270	31.698099999999258	9	ligand_barriers_JOB_9.txt	"PV-007123596270	1	31.698099999999258"
PV-007124135574	29.393299999999808	9	ligand_barriers_JOB_9.txt	"PV-007124135574	1	29.393299999999808"
PV-007124140057	26.30550000000651	9	ligand_barriers_JOB_9.txt	"PV-007124140057	1	26.30550000000651"
PV-007124302142	26.727199999995154	9	ligand_barriers_JOB_9.txt	"PV-007124302142	1	26.727199999995154"
PV-007124705271	29.282300000005026	9	ligand_barriers_JOB_9.txt	"PV-007124705271	1	29.282300000005026"
PV-007124705272	30.69329999999889	9	ligand_barriers_JOB_9.txt	"PV-007124705272	1	30.69329999999889"
PV-007124705273	31.361600000001484	9	ligand_barriers_JOB_9.txt	"PV-007124705273	1	31.361600000001484"
PV-007124728762	31.49620000000336	9	ligand_barriers_JOB_9.txt	"PV-007124728762	1	31.49620000000336"
PV-007124787737	28.6937000000026	9	ligand_barriers_JOB_9.txt	"PV-007124787737	1	28.6937000000026"
PV-007124806699	29.392499999994783	9	ligand_barriers_JOB_9.txt	"PV-007124806699	1	29.392499999994783"
PV-007125480067	29.26439999999198	9	ligand_barriers_JOB_9.txt	"PV-007125480067	1	29.26439999999198"
PV-007125518074	27.749399999990313	9	ligand_barriers_JOB_9.txt	"PV-007125518074	1	27.749399999990313"
PV-007125981353	29.716000000000367	9	ligand_barriers_JOB_9.txt	"PV-007125981353	1	29.716000000000367"
PV-007126097368	30.663699999999636	9	ligand_barriers_JOB_9.txt	"PV-007126097368	1	30.663699999999636"
PV-007126110467	31.062100000000008	9	ligand_barriers_JOB_9.txt	"PV-007126110467	1	31.062100000000008"
PV-007126322577	26.49670000000056	9	ligand_barriers_JOB_9.txt	"PV-007126322577	1	26.49670000000056"
PV-007126565118	26.96550000000465	9	ligand_barriers_JOB_9.txt	"PV-007126565118	1	26.96550000000465"
