feature	category
PRO6-PRO7	residue_residue_PRO_PRO
PRO6-PRO8	residue_residue_PRO_PRO
PRO6-PRO9	residue_residue_PRO_PRO
PRO6-PRO16	residue_residue_PRO_PRO
PRO6-PRO19	residue_residue_PRO_PRO
PRO6-PRO20	residue_residue_PRO_PRO
PRO6-PRO23	residue_residue_PRO_PRO
PRO6-PRO24	residue_residue_PRO_PRO
PRO6-PRO37	residue_residue_PRO_PRO
PRO6-PRO38	residue_residue_PRO_PRO
PRO6-PRO39	residue_residue_PRO_PRO
PRO6-PRO40	residue_residue_PRO_PRO
PRO6-PRO55	residue_residue_PRO_PRO
PRO6-PRO56	residue_residue_PRO_PRO
PRO6-PRO57	residue_residue_PRO_PRO
PRO6-PRO58	residue_residue_PRO_PRO
PRO6-PRO70	residue_residue_PRO_PRO
PRO6-PRO71	residue_residue_PRO_PRO
PRO6-PRO72	residue_residue_PRO_PRO
PRO6-PRO73	residue_residue_PRO_PRO
PRO6-PRO74	residue_residue_PRO_PRO
PRO6-PRO75	residue_residue_PRO_PRO
PRO6-PRO76	residue_residue_PRO_PRO
PRO6-PRO77	residue_residue_PRO_PRO
PRO6-PRO78	residue_residue_PRO_PRO
PRO6-PRO79	residue_residue_PRO_PRO
PRO6-PRO80	residue_residue_PRO_PRO
PRO6-PRO81	residue_residue_PRO_PRO
PRO6-PRO100	residue_residue_PRO_PRO
PRO6-PRO104	residue_residue_PRO_PRO
PRO6-PRO109	residue_residue_PRO_PRO
PRO6-PRO110	residue_residue_PRO_PRO
PRO6-PRO111	residue_residue_PRO_PRO
PRO6-PRO112	residue_residue_PRO_PRO
PRO6-PRO114	residue_residue_PRO_PRO
PRO6-PRO152	residue_residue_PRO_PRO
PRO6-PRO153	residue_residue_PRO_PRO
PRO6-PRO154	residue_residue_PRO_PRO
PRO6-PRO155	residue_residue_PRO_PRO
PRO6-PRO156	residue_residue_PRO_PRO
PRO6-PRO159	residue_residue_PRO_PRO
PRO7-PRO8	residue_residue_PRO_PRO
PRO7-PRO9	residue_residue_PRO_PRO
PRO7-PRO10	residue_residue_PRO_PRO
PRO7-PRO16	residue_residue_PRO_PRO
PRO7-PRO17	residue_residue_PRO_PRO
PRO7-PRO19	residue_residue_PRO_PRO
PRO7-PRO20	residue_residue_PRO_PRO
PRO7-PRO24	residue_residue_PRO_PRO
PRO7-PRO35	residue_residue_PRO_PRO
PRO7-PRO36	residue_residue_PRO_PRO
PRO7-PRO37	residue_residue_PRO_PRO
PRO7-PRO38	residue_residue_PRO_PRO
PRO7-PRO39	residue_residue_PRO_PRO
PRO7-PRO40	residue_residue_PRO_PRO
PRO7-PRO55	residue_residue_PRO_PRO
PRO7-PRO56	residue_residue_PRO_PRO
PRO7-PRO57	residue_residue_PRO_PRO
PRO7-PRO58	residue_residue_PRO_PRO
PRO7-PRO59	residue_residue_PRO_PRO
PRO7-PRO60	residue_residue_PRO_PRO
PRO7-PRO67	residue_residue_PRO_PRO
PRO7-PRO68	residue_residue_PRO_PRO
PRO7-PRO69	residue_residue_PRO_PRO
PRO7-PRO70	residue_residue_PRO_PRO
PRO7-PRO71	residue_residue_PRO_PRO
PRO7-PRO72	residue_residue_PRO_PRO
PRO7-PRO73	residue_residue_PRO_PRO
PRO7-PRO74	residue_residue_PRO_PRO
PRO7-PRO75	residue_residue_PRO_PRO
PRO7-PRO76	residue_residue_PRO_PRO
PRO7-PRO77	residue_residue_PRO_PRO
PRO7-PRO78	residue_residue_PRO_PRO
PRO7-PRO79	residue_residue_PRO_PRO
PRO7-PRO80	residue_residue_PRO_PRO
PRO7-PRO81	residue_residue_PRO_PRO
PRO7-PRO96	residue_residue_PRO_PRO
PRO7-PRO100	residue_residue_PRO_PRO
PRO7-PRO103	residue_residue_PRO_PRO
PRO7-PRO104	residue_residue_PRO_PRO
PRO7-PRO109	residue_residue_PRO_PRO
PRO7-PRO110	residue_residue_PRO_PRO
PRO7-PRO111	residue_residue_PRO_PRO
PRO7-PRO112	residue_residue_PRO_PRO
PRO7-PRO113	residue_residue_PRO_PRO
PRO7-PRO114	residue_residue_PRO_PRO
PRO7-PRO155	residue_residue_PRO_PRO
PRO7-PRO156	residue_residue_PRO_PRO
PRO7-PRO159	residue_residue_PRO_PRO
PRO8-PRO9	residue_residue_PRO_PRO
PRO8-PRO10	residue_residue_PRO_PRO
PRO8-PRO11	residue_residue_PRO_PRO
PRO8-PRO12	residue_residue_PRO_PRO
PRO8-PRO13	residue_residue_PRO_PRO
PRO8-PRO14	residue_residue_PRO_PRO
PRO8-PRO15	residue_residue_PRO_PRO
PRO8-PRO16	residue_residue_PRO_PRO
PRO8-PRO17	residue_residue_PRO_PRO
PRO8-PRO18	residue_residue_PRO_PRO
PRO8-PRO19	residue_residue_PRO_PRO
PRO8-PRO20	residue_residue_PRO_PRO
PRO8-PRO21	residue_residue_PRO_PRO
PRO8-PRO22	residue_residue_PRO_PRO
PRO8-PRO23	residue_residue_PRO_PRO
PRO8-PRO24	residue_residue_PRO_PRO
PRO8-PRO35	residue_residue_PRO_PRO
PRO8-PRO37	residue_residue_PRO_PRO
PRO8-PRO38	residue_residue_PRO_PRO
PRO8-PRO39	residue_residue_PRO_PRO
PRO8-PRO40	residue_residue_PRO_PRO
PRO8-PRO55	residue_residue_PRO_PRO
PRO8-PRO56	residue_residue_PRO_PRO
PRO8-PRO57	residue_residue_PRO_PRO
PRO8-PRO58	residue_residue_PRO_PRO
PRO8-PRO59	residue_residue_PRO_PRO
PRO8-PRO60	residue_residue_PRO_PRO
PRO8-PRO61	residue_residue_PRO_PRO
PRO8-PRO68	residue_residue_PRO_PRO
PRO8-PRO71	residue_residue_PRO_PRO
PRO8-PRO72	residue_residue_PRO_PRO
PRO8-PRO74	residue_residue_PRO_PRO
PRO8-PRO75	residue_residue_PRO_PRO
PRO8-PRO76	residue_residue_PRO_PRO
PRO8-PRO77	residue_residue_PRO_PRO
PRO8-PRO78	residue_residue_PRO_PRO
PRO8-PRO79	residue_residue_PRO_PRO
PRO8-PRO80	residue_residue_PRO_PRO
PRO8-PRO81	residue_residue_PRO_PRO
PRO8-PRO82	residue_residue_PRO_PRO
PRO8-PRO83	residue_residue_PRO_PRO
PRO8-PRO89	residue_residue_PRO_PRO
PRO8-PRO93	residue_residue_PRO_PRO
PRO8-PRO96	residue_residue_PRO_PRO
PRO8-PRO100	residue_residue_PRO_PRO
PRO8-PRO110	residue_residue_PRO_PRO
PRO8-PRO111	residue_residue_PRO_PRO
PRO8-PRO112	residue_residue_PRO_PRO
PRO8-PRO113	residue_residue_PRO_PRO
PRO8-PRO114	residue_residue_PRO_PRO
PRO8-PRO115	residue_residue_PRO_PRO
PRO8-PRO116	residue_residue_PRO_PRO
PRO8-PRO142	residue_residue_PRO_PRO
PRO8-PRO144	residue_residue_PRO_PRO
PRO8-PRO146	residue_residue_PRO_PRO
PRO8-PRO152	residue_residue_PRO_PRO
PRO8-PRO155	residue_residue_PRO_PRO
PRO8-PRO156	residue_residue_PRO_PRO
PRO8-PRO159	residue_residue_PRO_PRO
PRO8-GTP	GTP_residue_PRO_GTP
PRO9-PRO10	residue_residue_PRO_PRO
PRO9-PRO11	residue_residue_PRO_PRO
PRO9-PRO12	residue_residue_PRO_PRO
PRO9-PRO13	residue_residue_PRO_PRO
PRO9-PRO14	residue_residue_PRO_PRO
PRO9-PRO15	residue_residue_PRO_PRO
PRO9-PRO16	residue_residue_PRO_PRO
PRO9-PRO17	residue_residue_PRO_PRO
PRO9-PRO19	residue_residue_PRO_PRO
PRO9-PRO20	residue_residue_PRO_PRO
PRO9-PRO35	residue_residue_PRO_PRO
PRO9-PRO37	residue_residue_PRO_PRO
PRO9-PRO55	residue_residue_PRO_PRO
PRO9-PRO56	residue_residue_PRO_PRO
PRO9-PRO57	residue_residue_PRO_PRO
PRO9-PRO58	residue_residue_PRO_PRO
PRO9-PRO59	residue_residue_PRO_PRO
PRO9-PRO60	residue_residue_PRO_PRO
PRO9-PRO61	residue_residue_PRO_PRO
PRO9-PRO64	residue_residue_PRO_PRO
PRO9-PRO65	residue_residue_PRO_PRO
PRO9-PRO67	residue_residue_PRO_PRO
PRO9-PRO68	residue_residue_PRO_PRO
PRO9-PRO69	residue_residue_PRO_PRO
PRO9-PRO70	residue_residue_PRO_PRO
PRO9-PRO71	residue_residue_PRO_PRO
PRO9-PRO72	residue_residue_PRO_PRO
PRO9-PRO73	residue_residue_PRO_PRO
PRO9-PRO74	residue_residue_PRO_PRO
PRO9-PRO75	residue_residue_PRO_PRO
PRO9-PRO76	residue_residue_PRO_PRO
PRO9-PRO77	residue_residue_PRO_PRO
PRO9-PRO78	residue_residue_PRO_PRO
PRO9-PRO79	residue_residue_PRO_PRO
PRO9-PRO80	residue_residue_PRO_PRO
PRO9-PRO81	residue_residue_PRO_PRO
PRO9-PRO82	residue_residue_PRO_PRO
PRO9-PRO83	residue_residue_PRO_PRO
PRO9-PRO89	residue_residue_PRO_PRO
PRO9-PRO90	residue_residue_PRO_PRO
PRO9-PRO92	residue_residue_PRO_PRO
PRO9-PRO93	residue_residue_PRO_PRO
PRO9-PRO94	residue_residue_PRO_PRO
PRO9-PRO95	residue_residue_PRO_PRO
PRO9-PRO96	residue_residue_PRO_PRO
PRO9-PRO97	residue_residue_PRO_PRO
PRO9-PRO98	residue_residue_PRO_PRO
PRO9-PRO99	residue_residue_PRO_PRO
PRO9-PRO100	residue_residue_PRO_PRO
PRO9-PRO101	residue_residue_PRO_PRO
PRO9-PRO103	residue_residue_PRO_PRO
PRO9-PRO104	residue_residue_PRO_PRO
PRO9-PRO109	residue_residue_PRO_PRO
PRO9-PRO110	residue_residue_PRO_PRO
PRO9-PRO111	residue_residue_PRO_PRO
PRO9-PRO112	residue_residue_PRO_PRO
PRO9-PRO113	residue_residue_PRO_PRO
PRO9-PRO114	residue_residue_PRO_PRO
PRO9-PRO115	residue_residue_PRO_PRO
PRO9-PRO116	residue_residue_PRO_PRO
PRO9-PRO139	residue_residue_PRO_PRO
PRO9-PRO155	residue_residue_PRO_PRO
PRO9-PRO156	residue_residue_PRO_PRO
PRO9-PRO159	residue_residue_PRO_PRO
PRO9-GTP	GTP_residue_PRO_GTP
PRO10-PRO11	residue_residue_PRO_PRO
PRO10-PRO12	residue_residue_PRO_PRO
PRO10-PRO13	residue_residue_PRO_PRO
PRO10-PRO14	residue_residue_PRO_PRO
PRO10-PRO15	residue_residue_PRO_PRO
PRO10-PRO16	residue_residue_PRO_PRO
PRO10-PRO17	residue_residue_PRO_PRO
PRO10-PRO19	residue_residue_PRO_PRO
PRO10-PRO20	residue_residue_PRO_PRO
PRO10-PRO35	residue_residue_PRO_PRO
PRO10-PRO56	residue_residue_PRO_PRO
PRO10-PRO57	residue_residue_PRO_PRO
PRO10-PRO58	residue_residue_PRO_PRO
PRO10-PRO59	residue_residue_PRO_PRO
PRO10-PRO60	residue_residue_PRO_PRO
PRO10-PRO61	residue_residue_PRO_PRO
PRO10-PRO62	residue_residue_PRO_PRO
PRO10-PRO64	residue_residue_PRO_PRO
PRO10-PRO65	residue_residue_PRO_PRO
PRO10-PRO68	residue_residue_PRO_PRO
PRO10-PRO71	residue_residue_PRO_PRO
PRO10-PRO72	residue_residue_PRO_PRO
PRO10-PRO78	residue_residue_PRO_PRO
PRO10-PRO79	residue_residue_PRO_PRO
PRO10-PRO80	residue_residue_PRO_PRO
PRO10-PRO81	residue_residue_PRO_PRO
PRO10-PRO82	residue_residue_PRO_PRO
PRO10-PRO83	residue_residue_PRO_PRO
PRO10-PRO86	residue_residue_PRO_PRO
PRO10-PRO88	residue_residue_PRO_PRO
PRO10-PRO89	residue_residue_PRO_PRO
PRO10-PRO90	residue_residue_PRO_PRO
PRO10-PRO91	residue_residue_PRO_PRO
PRO10-PRO92	residue_residue_PRO_PRO
PRO10-PRO93	residue_residue_PRO_PRO
PRO10-PRO94	residue_residue_PRO_PRO
PRO10-PRO95	residue_residue_PRO_PRO
PRO10-PRO96	residue_residue_PRO_PRO
PRO10-PRO97	residue_residue_PRO_PRO
PRO10-PRO99	residue_residue_PRO_PRO
PRO10-PRO100	residue_residue_PRO_PRO
PRO10-PRO112	residue_residue_PRO_PRO
PRO10-PRO113	residue_residue_PRO_PRO
PRO10-PRO114	residue_residue_PRO_PRO
PRO10-PRO115	residue_residue_PRO_PRO
PRO10-PRO116	residue_residue_PRO_PRO
PRO10-PRO117	residue_residue_PRO_PRO
PRO10-PRO1276	residue_residue_PRO_PRO
PRO10-PRO1277	residue_residue_PRO_PRO
PRO10-PRO1278	residue_residue_PRO_PRO
PRO10-GTP	GTP_residue_PRO_GTP
PRO11-PRO12	residue_residue_PRO_PRO
PRO11-PRO13	residue_residue_PRO_PRO
PRO11-PRO14	residue_residue_PRO_PRO
PRO11-PRO15	residue_residue_PRO_PRO
PRO11-PRO16	residue_residue_PRO_PRO
PRO11-PRO17	residue_residue_PRO_PRO
PRO11-PRO18	residue_residue_PRO_PRO
PRO11-PRO19	residue_residue_PRO_PRO
PRO11-PRO35	residue_residue_PRO_PRO
PRO11-PRO57	residue_residue_PRO_PRO
PRO11-PRO58	residue_residue_PRO_PRO
PRO11-PRO59	residue_residue_PRO_PRO
PRO11-PRO60	residue_residue_PRO_PRO
PRO11-PRO61	residue_residue_PRO_PRO
PRO11-PRO62	residue_residue_PRO_PRO
PRO11-PRO63	residue_residue_PRO_PRO
PRO11-PRO64	residue_residue_PRO_PRO
PRO11-PRO65	residue_residue_PRO_PRO
PRO11-PRO68	residue_residue_PRO_PRO
PRO11-PRO72	residue_residue_PRO_PRO
PRO11-PRO79	residue_residue_PRO_PRO
PRO11-PRO80	residue_residue_PRO_PRO
PRO11-PRO81	residue_residue_PRO_PRO
PRO11-PRO82	residue_residue_PRO_PRO
PRO11-PRO83	residue_residue_PRO_PRO
PRO11-PRO84	residue_residue_PRO_PRO
PRO11-PRO85	residue_residue_PRO_PRO
PRO11-PRO86	residue_residue_PRO_PRO
PRO11-PRO87	residue_residue_PRO_PRO
PRO11-PRO88	residue_residue_PRO_PRO
PRO11-PRO89	residue_residue_PRO_PRO
PRO11-PRO90	residue_residue_PRO_PRO
PRO11-PRO91	residue_residue_PRO_PRO
PRO11-PRO92	residue_residue_PRO_PRO
PRO11-PRO93	residue_residue_PRO_PRO
PRO11-PRO94	residue_residue_PRO_PRO
PRO11-PRO95	residue_residue_PRO_PRO
PRO11-PRO96	residue_residue_PRO_PRO
PRO11-PRO113	residue_residue_PRO_PRO
PRO11-PRO114	residue_residue_PRO_PRO
PRO11-PRO115	residue_residue_PRO_PRO
PRO11-PRO116	residue_residue_PRO_PRO
PRO11-PRO117	residue_residue_PRO_PRO
PRO11-PRO125	residue_residue_PRO_PRO
PRO11-PRO1233	residue_residue_PRO_PRO
PRO11-PRO1234	residue_residue_PRO_PRO
PRO11-PRO1275	residue_residue_PRO_PRO
PRO11-PRO1276	residue_residue_PRO_PRO
PRO11-PRO1277	residue_residue_PRO_PRO
PRO11-PRO1278	residue_residue_PRO_PRO
PRO11-PRO1279	residue_residue_PRO_PRO
PRO11-PRO1282	residue_residue_PRO_PRO
PRO11-PRO1283	residue_residue_PRO_PRO
PRO11-GTP	GTP_residue_PRO_GTP
PRO12-PRO13	residue_residue_PRO_PRO
PRO12-PRO14	residue_residue_PRO_PRO
PRO12-PRO15	residue_residue_PRO_PRO
PRO12-PRO16	residue_residue_PRO_PRO
PRO12-PRO17	residue_residue_PRO_PRO
PRO12-PRO18	residue_residue_PRO_PRO
PRO12-PRO32	residue_residue_PRO_PRO
PRO12-PRO33	residue_residue_PRO_PRO
PRO12-PRO34	residue_residue_PRO_PRO
PRO12-PRO35	residue_residue_PRO_PRO
PRO12-PRO36	residue_residue_PRO_PRO
PRO12-PRO57	residue_residue_PRO_PRO
PRO12-PRO58	residue_residue_PRO_PRO
PRO12-PRO59	residue_residue_PRO_PRO
PRO12-PRO60	residue_residue_PRO_PRO
PRO12-PRO61	residue_residue_PRO_PRO
PRO12-PRO62	residue_residue_PRO_PRO
PRO12-PRO63	residue_residue_PRO_PRO
PRO12-PRO64	residue_residue_PRO_PRO
PRO12-PRO65	residue_residue_PRO_PRO
PRO12-PRO68	residue_residue_PRO_PRO
PRO12-PRO81	residue_residue_PRO_PRO
PRO12-PRO82	residue_residue_PRO_PRO
PRO12-PRO83	residue_residue_PRO_PRO
PRO12-PRO84	residue_residue_PRO_PRO
PRO12-PRO85	residue_residue_PRO_PRO
PRO12-PRO86	residue_residue_PRO_PRO
PRO12-PRO87	residue_residue_PRO_PRO
PRO12-PRO88	residue_residue_PRO_PRO
PRO12-PRO89	residue_residue_PRO_PRO
PRO12-PRO90	residue_residue_PRO_PRO
PRO12-PRO92	residue_residue_PRO_PRO
PRO12-PRO93	residue_residue_PRO_PRO
PRO12-PRO96	residue_residue_PRO_PRO
PRO12-PRO116	residue_residue_PRO_PRO
PRO12-PRO117	residue_residue_PRO_PRO
PRO12-PRO1233	residue_residue_PRO_PRO
PRO12-PRO1236	residue_residue_PRO_PRO
PRO12-PRO1272	residue_residue_PRO_PRO
PRO12-PRO1273	residue_residue_PRO_PRO
PRO12-PRO1274	residue_residue_PRO_PRO
PRO12-PRO1275	residue_residue_PRO_PRO
PRO12-PRO1276	residue_residue_PRO_PRO
PRO12-PRO1277	residue_residue_PRO_PRO
PRO12-PRO1278	residue_residue_PRO_PRO
PRO12-PRO1279	residue_residue_PRO_PRO
PRO12-PRO1280	residue_residue_PRO_PRO
PRO12-PRO1282	residue_residue_PRO_PRO
PRO12-PRO1283	residue_residue_PRO_PRO
PRO12-PRO1285	residue_residue_PRO_PRO
PRO12-PRO1286	residue_residue_PRO_PRO
PRO12-PRO1390	residue_residue_PRO_PRO
PRO12-PRO1391	residue_residue_PRO_PRO
PRO12-GTP	GTP_residue_PRO_GTP
PRO13-PRO14	residue_residue_PRO_PRO
PRO13-PRO15	residue_residue_PRO_PRO
PRO13-PRO16	residue_residue_PRO_PRO
PRO13-PRO17	residue_residue_PRO_PRO
PRO13-PRO18	residue_residue_PRO_PRO
PRO13-PRO19	residue_residue_PRO_PRO
PRO13-PRO28	residue_residue_PRO_PRO
PRO13-PRO29	residue_residue_PRO_PRO
PRO13-PRO30	residue_residue_PRO_PRO
PRO13-PRO31	residue_residue_PRO_PRO
PRO13-PRO32	residue_residue_PRO_PRO
PRO13-PRO33	residue_residue_PRO_PRO
PRO13-PRO34	residue_residue_PRO_PRO
PRO13-PRO35	residue_residue_PRO_PRO
PRO13-PRO57	residue_residue_PRO_PRO
PRO13-PRO58	residue_residue_PRO_PRO
PRO13-PRO59	residue_residue_PRO_PRO
PRO13-PRO60	residue_residue_PRO_PRO
PRO13-PRO61	residue_residue_PRO_PRO
PRO13-PRO62	residue_residue_PRO_PRO
PRO13-PRO64	residue_residue_PRO_PRO
PRO13-PRO68	residue_residue_PRO_PRO
PRO13-PRO81	residue_residue_PRO_PRO
PRO13-PRO82	residue_residue_PRO_PRO
PRO13-PRO83	residue_residue_PRO_PRO
PRO13-PRO84	residue_residue_PRO_PRO
PRO13-PRO85	residue_residue_PRO_PRO
PRO13-PRO86	residue_residue_PRO_PRO
PRO13-PRO87	residue_residue_PRO_PRO
PRO13-PRO88	residue_residue_PRO_PRO
PRO13-PRO89	residue_residue_PRO_PRO
PRO13-PRO92	residue_residue_PRO_PRO
PRO13-PRO96	residue_residue_PRO_PRO
PRO13-PRO116	residue_residue_PRO_PRO
PRO13-PRO117	residue_residue_PRO_PRO
PRO13-PRO120	residue_residue_PRO_PRO
PRO13-PRO146	residue_residue_PRO_PRO
PRO13-PRO1272	residue_residue_PRO_PRO
PRO13-PRO1273	residue_residue_PRO_PRO
PRO13-PRO1274	residue_residue_PRO_PRO
PRO13-PRO1275	residue_residue_PRO_PRO
PRO13-PRO1276	residue_residue_PRO_PRO
PRO13-PRO1277	residue_residue_PRO_PRO
PRO13-PRO1278	residue_residue_PRO_PRO
PRO13-PRO1279	residue_residue_PRO_PRO
PRO13-PRO1390	residue_residue_PRO_PRO
PRO13-PRO1391	residue_residue_PRO_PRO
PRO13-GTP	GTP_residue_PRO_GTP
PRO14-PRO15	residue_residue_PRO_PRO
PRO14-PRO16	residue_residue_PRO_PRO
PRO14-PRO17	residue_residue_PRO_PRO
PRO14-PRO18	residue_residue_PRO_PRO
PRO14-PRO19	residue_residue_PRO_PRO
PRO14-PRO20	residue_residue_PRO_PRO
PRO14-PRO28	residue_residue_PRO_PRO
PRO14-PRO35	residue_residue_PRO_PRO
PRO14-PRO57	residue_residue_PRO_PRO
PRO14-PRO58	residue_residue_PRO_PRO
PRO14-PRO59	residue_residue_PRO_PRO
PRO14-PRO60	residue_residue_PRO_PRO
PRO14-PRO61	residue_residue_PRO_PRO
PRO14-PRO62	residue_residue_PRO_PRO
PRO14-PRO68	residue_residue_PRO_PRO
PRO14-PRO79	residue_residue_PRO_PRO
PRO14-PRO80	residue_residue_PRO_PRO
PRO14-PRO81	residue_residue_PRO_PRO
PRO14-PRO82	residue_residue_PRO_PRO
PRO14-PRO83	residue_residue_PRO_PRO
PRO14-PRO84	residue_residue_PRO_PRO
PRO14-PRO85	residue_residue_PRO_PRO
PRO14-PRO86	residue_residue_PRO_PRO
PRO14-PRO87	residue_residue_PRO_PRO
PRO14-PRO88	residue_residue_PRO_PRO
PRO14-PRO89	residue_residue_PRO_PRO
PRO14-PRO90	residue_residue_PRO_PRO
PRO14-PRO91	residue_residue_PRO_PRO
PRO14-PRO92	residue_residue_PRO_PRO
PRO14-PRO93	residue_residue_PRO_PRO
PRO14-PRO96	residue_residue_PRO_PRO
PRO14-PRO112	residue_residue_PRO_PRO
PRO14-PRO113	residue_residue_PRO_PRO
PRO14-PRO114	residue_residue_PRO_PRO
PRO14-PRO115	residue_residue_PRO_PRO
PRO14-PRO116	residue_residue_PRO_PRO
PRO14-PRO117	residue_residue_PRO_PRO
PRO14-PRO118	residue_residue_PRO_PRO
PRO14-PRO119	residue_residue_PRO_PRO
PRO14-PRO120	residue_residue_PRO_PRO
PRO14-PRO124	residue_residue_PRO_PRO
PRO14-PRO125	residue_residue_PRO_PRO
PRO14-PRO141	residue_residue_PRO_PRO
PRO14-PRO142	residue_residue_PRO_PRO
PRO14-PRO143	residue_residue_PRO_PRO
PRO14-PRO144	residue_residue_PRO_PRO
PRO14-PRO145	residue_residue_PRO_PRO
PRO14-PRO146	residue_residue_PRO_PRO
PRO14-PRO147	residue_residue_PRO_PRO
PRO14-PRO152	residue_residue_PRO_PRO
PRO14-PRO156	residue_residue_PRO_PRO
PRO14-PRO1273	residue_residue_PRO_PRO
PRO14-PRO1275	residue_residue_PRO_PRO
PRO14-PRO1276	residue_residue_PRO_PRO
PRO14-PRO1277	residue_residue_PRO_PRO
PRO14-PRO1278	residue_residue_PRO_PRO
PRO14-GTP	GTP_residue_PRO_GTP
PRO15-PRO16	residue_residue_PRO_PRO
PRO15-PRO17	residue_residue_PRO_PRO
PRO15-PRO18	residue_residue_PRO_PRO
PRO15-PRO19	residue_residue_PRO_PRO
PRO15-PRO20	residue_residue_PRO_PRO
PRO15-PRO21	residue_residue_PRO_PRO
PRO15-PRO22	residue_residue_PRO_PRO
PRO15-PRO23	residue_residue_PRO_PRO
PRO15-PRO24	residue_residue_PRO_PRO
PRO15-PRO27	residue_residue_PRO_PRO
PRO15-PRO28	residue_residue_PRO_PRO
PRO15-PRO29	residue_residue_PRO_PRO
PRO15-PRO30	residue_residue_PRO_PRO
PRO15-PRO31	residue_residue_PRO_PRO
PRO15-PRO32	residue_residue_PRO_PRO
PRO15-PRO33	residue_residue_PRO_PRO
PRO15-PRO34	residue_residue_PRO_PRO
PRO15-PRO35	residue_residue_PRO_PRO
PRO15-PRO40	residue_residue_PRO_PRO
PRO15-PRO55	residue_residue_PRO_PRO
PRO15-PRO57	residue_residue_PRO_PRO
PRO15-PRO58	residue_residue_PRO_PRO
PRO15-PRO59	residue_residue_PRO_PRO
PRO15-PRO60	residue_residue_PRO_PRO
PRO15-PRO61	residue_residue_PRO_PRO
PRO15-PRO79	residue_residue_PRO_PRO
PRO15-PRO81	residue_residue_PRO_PRO
PRO15-PRO82	residue_residue_PRO_PRO
PRO15-PRO83	residue_residue_PRO_PRO
PRO15-PRO84	residue_residue_PRO_PRO
PRO15-PRO85	residue_residue_PRO_PRO
PRO15-PRO86	residue_residue_PRO_PRO
PRO15-PRO89	residue_residue_PRO_PRO
PRO15-PRO114	residue_residue_PRO_PRO
PRO15-PRO115	residue_residue_PRO_PRO
PRO15-PRO116	residue_residue_PRO_PRO
PRO15-PRO117	residue_residue_PRO_PRO
PRO15-PRO118	residue_residue_PRO_PRO
PRO15-PRO119	residue_residue_PRO_PRO
PRO15-PRO120	residue_residue_PRO_PRO
PRO15-PRO144	residue_residue_PRO_PRO
PRO15-PRO145	residue_residue_PRO_PRO
PRO15-PRO146	residue_residue_PRO_PRO
PRO15-PRO147	residue_residue_PRO_PRO
PRO15-PRO148	residue_residue_PRO_PRO
PRO15-PRO152	residue_residue_PRO_PRO
PRO15-PRO156	residue_residue_PRO_PRO
PRO15-PRO1273	residue_residue_PRO_PRO
PRO15-PRO1276	residue_residue_PRO_PRO
PRO15-PRO1277	residue_residue_PRO_PRO
PRO15-PRO1436	residue_residue_PRO_PRO
PRO15-GTP	GTP_residue_PRO_GTP
PRO16-PRO17	residue_residue_PRO_PRO
PRO16-PRO18	residue_residue_PRO_PRO
PRO16-PRO19	residue_residue_PRO_PRO
PRO16-PRO20	residue_residue_PRO_PRO
PRO16-PRO21	residue_residue_PRO_PRO
PRO16-PRO22	residue_residue_PRO_PRO
PRO16-PRO23	residue_residue_PRO_PRO
PRO16-PRO24	residue_residue_PRO_PRO
PRO16-PRO25	residue_residue_PRO_PRO
PRO16-PRO27	residue_residue_PRO_PRO
PRO16-PRO28	residue_residue_PRO_PRO
PRO16-PRO29	residue_residue_PRO_PRO
PRO16-PRO33	residue_residue_PRO_PRO
PRO16-PRO34	residue_residue_PRO_PRO
PRO16-PRO35	residue_residue_PRO_PRO
PRO16-PRO36	residue_residue_PRO_PRO
PRO16-PRO37	residue_residue_PRO_PRO
PRO16-PRO38	residue_residue_PRO_PRO
PRO16-PRO39	residue_residue_PRO_PRO
PRO16-PRO40	residue_residue_PRO_PRO
PRO16-PRO55	residue_residue_PRO_PRO
PRO16-PRO56	residue_residue_PRO_PRO
PRO16-PRO57	residue_residue_PRO_PRO
PRO16-PRO58	residue_residue_PRO_PRO
PRO16-PRO59	residue_residue_PRO_PRO
PRO16-PRO60	residue_residue_PRO_PRO
PRO16-PRO61	residue_residue_PRO_PRO
PRO16-PRO62	residue_residue_PRO_PRO
PRO16-PRO64	residue_residue_PRO_PRO
PRO16-PRO68	residue_residue_PRO_PRO
PRO16-PRO71	residue_residue_PRO_PRO
PRO16-PRO72	residue_residue_PRO_PRO
PRO16-PRO78	residue_residue_PRO_PRO
PRO16-PRO79	residue_residue_PRO_PRO
PRO16-PRO80	residue_residue_PRO_PRO
PRO16-PRO81	residue_residue_PRO_PRO
PRO16-PRO82	residue_residue_PRO_PRO
PRO16-PRO83	residue_residue_PRO_PRO
PRO16-PRO84	residue_residue_PRO_PRO
PRO16-PRO86	residue_residue_PRO_PRO
PRO16-PRO88	residue_residue_PRO_PRO
PRO16-PRO89	residue_residue_PRO_PRO
PRO16-PRO92	residue_residue_PRO_PRO
PRO16-PRO93	residue_residue_PRO_PRO
PRO16-PRO96	residue_residue_PRO_PRO
PRO16-PRO112	residue_residue_PRO_PRO
PRO16-PRO113	residue_residue_PRO_PRO
PRO16-PRO114	residue_residue_PRO_PRO
PRO16-PRO115	residue_residue_PRO_PRO
PRO16-PRO116	residue_residue_PRO_PRO
PRO16-PRO117	residue_residue_PRO_PRO
PRO16-PRO144	residue_residue_PRO_PRO
PRO16-PRO145	residue_residue_PRO_PRO
PRO16-PRO146	residue_residue_PRO_PRO
PRO16-PRO147	residue_residue_PRO_PRO
PRO16-PRO152	residue_residue_PRO_PRO
PRO16-PRO155	residue_residue_PRO_PRO
PRO16-PRO156	residue_residue_PRO_PRO
PRO16-PRO1275	residue_residue_PRO_PRO
PRO16-PRO1276	residue_residue_PRO_PRO
PRO16-PRO1277	residue_residue_PRO_PRO
PRO16-PRO1278	residue_residue_PRO_PRO
PRO16-PRO1390	residue_residue_PRO_PRO
PRO16-PRO1436	residue_residue_PRO_PRO
PRO16-GTP	GTP_residue_PRO_GTP
PRO17-PRO18	residue_residue_PRO_PRO
PRO17-PRO19	residue_residue_PRO_PRO
PRO17-PRO20	residue_residue_PRO_PRO
PRO17-PRO21	residue_residue_PRO_PRO
PRO17-PRO22	residue_residue_PRO_PRO
PRO17-PRO23	residue_residue_PRO_PRO
PRO17-PRO24	residue_residue_PRO_PRO
PRO17-PRO25	residue_residue_PRO_PRO
PRO17-PRO26	residue_residue_PRO_PRO
PRO17-PRO27	residue_residue_PRO_PRO
PRO17-PRO28	residue_residue_PRO_PRO
PRO17-PRO29	residue_residue_PRO_PRO
PRO17-PRO30	residue_residue_PRO_PRO
PRO17-PRO31	residue_residue_PRO_PRO
PRO17-PRO32	residue_residue_PRO_PRO
PRO17-PRO33	residue_residue_PRO_PRO
PRO17-PRO34	residue_residue_PRO_PRO
PRO17-PRO35	residue_residue_PRO_PRO
PRO17-PRO36	residue_residue_PRO_PRO
PRO17-PRO37	residue_residue_PRO_PRO
PRO17-PRO38	residue_residue_PRO_PRO
PRO17-PRO39	residue_residue_PRO_PRO
PRO17-PRO40	residue_residue_PRO_PRO
PRO17-PRO55	residue_residue_PRO_PRO
PRO17-PRO56	residue_residue_PRO_PRO
PRO17-PRO57	residue_residue_PRO_PRO
PRO17-PRO58	residue_residue_PRO_PRO
PRO17-PRO59	residue_residue_PRO_PRO
PRO17-PRO60	residue_residue_PRO_PRO
PRO17-PRO61	residue_residue_PRO_PRO
PRO17-PRO79	residue_residue_PRO_PRO
PRO17-PRO81	residue_residue_PRO_PRO
PRO17-PRO83	residue_residue_PRO_PRO
PRO17-PRO114	residue_residue_PRO_PRO
PRO17-PRO116	residue_residue_PRO_PRO
PRO17-PRO117	residue_residue_PRO_PRO
PRO17-PRO144	residue_residue_PRO_PRO
PRO17-PRO146	residue_residue_PRO_PRO
PRO17-PRO147	residue_residue_PRO_PRO
PRO17-PRO152	residue_residue_PRO_PRO
PRO17-PRO156	residue_residue_PRO_PRO
PRO17-PRO1276	residue_residue_PRO_PRO
PRO17-PRO1390	residue_residue_PRO_PRO
PRO17-PRO1423	residue_residue_PRO_PRO
PRO17-PRO1436	residue_residue_PRO_PRO
PRO17-PRO1437	residue_residue_PRO_PRO
PRO17-GTP	GTP_residue_PRO_GTP
PRO18-PRO19	residue_residue_PRO_PRO
PRO18-PRO20	residue_residue_PRO_PRO
PRO18-PRO21	residue_residue_PRO_PRO
PRO18-PRO22	residue_residue_PRO_PRO
PRO18-PRO23	residue_residue_PRO_PRO
PRO18-PRO24	residue_residue_PRO_PRO
PRO18-PRO25	residue_residue_PRO_PRO
PRO18-PRO26	residue_residue_PRO_PRO
PRO18-PRO27	residue_residue_PRO_PRO
PRO18-PRO28	residue_residue_PRO_PRO
PRO18-PRO29	residue_residue_PRO_PRO
PRO18-PRO30	residue_residue_PRO_PRO
PRO18-PRO31	residue_residue_PRO_PRO
PRO18-PRO32	residue_residue_PRO_PRO
PRO18-PRO33	residue_residue_PRO_PRO
PRO18-PRO34	residue_residue_PRO_PRO
PRO18-PRO35	residue_residue_PRO_PRO
PRO18-PRO38	residue_residue_PRO_PRO
PRO18-PRO40	residue_residue_PRO_PRO
PRO18-PRO55	residue_residue_PRO_PRO
PRO18-PRO57	residue_residue_PRO_PRO
PRO18-PRO58	residue_residue_PRO_PRO
PRO18-PRO60	residue_residue_PRO_PRO
PRO18-PRO79	residue_residue_PRO_PRO
PRO18-PRO81	residue_residue_PRO_PRO
PRO18-PRO83	residue_residue_PRO_PRO
PRO18-PRO114	residue_residue_PRO_PRO
PRO18-PRO116	residue_residue_PRO_PRO
PRO18-PRO117	residue_residue_PRO_PRO
PRO18-PRO118	residue_residue_PRO_PRO
PRO18-PRO119	residue_residue_PRO_PRO
PRO18-PRO120	residue_residue_PRO_PRO
PRO18-PRO144	residue_residue_PRO_PRO
PRO18-PRO145	residue_residue_PRO_PRO
PRO18-PRO146	residue_residue_PRO_PRO
PRO18-PRO147	residue_residue_PRO_PRO
PRO18-PRO148	residue_residue_PRO_PRO
PRO18-PRO149	residue_residue_PRO_PRO
PRO18-PRO150	residue_residue_PRO_PRO
PRO18-PRO152	residue_residue_PRO_PRO
PRO18-PRO153	residue_residue_PRO_PRO
PRO18-PRO156	residue_residue_PRO_PRO
PRO18-PRO1276	residue_residue_PRO_PRO
PRO18-PRO1436	residue_residue_PRO_PRO
PRO18-GTP	GTP_residue_PRO_GTP
PRO19-PRO20	residue_residue_PRO_PRO
PRO19-PRO21	residue_residue_PRO_PRO
PRO19-PRO22	residue_residue_PRO_PRO
PRO19-PRO23	residue_residue_PRO_PRO
PRO19-PRO24	residue_residue_PRO_PRO
PRO19-PRO25	residue_residue_PRO_PRO
PRO19-PRO26	residue_residue_PRO_PRO
PRO19-PRO27	residue_residue_PRO_PRO
PRO19-PRO28	residue_residue_PRO_PRO
PRO19-PRO29	residue_residue_PRO_PRO
PRO19-PRO30	residue_residue_PRO_PRO
PRO19-PRO33	residue_residue_PRO_PRO
PRO19-PRO35	residue_residue_PRO_PRO
PRO19-PRO38	residue_residue_PRO_PRO
PRO19-PRO40	residue_residue_PRO_PRO
PRO19-PRO55	residue_residue_PRO_PRO
PRO19-PRO56	residue_residue_PRO_PRO
PRO19-PRO57	residue_residue_PRO_PRO
PRO19-PRO58	residue_residue_PRO_PRO
PRO19-PRO78	residue_residue_PRO_PRO
PRO19-PRO79	residue_residue_PRO_PRO
PRO19-PRO80	residue_residue_PRO_PRO
PRO19-PRO81	residue_residue_PRO_PRO
PRO19-PRO82	residue_residue_PRO_PRO
PRO19-PRO83	residue_residue_PRO_PRO
PRO19-PRO84	residue_residue_PRO_PRO
PRO19-PRO93	residue_residue_PRO_PRO
PRO19-PRO112	residue_residue_PRO_PRO
PRO19-PRO113	residue_residue_PRO_PRO
PRO19-PRO114	residue_residue_PRO_PRO
PRO19-PRO115	residue_residue_PRO_PRO
PRO19-PRO116	residue_residue_PRO_PRO
PRO19-PRO117	residue_residue_PRO_PRO
PRO19-PRO118	residue_residue_PRO_PRO
PRO19-PRO119	residue_residue_PRO_PRO
PRO19-PRO142	residue_residue_PRO_PRO
PRO19-PRO143	residue_residue_PRO_PRO
PRO19-PRO144	residue_residue_PRO_PRO
PRO19-PRO145	residue_residue_PRO_PRO
PRO19-PRO146	residue_residue_PRO_PRO
PRO19-PRO147	residue_residue_PRO_PRO
PRO19-PRO148	residue_residue_PRO_PRO
PRO19-PRO149	residue_residue_PRO_PRO
PRO19-PRO150	residue_residue_PRO_PRO
PRO19-PRO151	residue_residue_PRO_PRO
PRO19-PRO152	residue_residue_PRO_PRO
PRO19-PRO153	residue_residue_PRO_PRO
PRO19-PRO154	residue_residue_PRO_PRO
PRO19-PRO155	residue_residue_PRO_PRO
PRO19-PRO156	residue_residue_PRO_PRO
PRO19-PRO159	residue_residue_PRO_PRO
PRO19-PRO1276	residue_residue_PRO_PRO
PRO19-PRO1436	residue_residue_PRO_PRO
PRO19-GTP	GTP_residue_PRO_GTP
PRO20-PRO21	residue_residue_PRO_PRO
PRO20-PRO22	residue_residue_PRO_PRO
PRO20-PRO23	residue_residue_PRO_PRO
PRO20-PRO24	residue_residue_PRO_PRO
PRO20-PRO25	residue_residue_PRO_PRO
PRO20-PRO26	residue_residue_PRO_PRO
PRO20-PRO27	residue_residue_PRO_PRO
PRO20-PRO28	residue_residue_PRO_PRO
PRO20-PRO29	residue_residue_PRO_PRO
PRO20-PRO33	residue_residue_PRO_PRO
PRO20-PRO35	residue_residue_PRO_PRO
PRO20-PRO37	residue_residue_PRO_PRO
PRO20-PRO38	residue_residue_PRO_PRO
PRO20-PRO39	residue_residue_PRO_PRO
PRO20-PRO40	residue_residue_PRO_PRO
PRO20-PRO55	residue_residue_PRO_PRO
PRO20-PRO56	residue_residue_PRO_PRO
PRO20-PRO57	residue_residue_PRO_PRO
PRO20-PRO58	residue_residue_PRO_PRO
PRO20-PRO60	residue_residue_PRO_PRO
PRO20-PRO79	residue_residue_PRO_PRO
PRO20-PRO81	residue_residue_PRO_PRO
PRO20-PRO114	residue_residue_PRO_PRO
PRO20-PRO116	residue_residue_PRO_PRO
PRO20-PRO117	residue_residue_PRO_PRO
PRO20-PRO144	residue_residue_PRO_PRO
PRO20-PRO145	residue_residue_PRO_PRO
PRO20-PRO146	residue_residue_PRO_PRO
PRO20-PRO147	residue_residue_PRO_PRO
PRO20-PRO149	residue_residue_PRO_PRO
PRO20-PRO151	residue_residue_PRO_PRO
PRO20-PRO152	residue_residue_PRO_PRO
PRO20-PRO153	residue_residue_PRO_PRO
PRO20-PRO155	residue_residue_PRO_PRO
PRO20-PRO156	residue_residue_PRO_PRO
PRO20-PRO159	residue_residue_PRO_PRO
PRO20-PRO1423	residue_residue_PRO_PRO
PRO20-PRO1436	residue_residue_PRO_PRO
PRO20-PRO1437	residue_residue_PRO_PRO
PRO20-GTP	GTP_residue_PRO_GTP
PRO21-PRO22	residue_residue_PRO_PRO
PRO21-PRO23	residue_residue_PRO_PRO
PRO21-PRO24	residue_residue_PRO_PRO
PRO21-PRO25	residue_residue_PRO_PRO
PRO21-PRO26	residue_residue_PRO_PRO
PRO21-PRO27	residue_residue_PRO_PRO
PRO21-PRO28	residue_residue_PRO_PRO
PRO21-PRO29	residue_residue_PRO_PRO
PRO21-PRO30	residue_residue_PRO_PRO
PRO21-PRO31	residue_residue_PRO_PRO
PRO21-PRO32	residue_residue_PRO_PRO
PRO21-PRO33	residue_residue_PRO_PRO
PRO21-PRO35	residue_residue_PRO_PRO
PRO21-PRO38	residue_residue_PRO_PRO
PRO21-PRO39	residue_residue_PRO_PRO
PRO21-PRO40	residue_residue_PRO_PRO
PRO21-PRO55	residue_residue_PRO_PRO
PRO21-PRO56	residue_residue_PRO_PRO
PRO21-PRO57	residue_residue_PRO_PRO
PRO21-PRO58	residue_residue_PRO_PRO
PRO21-PRO79	residue_residue_PRO_PRO
PRO21-PRO81	residue_residue_PRO_PRO
PRO21-PRO116	residue_residue_PRO_PRO
PRO21-PRO145	residue_residue_PRO_PRO
PRO21-PRO146	residue_residue_PRO_PRO
PRO21-PRO147	residue_residue_PRO_PRO
PRO21-PRO149	residue_residue_PRO_PRO
PRO21-PRO152	residue_residue_PRO_PRO
PRO21-PRO153	residue_residue_PRO_PRO
PRO21-PRO156	residue_residue_PRO_PRO
PRO21-PRO1276	residue_residue_PRO_PRO
PRO21-PRO1423	residue_residue_PRO_PRO
PRO21-PRO1435	residue_residue_PRO_PRO
PRO21-PRO1436	residue_residue_PRO_PRO
PRO21-PRO1437	residue_residue_PRO_PRO
PRO21-GTP	GTP_residue_PRO_GTP
PRO22-PRO23	residue_residue_PRO_PRO
PRO22-PRO24	residue_residue_PRO_PRO
PRO22-PRO25	residue_residue_PRO_PRO
PRO22-PRO26	residue_residue_PRO_PRO
PRO22-PRO27	residue_residue_PRO_PRO
PRO22-PRO28	residue_residue_PRO_PRO
PRO22-PRO29	residue_residue_PRO_PRO
PRO22-PRO30	residue_residue_PRO_PRO
PRO22-PRO38	residue_residue_PRO_PRO
PRO22-PRO40	residue_residue_PRO_PRO
PRO22-PRO55	residue_residue_PRO_PRO
PRO22-PRO57	residue_residue_PRO_PRO
PRO22-PRO79	residue_residue_PRO_PRO
PRO22-PRO81	residue_residue_PRO_PRO
PRO22-PRO114	residue_residue_PRO_PRO
PRO22-PRO116	residue_residue_PRO_PRO
PRO22-PRO117	residue_residue_PRO_PRO
PRO22-PRO119	residue_residue_PRO_PRO
PRO22-PRO144	residue_residue_PRO_PRO
PRO22-PRO145	residue_residue_PRO_PRO
PRO22-PRO146	residue_residue_PRO_PRO
PRO22-PRO147	residue_residue_PRO_PRO
PRO22-PRO148	residue_residue_PRO_PRO
PRO22-PRO149	residue_residue_PRO_PRO
PRO22-PRO150	residue_residue_PRO_PRO
PRO22-PRO151	residue_residue_PRO_PRO
PRO22-PRO152	residue_residue_PRO_PRO
PRO22-PRO153	residue_residue_PRO_PRO
PRO22-PRO154	residue_residue_PRO_PRO
PRO22-PRO155	residue_residue_PRO_PRO
PRO22-PRO156	residue_residue_PRO_PRO
PRO22-PRO1436	residue_residue_PRO_PRO
PRO22-GTP	GTP_residue_PRO_GTP
PRO23-PRO24	residue_residue_PRO_PRO
PRO23-PRO25	residue_residue_PRO_PRO
PRO23-PRO26	residue_residue_PRO_PRO
PRO23-PRO27	residue_residue_PRO_PRO
PRO23-PRO28	residue_residue_PRO_PRO
PRO23-PRO29	residue_residue_PRO_PRO
PRO23-PRO39	residue_residue_PRO_PRO
PRO23-PRO40	residue_residue_PRO_PRO
PRO23-PRO55	residue_residue_PRO_PRO
PRO23-PRO56	residue_residue_PRO_PRO
PRO23-PRO57	residue_residue_PRO_PRO
PRO23-PRO79	residue_residue_PRO_PRO
PRO23-PRO81	residue_residue_PRO_PRO
PRO23-PRO114	residue_residue_PRO_PRO
PRO23-PRO116	residue_residue_PRO_PRO
PRO23-PRO142	residue_residue_PRO_PRO
PRO23-PRO144	residue_residue_PRO_PRO
PRO23-PRO145	residue_residue_PRO_PRO
PRO23-PRO146	residue_residue_PRO_PRO
PRO23-PRO147	residue_residue_PRO_PRO
PRO23-PRO149	residue_residue_PRO_PRO
PRO23-PRO150	residue_residue_PRO_PRO
PRO23-PRO151	residue_residue_PRO_PRO
PRO23-PRO152	residue_residue_PRO_PRO
PRO23-PRO153	residue_residue_PRO_PRO
PRO23-PRO154	residue_residue_PRO_PRO
PRO23-PRO155	residue_residue_PRO_PRO
PRO23-PRO156	residue_residue_PRO_PRO
PRO23-PRO159	residue_residue_PRO_PRO
PRO23-PRO1436	residue_residue_PRO_PRO
PRO23-GTP	GTP_residue_PRO_GTP
PRO24-PRO25	residue_residue_PRO_PRO
PRO24-PRO26	residue_residue_PRO_PRO
PRO24-PRO27	residue_residue_PRO_PRO
PRO24-PRO28	residue_residue_PRO_PRO
PRO24-PRO29	residue_residue_PRO_PRO
PRO24-PRO38	residue_residue_PRO_PRO
PRO24-PRO39	residue_residue_PRO_PRO
PRO24-PRO40	residue_residue_PRO_PRO
PRO24-PRO55	residue_residue_PRO_PRO
PRO24-PRO56	residue_residue_PRO_PRO
PRO24-PRO57	residue_residue_PRO_PRO
PRO24-PRO79	residue_residue_PRO_PRO
PRO24-PRO146	residue_residue_PRO_PRO
PRO24-PRO152	residue_residue_PRO_PRO
PRO24-PRO153	residue_residue_PRO_PRO
PRO24-PRO156	residue_residue_PRO_PRO
PRO24-PRO1435	residue_residue_PRO_PRO
PRO24-PRO1436	residue_residue_PRO_PRO
PRO24-PRO1437	residue_residue_PRO_PRO
PRO25-PRO26	residue_residue_PRO_PRO
PRO25-PRO27	residue_residue_PRO_PRO
PRO25-PRO28	residue_residue_PRO_PRO
PRO25-PRO29	residue_residue_PRO_PRO
PRO25-PRO30	residue_residue_PRO_PRO
PRO25-PRO33	residue_residue_PRO_PRO
PRO25-PRO38	residue_residue_PRO_PRO
PRO25-PRO39	residue_residue_PRO_PRO
PRO25-PRO40	residue_residue_PRO_PRO
PRO25-PRO55	residue_residue_PRO_PRO
PRO25-PRO146	residue_residue_PRO_PRO
PRO25-PRO149	residue_residue_PRO_PRO
PRO25-PRO152	residue_residue_PRO_PRO
PRO25-PRO153	residue_residue_PRO_PRO
PRO25-PRO156	residue_residue_PRO_PRO
PRO25-PRO1434	residue_residue_PRO_PRO
PRO25-PRO1435	residue_residue_PRO_PRO
PRO25-PRO1436	residue_residue_PRO_PRO
PRO25-PRO1437	residue_residue_PRO_PRO
PRO26-PRO27	residue_residue_PRO_PRO
PRO26-PRO28	residue_residue_PRO_PRO
PRO26-PRO29	residue_residue_PRO_PRO
PRO26-PRO40	residue_residue_PRO_PRO
PRO26-PRO55	residue_residue_PRO_PRO
PRO26-PRO145	residue_residue_PRO_PRO
PRO26-PRO146	residue_residue_PRO_PRO
PRO26-PRO147	residue_residue_PRO_PRO
PRO26-PRO148	residue_residue_PRO_PRO
PRO26-PRO149	residue_residue_PRO_PRO
PRO26-PRO150	residue_residue_PRO_PRO
PRO26-PRO151	residue_residue_PRO_PRO
PRO26-PRO152	residue_residue_PRO_PRO
PRO26-PRO153	residue_residue_PRO_PRO
PRO26-PRO154	residue_residue_PRO_PRO
PRO26-PRO156	residue_residue_PRO_PRO
PRO26-PRO1436	residue_residue_PRO_PRO
PRO27-PRO28	residue_residue_PRO_PRO
PRO27-PRO29	residue_residue_PRO_PRO
PRO27-PRO30	residue_residue_PRO_PRO
PRO27-PRO31	residue_residue_PRO_PRO
PRO27-PRO32	residue_residue_PRO_PRO
PRO27-PRO33	residue_residue_PRO_PRO
PRO27-PRO40	residue_residue_PRO_PRO
PRO27-PRO145	residue_residue_PRO_PRO
PRO27-PRO146	residue_residue_PRO_PRO
PRO27-PRO147	residue_residue_PRO_PRO
PRO27-PRO148	residue_residue_PRO_PRO
PRO27-PRO149	residue_residue_PRO_PRO
PRO27-PRO150	residue_residue_PRO_PRO
PRO27-PRO152	residue_residue_PRO_PRO
PRO27-PRO156	residue_residue_PRO_PRO
PRO27-PRO1433	residue_residue_PRO_PRO
PRO27-PRO1434	residue_residue_PRO_PRO
PRO27-PRO1435	residue_residue_PRO_PRO
PRO27-PRO1436	residue_residue_PRO_PRO
PRO27-PRO1437	residue_residue_PRO_PRO
PRO27-GTP	GTP_residue_PRO_GTP
PRO28-PRO29	residue_residue_PRO_PRO
PRO28-PRO30	residue_residue_PRO_PRO
PRO28-PRO31	residue_residue_PRO_PRO
PRO28-PRO32	residue_residue_PRO_PRO
PRO28-PRO33	residue_residue_PRO_PRO
PRO28-PRO81	residue_residue_PRO_PRO
PRO28-PRO83	residue_residue_PRO_PRO
PRO28-PRO85	residue_residue_PRO_PRO
PRO28-PRO116	residue_residue_PRO_PRO
PRO28-PRO117	residue_residue_PRO_PRO
PRO28-PRO118	residue_residue_PRO_PRO
PRO28-PRO119	residue_residue_PRO_PRO
PRO28-PRO120	residue_residue_PRO_PRO
PRO28-PRO144	residue_residue_PRO_PRO
PRO28-PRO145	residue_residue_PRO_PRO
PRO28-PRO146	residue_residue_PRO_PRO
PRO28-PRO147	residue_residue_PRO_PRO
PRO28-PRO148	residue_residue_PRO_PRO
PRO28-PRO149	residue_residue_PRO_PRO
PRO28-PRO150	residue_residue_PRO_PRO
PRO28-PRO152	residue_residue_PRO_PRO
PRO28-PRO156	residue_residue_PRO_PRO
PRO28-PRO1273	residue_residue_PRO_PRO
PRO28-PRO1276	residue_residue_PRO_PRO
PRO28-PRO1435	residue_residue_PRO_PRO
PRO28-PRO1436	residue_residue_PRO_PRO
PRO28-GTP	GTP_residue_PRO_GTP
PRO29-PRO30	residue_residue_PRO_PRO
PRO29-PRO31	residue_residue_PRO_PRO
PRO29-PRO32	residue_residue_PRO_PRO
PRO29-PRO33	residue_residue_PRO_PRO
PRO29-PRO34	residue_residue_PRO_PRO
PRO29-PRO35	residue_residue_PRO_PRO
PRO29-PRO38	residue_residue_PRO_PRO
PRO29-PRO40	residue_residue_PRO_PRO
PRO29-PRO57	residue_residue_PRO_PRO
PRO29-PRO116	residue_residue_PRO_PRO
PRO29-PRO117	residue_residue_PRO_PRO
PRO29-PRO145	residue_residue_PRO_PRO
PRO29-PRO146	residue_residue_PRO_PRO
PRO29-PRO147	residue_residue_PRO_PRO
PRO29-PRO148	residue_residue_PRO_PRO
PRO29-PRO149	residue_residue_PRO_PRO
PRO29-PRO152	residue_residue_PRO_PRO
PRO29-PRO1272	residue_residue_PRO_PRO
PRO29-PRO1273	residue_residue_PRO_PRO
PRO29-PRO1276	residue_residue_PRO_PRO
PRO29-PRO1430	residue_residue_PRO_PRO
PRO29-PRO1432	residue_residue_PRO_PRO
PRO29-PRO1433	residue_residue_PRO_PRO
PRO29-PRO1434	residue_residue_PRO_PRO
PRO29-PRO1435	residue_residue_PRO_PRO
PRO29-PRO1436	residue_residue_PRO_PRO
PRO29-PRO1437	residue_residue_PRO_PRO
PRO29-GTP	GTP_residue_PRO_GTP
PRO30-PRO31	residue_residue_PRO_PRO
PRO30-PRO32	residue_residue_PRO_PRO
PRO30-PRO33	residue_residue_PRO_PRO
PRO30-PRO34	residue_residue_PRO_PRO
PRO30-PRO116	residue_residue_PRO_PRO
PRO30-PRO117	residue_residue_PRO_PRO
PRO30-PRO119	residue_residue_PRO_PRO
PRO30-PRO120	residue_residue_PRO_PRO
PRO30-PRO146	residue_residue_PRO_PRO
PRO30-PRO147	residue_residue_PRO_PRO
PRO30-PRO1270	residue_residue_PRO_PRO
PRO30-PRO1272	residue_residue_PRO_PRO
PRO30-PRO1273	residue_residue_PRO_PRO
PRO30-PRO1276	residue_residue_PRO_PRO
PRO30-PRO1430	residue_residue_PRO_PRO
PRO30-PRO1432	residue_residue_PRO_PRO
PRO30-PRO1435	residue_residue_PRO_PRO
PRO30-PRO1436	residue_residue_PRO_PRO
PRO30-GTP	GTP_residue_PRO_GTP
PRO31-PRO32	residue_residue_PRO_PRO
PRO31-PRO33	residue_residue_PRO_PRO
PRO31-PRO34	residue_residue_PRO_PRO
PRO31-PRO35	residue_residue_PRO_PRO
PRO31-PRO117	residue_residue_PRO_PRO
PRO31-PRO147	residue_residue_PRO_PRO
PRO31-PRO1270	residue_residue_PRO_PRO
PRO31-PRO1272	residue_residue_PRO_PRO
PRO31-PRO1273	residue_residue_PRO_PRO
PRO31-PRO1276	residue_residue_PRO_PRO
PRO31-PRO1379	residue_residue_PRO_PRO
PRO31-PRO1427	residue_residue_PRO_PRO
PRO31-PRO1430	residue_residue_PRO_PRO
PRO31-PRO1431	residue_residue_PRO_PRO
PRO31-PRO1432	residue_residue_PRO_PRO
PRO31-PRO1433	residue_residue_PRO_PRO
PRO31-PRO1434	residue_residue_PRO_PRO
PRO31-PRO1435	residue_residue_PRO_PRO
PRO31-PRO1436	residue_residue_PRO_PRO
PRO31-GTP	GTP_residue_PRO_GTP
PRO32-PRO33	residue_residue_PRO_PRO
PRO32-PRO34	residue_residue_PRO_PRO
PRO32-PRO35	residue_residue_PRO_PRO
PRO32-PRO36	residue_residue_PRO_PRO
PRO32-PRO38	residue_residue_PRO_PRO
PRO32-PRO59	residue_residue_PRO_PRO
PRO32-PRO61	residue_residue_PRO_PRO
PRO32-PRO64	residue_residue_PRO_PRO
PRO32-PRO117	residue_residue_PRO_PRO
PRO32-PRO1270	residue_residue_PRO_PRO
PRO32-PRO1271	residue_residue_PRO_PRO
PRO32-PRO1272	residue_residue_PRO_PRO
PRO32-PRO1273	residue_residue_PRO_PRO
PRO32-PRO1274	residue_residue_PRO_PRO
PRO32-PRO1275	residue_residue_PRO_PRO
PRO32-PRO1276	residue_residue_PRO_PRO
PRO32-PRO1277	residue_residue_PRO_PRO
PRO32-PRO1282	residue_residue_PRO_PRO
PRO32-PRO1285	residue_residue_PRO_PRO
PRO32-PRO1289	residue_residue_PRO_PRO
PRO32-PRO1368	residue_residue_PRO_PRO
PRO32-PRO1379	residue_residue_PRO_PRO
PRO32-PRO1382	residue_residue_PRO_PRO
PRO32-PRO1383	residue_residue_PRO_PRO
PRO32-PRO1384	residue_residue_PRO_PRO
PRO32-PRO1385	residue_residue_PRO_PRO
PRO32-PRO1386	residue_residue_PRO_PRO
PRO32-PRO1387	residue_residue_PRO_PRO
PRO32-PRO1388	residue_residue_PRO_PRO
PRO32-PRO1389	residue_residue_PRO_PRO
PRO32-PRO1390	residue_residue_PRO_PRO
PRO32-PRO1391	residue_residue_PRO_PRO
PRO32-PRO1392	residue_residue_PRO_PRO
PRO32-PRO1394	residue_residue_PRO_PRO
PRO32-PRO1423	residue_residue_PRO_PRO
PRO32-PRO1426	residue_residue_PRO_PRO
PRO32-PRO1427	residue_residue_PRO_PRO
PRO32-PRO1429	residue_residue_PRO_PRO
PRO32-PRO1430	residue_residue_PRO_PRO
PRO32-PRO1431	residue_residue_PRO_PRO
PRO32-PRO1432	residue_residue_PRO_PRO
PRO32-PRO1433	residue_residue_PRO_PRO
PRO32-PRO1434	residue_residue_PRO_PRO
PRO32-PRO1435	residue_residue_PRO_PRO
PRO32-PRO1436	residue_residue_PRO_PRO
PRO32-GTP	GTP_residue_PRO_GTP
PRO33-PRO34	residue_residue_PRO_PRO
PRO33-PRO35	residue_residue_PRO_PRO
PRO33-PRO36	residue_residue_PRO_PRO
PRO33-PRO37	residue_residue_PRO_PRO
PRO33-PRO38	residue_residue_PRO_PRO
PRO33-PRO39	residue_residue_PRO_PRO
PRO33-PRO40	residue_residue_PRO_PRO
PRO33-PRO57	residue_residue_PRO_PRO
PRO33-PRO58	residue_residue_PRO_PRO
PRO33-PRO59	residue_residue_PRO_PRO
PRO33-PRO60	residue_residue_PRO_PRO
PRO33-PRO61	residue_residue_PRO_PRO
PRO33-PRO1272	residue_residue_PRO_PRO
PRO33-PRO1273	residue_residue_PRO_PRO
PRO33-PRO1276	residue_residue_PRO_PRO
PRO33-PRO1386	residue_residue_PRO_PRO
PRO33-PRO1390	residue_residue_PRO_PRO
PRO33-PRO1394	residue_residue_PRO_PRO
PRO33-PRO1422	residue_residue_PRO_PRO
PRO33-PRO1423	residue_residue_PRO_PRO
PRO33-PRO1424	residue_residue_PRO_PRO
PRO33-PRO1426	residue_residue_PRO_PRO
PRO33-PRO1427	residue_residue_PRO_PRO
PRO33-PRO1429	residue_residue_PRO_PRO
PRO33-PRO1430	residue_residue_PRO_PRO
PRO33-PRO1431	residue_residue_PRO_PRO
PRO33-PRO1432	residue_residue_PRO_PRO
PRO33-PRO1433	residue_residue_PRO_PRO
PRO33-PRO1434	residue_residue_PRO_PRO
PRO33-PRO1435	residue_residue_PRO_PRO
PRO33-PRO1436	residue_residue_PRO_PRO
PRO33-PRO1437	residue_residue_PRO_PRO
PRO33-GTP	GTP_residue_PRO_GTP
PRO34-PRO35	residue_residue_PRO_PRO
PRO34-PRO36	residue_residue_PRO_PRO
PRO34-PRO37	residue_residue_PRO_PRO
PRO34-PRO38	residue_residue_PRO_PRO
PRO34-PRO40	residue_residue_PRO_PRO
PRO34-PRO57	residue_residue_PRO_PRO
PRO34-PRO58	residue_residue_PRO_PRO
PRO34-PRO59	residue_residue_PRO_PRO
PRO34-PRO60	residue_residue_PRO_PRO
PRO34-PRO61	residue_residue_PRO_PRO
PRO34-PRO63	residue_residue_PRO_PRO
PRO34-PRO64	residue_residue_PRO_PRO
PRO34-PRO1271	residue_residue_PRO_PRO
PRO34-PRO1272	residue_residue_PRO_PRO
PRO34-PRO1273	residue_residue_PRO_PRO
PRO34-PRO1274	residue_residue_PRO_PRO
PRO34-PRO1275	residue_residue_PRO_PRO
PRO34-PRO1276	residue_residue_PRO_PRO
PRO34-PRO1277	residue_residue_PRO_PRO
PRO34-PRO1382	residue_residue_PRO_PRO
PRO34-PRO1383	residue_residue_PRO_PRO
PRO34-PRO1384	residue_residue_PRO_PRO
PRO34-PRO1385	residue_residue_PRO_PRO
PRO34-PRO1386	residue_residue_PRO_PRO
PRO34-PRO1387	residue_residue_PRO_PRO
PRO34-PRO1388	residue_residue_PRO_PRO
PRO34-PRO1389	residue_residue_PRO_PRO
PRO34-PRO1390	residue_residue_PRO_PRO
PRO34-PRO1391	residue_residue_PRO_PRO
PRO34-PRO1392	residue_residue_PRO_PRO
PRO34-PRO1394	residue_residue_PRO_PRO
PRO34-PRO1395	residue_residue_PRO_PRO
PRO34-PRO1398	residue_residue_PRO_PRO
PRO34-PRO1419	residue_residue_PRO_PRO
PRO34-PRO1420	residue_residue_PRO_PRO
PRO34-PRO1422	residue_residue_PRO_PRO
PRO34-PRO1423	residue_residue_PRO_PRO
PRO34-PRO1424	residue_residue_PRO_PRO
PRO34-PRO1425	residue_residue_PRO_PRO
PRO34-PRO1426	residue_residue_PRO_PRO
PRO34-PRO1427	residue_residue_PRO_PRO
PRO34-PRO1429	residue_residue_PRO_PRO
PRO34-PRO1430	residue_residue_PRO_PRO
PRO34-PRO1431	residue_residue_PRO_PRO
PRO34-PRO1432	residue_residue_PRO_PRO
PRO34-PRO1433	residue_residue_PRO_PRO
PRO34-PRO1434	residue_residue_PRO_PRO
PRO34-PRO1436	residue_residue_PRO_PRO
PRO34-PRO1437	residue_residue_PRO_PRO
PRO34-GTP	GTP_residue_PRO_GTP
PRO35-PRO36	residue_residue_PRO_PRO
PRO35-PRO37	residue_residue_PRO_PRO
PRO35-PRO38	residue_residue_PRO_PRO
PRO35-PRO39	residue_residue_PRO_PRO
PRO35-PRO40	residue_residue_PRO_PRO
PRO35-PRO55	residue_residue_PRO_PRO
PRO35-PRO56	residue_residue_PRO_PRO
PRO35-PRO57	residue_residue_PRO_PRO
PRO35-PRO58	residue_residue_PRO_PRO
PRO35-PRO59	residue_residue_PRO_PRO
PRO35-PRO60	residue_residue_PRO_PRO
PRO35-PRO61	residue_residue_PRO_PRO
PRO35-PRO62	residue_residue_PRO_PRO
PRO35-PRO63	residue_residue_PRO_PRO
PRO35-PRO64	residue_residue_PRO_PRO
PRO35-PRO67	residue_residue_PRO_PRO
PRO35-PRO68	residue_residue_PRO_PRO
PRO35-PRO71	residue_residue_PRO_PRO
PRO35-PRO1276	residue_residue_PRO_PRO
PRO35-PRO1386	residue_residue_PRO_PRO
PRO35-PRO1389	residue_residue_PRO_PRO
PRO35-PRO1390	residue_residue_PRO_PRO
PRO35-PRO1391	residue_residue_PRO_PRO
PRO35-PRO1394	residue_residue_PRO_PRO
PRO35-PRO1395	residue_residue_PRO_PRO
PRO35-PRO1398	residue_residue_PRO_PRO
PRO35-PRO1416	residue_residue_PRO_PRO
PRO35-PRO1419	residue_residue_PRO_PRO
PRO35-PRO1420	residue_residue_PRO_PRO
PRO35-PRO1422	residue_residue_PRO_PRO
PRO35-PRO1423	residue_residue_PRO_PRO
PRO35-PRO1424	residue_residue_PRO_PRO
PRO35-PRO1426	residue_residue_PRO_PRO
PRO35-PRO1427	residue_residue_PRO_PRO
PRO35-PRO1430	residue_residue_PRO_PRO
PRO35-PRO1432	residue_residue_PRO_PRO
PRO35-PRO1434	residue_residue_PRO_PRO
PRO35-PRO1436	residue_residue_PRO_PRO
PRO35-PRO1437	residue_residue_PRO_PRO
PRO35-GTP	GTP_residue_PRO_GTP
PRO36-PRO37	residue_residue_PRO_PRO
PRO36-PRO38	residue_residue_PRO_PRO
PRO36-PRO39	residue_residue_PRO_PRO
PRO36-PRO40	residue_residue_PRO_PRO
PRO36-PRO56	residue_residue_PRO_PRO
PRO36-PRO57	residue_residue_PRO_PRO
PRO36-PRO58	residue_residue_PRO_PRO
PRO36-PRO59	residue_residue_PRO_PRO
PRO36-PRO60	residue_residue_PRO_PRO
PRO36-PRO61	residue_residue_PRO_PRO
PRO36-PRO63	residue_residue_PRO_PRO
PRO36-PRO64	residue_residue_PRO_PRO
PRO36-PRO67	residue_residue_PRO_PRO
PRO36-PRO68	residue_residue_PRO_PRO
PRO36-PRO70	residue_residue_PRO_PRO
PRO36-PRO71	residue_residue_PRO_PRO
PRO36-PRO1276	residue_residue_PRO_PRO
PRO36-PRO1385	residue_residue_PRO_PRO
PRO36-PRO1386	residue_residue_PRO_PRO
PRO36-PRO1387	residue_residue_PRO_PRO
PRO36-PRO1388	residue_residue_PRO_PRO
PRO36-PRO1389	residue_residue_PRO_PRO
PRO36-PRO1390	residue_residue_PRO_PRO
PRO36-PRO1391	residue_residue_PRO_PRO
PRO36-PRO1392	residue_residue_PRO_PRO
PRO36-PRO1393	residue_residue_PRO_PRO
PRO36-PRO1394	residue_residue_PRO_PRO
PRO36-PRO1395	residue_residue_PRO_PRO
PRO36-PRO1398	residue_residue_PRO_PRO
PRO36-PRO1399	residue_residue_PRO_PRO
PRO36-PRO1416	residue_residue_PRO_PRO
PRO36-PRO1419	residue_residue_PRO_PRO
PRO36-PRO1420	residue_residue_PRO_PRO
PRO36-PRO1422	residue_residue_PRO_PRO
PRO36-PRO1423	residue_residue_PRO_PRO
PRO36-PRO1424	residue_residue_PRO_PRO
PRO36-PRO1425	residue_residue_PRO_PRO
PRO36-PRO1426	residue_residue_PRO_PRO
PRO36-PRO1427	residue_residue_PRO_PRO
PRO36-PRO1429	residue_residue_PRO_PRO
PRO36-PRO1430	residue_residue_PRO_PRO
PRO36-PRO1432	residue_residue_PRO_PRO
PRO36-PRO1434	residue_residue_PRO_PRO
PRO36-PRO1436	residue_residue_PRO_PRO
PRO36-PRO1437	residue_residue_PRO_PRO
PRO36-GTP	GTP_residue_PRO_GTP
PRO37-PRO38	residue_residue_PRO_PRO
PRO37-PRO39	residue_residue_PRO_PRO
PRO37-PRO40	residue_residue_PRO_PRO
PRO37-PRO55	residue_residue_PRO_PRO
PRO37-PRO56	residue_residue_PRO_PRO
PRO37-PRO57	residue_residue_PRO_PRO
PRO37-PRO58	residue_residue_PRO_PRO
PRO37-PRO59	residue_residue_PRO_PRO
PRO37-PRO60	residue_residue_PRO_PRO
PRO37-PRO61	residue_residue_PRO_PRO
PRO37-PRO64	residue_residue_PRO_PRO
PRO37-PRO67	residue_residue_PRO_PRO
PRO37-PRO68	residue_residue_PRO_PRO
PRO37-PRO70	residue_residue_PRO_PRO
PRO37-PRO71	residue_residue_PRO_PRO
PRO37-PRO72	residue_residue_PRO_PRO
PRO37-PRO74	residue_residue_PRO_PRO
PRO37-PRO1390	residue_residue_PRO_PRO
PRO37-PRO1394	residue_residue_PRO_PRO
PRO37-PRO1395	residue_residue_PRO_PRO
PRO37-PRO1398	residue_residue_PRO_PRO
PRO37-PRO1399	residue_residue_PRO_PRO
PRO37-PRO1409	residue_residue_PRO_PRO
PRO37-PRO1416	residue_residue_PRO_PRO
PRO37-PRO1419	residue_residue_PRO_PRO
PRO37-PRO1420	residue_residue_PRO_PRO
PRO37-PRO1422	residue_residue_PRO_PRO
PRO37-PRO1423	residue_residue_PRO_PRO
PRO37-PRO1424	residue_residue_PRO_PRO
PRO37-PRO1426	residue_residue_PRO_PRO
PRO37-PRO1427	residue_residue_PRO_PRO
PRO37-PRO1434	residue_residue_PRO_PRO
PRO37-PRO1436	residue_residue_PRO_PRO
PRO37-PRO1437	residue_residue_PRO_PRO
PRO37-GTP	GTP_residue_PRO_GTP
PRO38-PRO39	residue_residue_PRO_PRO
PRO38-PRO40	residue_residue_PRO_PRO
PRO38-PRO55	residue_residue_PRO_PRO
PRO38-PRO56	residue_residue_PRO_PRO
PRO38-PRO57	residue_residue_PRO_PRO
PRO38-PRO58	residue_residue_PRO_PRO
PRO38-PRO59	residue_residue_PRO_PRO
PRO38-PRO60	residue_residue_PRO_PRO
PRO38-PRO64	residue_residue_PRO_PRO
PRO38-PRO71	residue_residue_PRO_PRO
PRO38-PRO74	residue_residue_PRO_PRO
PRO38-PRO156	residue_residue_PRO_PRO
PRO38-PRO1276	residue_residue_PRO_PRO
PRO38-PRO1398	residue_residue_PRO_PRO
PRO38-PRO1416	residue_residue_PRO_PRO
PRO38-PRO1419	residue_residue_PRO_PRO
PRO38-PRO1420	residue_residue_PRO_PRO
PRO38-PRO1422	residue_residue_PRO_PRO
PRO38-PRO1423	residue_residue_PRO_PRO
PRO38-PRO1424	residue_residue_PRO_PRO
PRO38-PRO1426	residue_residue_PRO_PRO
PRO38-PRO1427	residue_residue_PRO_PRO
PRO38-PRO1434	residue_residue_PRO_PRO
PRO38-PRO1435	residue_residue_PRO_PRO
PRO38-PRO1436	residue_residue_PRO_PRO
PRO38-PRO1437	residue_residue_PRO_PRO
PRO38-GTP	GTP_residue_PRO_GTP
PRO39-PRO40	residue_residue_PRO_PRO
PRO39-PRO55	residue_residue_PRO_PRO
PRO39-PRO56	residue_residue_PRO_PRO
PRO39-PRO57	residue_residue_PRO_PRO
PRO39-PRO58	residue_residue_PRO_PRO
PRO39-PRO59	residue_residue_PRO_PRO
PRO39-PRO71	residue_residue_PRO_PRO
PRO39-PRO74	residue_residue_PRO_PRO
PRO39-PRO75	residue_residue_PRO_PRO
PRO39-PRO156	residue_residue_PRO_PRO
PRO39-PRO1416	residue_residue_PRO_PRO
PRO39-PRO1419	residue_residue_PRO_PRO
PRO39-PRO1420	residue_residue_PRO_PRO
PRO39-PRO1423	residue_residue_PRO_PRO
PRO39-PRO1436	residue_residue_PRO_PRO
PRO39-PRO1437	residue_residue_PRO_PRO
PRO40-PRO55	residue_residue_PRO_PRO
PRO40-PRO56	residue_residue_PRO_PRO
PRO40-PRO57	residue_residue_PRO_PRO
PRO40-PRO58	residue_residue_PRO_PRO
PRO40-PRO59	residue_residue_PRO_PRO
PRO40-PRO71	residue_residue_PRO_PRO
PRO40-PRO74	residue_residue_PRO_PRO
PRO40-PRO79	residue_residue_PRO_PRO
PRO40-PRO156	residue_residue_PRO_PRO
PRO40-PRO1416	residue_residue_PRO_PRO
PRO40-PRO1423	residue_residue_PRO_PRO
PRO40-PRO1434	residue_residue_PRO_PRO
PRO40-PRO1435	residue_residue_PRO_PRO
PRO40-PRO1436	residue_residue_PRO_PRO
PRO40-PRO1437	residue_residue_PRO_PRO
PRO40-GTP	GTP_residue_PRO_GTP
PRO55-PRO56	residue_residue_PRO_PRO
PRO55-PRO57	residue_residue_PRO_PRO
PRO55-PRO58	residue_residue_PRO_PRO
PRO55-PRO71	residue_residue_PRO_PRO
PRO55-PRO74	residue_residue_PRO_PRO
PRO55-PRO75	residue_residue_PRO_PRO
PRO55-PRO76	residue_residue_PRO_PRO
PRO55-PRO77	residue_residue_PRO_PRO
PRO55-PRO78	residue_residue_PRO_PRO
PRO55-PRO79	residue_residue_PRO_PRO
PRO55-PRO80	residue_residue_PRO_PRO
PRO55-PRO81	residue_residue_PRO_PRO
PRO55-PRO112	residue_residue_PRO_PRO
PRO55-PRO114	residue_residue_PRO_PRO
PRO55-PRO152	residue_residue_PRO_PRO
PRO55-PRO153	residue_residue_PRO_PRO
PRO55-PRO155	residue_residue_PRO_PRO
PRO55-PRO156	residue_residue_PRO_PRO
PRO55-PRO159	residue_residue_PRO_PRO
PRO55-PRO1416	residue_residue_PRO_PRO
PRO55-PRO1423	residue_residue_PRO_PRO
PRO55-PRO1436	residue_residue_PRO_PRO
PRO55-PRO1437	residue_residue_PRO_PRO
PRO56-PRO57	residue_residue_PRO_PRO
PRO56-PRO58	residue_residue_PRO_PRO
PRO56-PRO59	residue_residue_PRO_PRO
PRO56-PRO60	residue_residue_PRO_PRO
PRO56-PRO64	residue_residue_PRO_PRO
PRO56-PRO67	residue_residue_PRO_PRO
PRO56-PRO68	residue_residue_PRO_PRO
PRO56-PRO69	residue_residue_PRO_PRO
PRO56-PRO70	residue_residue_PRO_PRO
PRO56-PRO71	residue_residue_PRO_PRO
PRO56-PRO72	residue_residue_PRO_PRO
PRO56-PRO73	residue_residue_PRO_PRO
PRO56-PRO74	residue_residue_PRO_PRO
PRO56-PRO75	residue_residue_PRO_PRO
PRO56-PRO76	residue_residue_PRO_PRO
PRO56-PRO77	residue_residue_PRO_PRO
PRO56-PRO78	residue_residue_PRO_PRO
PRO56-PRO79	residue_residue_PRO_PRO
PRO56-PRO80	residue_residue_PRO_PRO
PRO56-PRO81	residue_residue_PRO_PRO
PRO56-PRO96	residue_residue_PRO_PRO
PRO56-PRO104	residue_residue_PRO_PRO
PRO56-PRO156	residue_residue_PRO_PRO
PRO56-PRO159	residue_residue_PRO_PRO
PRO56-PRO1398	residue_residue_PRO_PRO
PRO56-PRO1416	residue_residue_PRO_PRO
PRO56-PRO1419	residue_residue_PRO_PRO
PRO56-PRO1423	residue_residue_PRO_PRO
PRO56-PRO1436	residue_residue_PRO_PRO
PRO56-PRO1437	residue_residue_PRO_PRO
PRO56-GTP	GTP_residue_PRO_GTP
PRO57-PRO58	residue_residue_PRO_PRO
PRO57-PRO59	residue_residue_PRO_PRO
PRO57-PRO60	residue_residue_PRO_PRO
PRO57-PRO61	residue_residue_PRO_PRO
PRO57-PRO64	residue_residue_PRO_PRO
PRO57-PRO67	residue_residue_PRO_PRO
PRO57-PRO68	residue_residue_PRO_PRO
PRO57-PRO71	residue_residue_PRO_PRO
PRO57-PRO74	residue_residue_PRO_PRO
PRO57-PRO75	residue_residue_PRO_PRO
PRO57-PRO77	residue_residue_PRO_PRO
PRO57-PRO78	residue_residue_PRO_PRO
PRO57-PRO79	residue_residue_PRO_PRO
PRO57-PRO80	residue_residue_PRO_PRO
PRO57-PRO81	residue_residue_PRO_PRO
PRO57-PRO96	residue_residue_PRO_PRO
PRO57-PRO156	residue_residue_PRO_PRO
PRO57-PRO1276	residue_residue_PRO_PRO
PRO57-PRO1398	residue_residue_PRO_PRO
PRO57-PRO1416	residue_residue_PRO_PRO
PRO57-PRO1419	residue_residue_PRO_PRO
PRO57-PRO1423	residue_residue_PRO_PRO
PRO57-PRO1436	residue_residue_PRO_PRO
PRO57-PRO1437	residue_residue_PRO_PRO
PRO57-GTP	GTP_residue_PRO_GTP
PRO58-PRO59	residue_residue_PRO_PRO
PRO58-PRO60	residue_residue_PRO_PRO
PRO58-PRO61	residue_residue_PRO_PRO
PRO58-PRO62	residue_residue_PRO_PRO
PRO58-PRO63	residue_residue_PRO_PRO
PRO58-PRO64	residue_residue_PRO_PRO
PRO58-PRO65	residue_residue_PRO_PRO
PRO58-PRO66	residue_residue_PRO_PRO
PRO58-PRO67	residue_residue_PRO_PRO
PRO58-PRO68	residue_residue_PRO_PRO
PRO58-PRO69	residue_residue_PRO_PRO
PRO58-PRO70	residue_residue_PRO_PRO
PRO58-PRO71	residue_residue_PRO_PRO
PRO58-PRO72	residue_residue_PRO_PRO
PRO58-PRO73	residue_residue_PRO_PRO
PRO58-PRO74	residue_residue_PRO_PRO
PRO58-PRO75	residue_residue_PRO_PRO
PRO58-PRO78	residue_residue_PRO_PRO
PRO58-PRO79	residue_residue_PRO_PRO
PRO58-PRO80	residue_residue_PRO_PRO
PRO58-PRO81	residue_residue_PRO_PRO
PRO58-PRO96	residue_residue_PRO_PRO
PRO58-PRO156	residue_residue_PRO_PRO
PRO58-PRO1276	residue_residue_PRO_PRO
PRO58-PRO1390	residue_residue_PRO_PRO
PRO58-PRO1394	residue_residue_PRO_PRO
PRO58-PRO1395	residue_residue_PRO_PRO
PRO58-PRO1398	residue_residue_PRO_PRO
PRO58-PRO1399	residue_residue_PRO_PRO
PRO58-PRO1416	residue_residue_PRO_PRO
PRO58-PRO1419	residue_residue_PRO_PRO
PRO58-PRO1422	residue_residue_PRO_PRO
PRO58-PRO1423	residue_residue_PRO_PRO
PRO58-PRO1436	residue_residue_PRO_PRO
PRO58-GTP	GTP_residue_PRO_GTP
PRO59-PRO60	residue_residue_PRO_PRO
PRO59-PRO61	residue_residue_PRO_PRO
PRO59-PRO62	residue_residue_PRO_PRO
PRO59-PRO63	residue_residue_PRO_PRO
PRO59-PRO64	residue_residue_PRO_PRO
PRO59-PRO65	residue_residue_PRO_PRO
PRO59-PRO66	residue_residue_PRO_PRO
PRO59-PRO67	residue_residue_PRO_PRO
PRO59-PRO68	residue_residue_PRO_PRO
PRO59-PRO71	residue_residue_PRO_PRO
PRO59-PRO72	residue_residue_PRO_PRO
PRO59-PRO88	residue_residue_PRO_PRO
PRO59-PRO92	residue_residue_PRO_PRO
PRO59-PRO96	residue_residue_PRO_PRO
PRO59-PRO1276	residue_residue_PRO_PRO
PRO59-PRO1389	residue_residue_PRO_PRO
PRO59-PRO1390	residue_residue_PRO_PRO
PRO59-PRO1391	residue_residue_PRO_PRO
PRO59-PRO1392	residue_residue_PRO_PRO
PRO59-PRO1394	residue_residue_PRO_PRO
PRO59-PRO1395	residue_residue_PRO_PRO
PRO59-PRO1398	residue_residue_PRO_PRO
PRO59-PRO1399	residue_residue_PRO_PRO
PRO59-PRO1419	residue_residue_PRO_PRO
PRO59-PRO1422	residue_residue_PRO_PRO
PRO59-PRO1423	residue_residue_PRO_PRO
PRO59-PRO1426	residue_residue_PRO_PRO
PRO59-PRO1436	residue_residue_PRO_PRO
PRO59-GTP	GTP_residue_PRO_GTP
PRO60-PRO61	residue_residue_PRO_PRO
PRO60-PRO62	residue_residue_PRO_PRO
PRO60-PRO63	residue_residue_PRO_PRO
PRO60-PRO64	residue_residue_PRO_PRO
PRO60-PRO65	residue_residue_PRO_PRO
PRO60-PRO66	residue_residue_PRO_PRO
PRO60-PRO67	residue_residue_PRO_PRO
PRO60-PRO68	residue_residue_PRO_PRO
PRO60-PRO71	residue_residue_PRO_PRO
PRO60-PRO72	residue_residue_PRO_PRO
PRO60-PRO80	residue_residue_PRO_PRO
PRO60-PRO81	residue_residue_PRO_PRO
PRO60-PRO82	residue_residue_PRO_PRO
PRO60-PRO86	residue_residue_PRO_PRO
PRO60-PRO88	residue_residue_PRO_PRO
PRO60-PRO89	residue_residue_PRO_PRO
PRO60-PRO92	residue_residue_PRO_PRO
PRO60-PRO96	residue_residue_PRO_PRO
PRO60-PRO1275	residue_residue_PRO_PRO
PRO60-PRO1276	residue_residue_PRO_PRO
PRO60-PRO1277	residue_residue_PRO_PRO
PRO60-PRO1278	residue_residue_PRO_PRO
PRO60-PRO1282	residue_residue_PRO_PRO
PRO60-PRO1283	residue_residue_PRO_PRO
PRO60-PRO1390	residue_residue_PRO_PRO
PRO60-PRO1391	residue_residue_PRO_PRO
PRO60-PRO1395	residue_residue_PRO_PRO
PRO60-PRO1398	residue_residue_PRO_PRO
PRO60-GTP	GTP_residue_PRO_GTP
PRO60-LIG	ligand_residue_PRO_LIG
PRO61-PRO62	residue_residue_PRO_PRO
PRO61-PRO63	residue_residue_PRO_PRO
PRO61-PRO64	residue_residue_PRO_PRO
PRO61-PRO65	residue_residue_PRO_PRO
PRO61-PRO66	residue_residue_PRO_PRO
PRO61-PRO67	residue_residue_PRO_PRO
PRO61-PRO68	residue_residue_PRO_PRO
PRO61-PRO71	residue_residue_PRO_PRO
PRO61-PRO86	residue_residue_PRO_PRO
PRO61-PRO88	residue_residue_PRO_PRO
PRO61-PRO89	residue_residue_PRO_PRO
PRO61-PRO92	residue_residue_PRO_PRO
PRO61-PRO96	residue_residue_PRO_PRO
PRO61-PRO1237	residue_residue_PRO_PRO
PRO61-PRO1272	residue_residue_PRO_PRO
PRO61-PRO1273	residue_residue_PRO_PRO
PRO61-PRO1274	residue_residue_PRO_PRO
PRO61-PRO1275	residue_residue_PRO_PRO
PRO61-PRO1276	residue_residue_PRO_PRO
PRO61-PRO1277	residue_residue_PRO_PRO
PRO61-PRO1278	residue_residue_PRO_PRO
PRO61-PRO1279	residue_residue_PRO_PRO
PRO61-PRO1282	residue_residue_PRO_PRO
PRO61-PRO1283	residue_residue_PRO_PRO
PRO61-PRO1285	residue_residue_PRO_PRO
PRO61-PRO1286	residue_residue_PRO_PRO
PRO61-PRO1289	residue_residue_PRO_PRO
PRO61-PRO1290	residue_residue_PRO_PRO
PRO61-PRO1386	residue_residue_PRO_PRO
PRO61-PRO1387	residue_residue_PRO_PRO
PRO61-PRO1388	residue_residue_PRO_PRO
PRO61-PRO1389	residue_residue_PRO_PRO
PRO61-PRO1390	residue_residue_PRO_PRO
PRO61-PRO1391	residue_residue_PRO_PRO
PRO61-PRO1392	residue_residue_PRO_PRO
PRO61-PRO1394	residue_residue_PRO_PRO
PRO61-PRO1395	residue_residue_PRO_PRO
PRO61-PRO1398	residue_residue_PRO_PRO
PRO61-PRO1426	residue_residue_PRO_PRO
PRO61-GTP	GTP_residue_PRO_GTP
PRO61-LIG	ligand_residue_PRO_LIG
PRO62-PRO63	residue_residue_PRO_PRO
PRO62-PRO64	residue_residue_PRO_PRO
PRO62-PRO65	residue_residue_PRO_PRO
PRO62-PRO66	residue_residue_PRO_PRO
PRO62-PRO67	residue_residue_PRO_PRO
PRO62-PRO68	residue_residue_PRO_PRO
PRO62-PRO71	residue_residue_PRO_PRO
PRO62-PRO86	residue_residue_PRO_PRO
PRO62-PRO88	residue_residue_PRO_PRO
PRO62-PRO89	residue_residue_PRO_PRO
PRO62-PRO91	residue_residue_PRO_PRO
PRO62-PRO92	residue_residue_PRO_PRO
PRO62-PRO95	residue_residue_PRO_PRO
PRO62-PRO96	residue_residue_PRO_PRO
PRO62-PRO1233	residue_residue_PRO_PRO
PRO62-PRO1234	residue_residue_PRO_PRO
PRO62-PRO1235	residue_residue_PRO_PRO
PRO62-PRO1236	residue_residue_PRO_PRO
PRO62-PRO1237	residue_residue_PRO_PRO
PRO62-PRO1238	residue_residue_PRO_PRO
PRO62-PRO1240	residue_residue_PRO_PRO
PRO62-PRO1241	residue_residue_PRO_PRO
PRO62-PRO1275	residue_residue_PRO_PRO
PRO62-PRO1276	residue_residue_PRO_PRO
PRO62-PRO1277	residue_residue_PRO_PRO
PRO62-PRO1278	residue_residue_PRO_PRO
PRO62-PRO1279	residue_residue_PRO_PRO
PRO62-PRO1280	residue_residue_PRO_PRO
PRO62-PRO1282	residue_residue_PRO_PRO
PRO62-PRO1283	residue_residue_PRO_PRO
PRO62-PRO1285	residue_residue_PRO_PRO
PRO62-PRO1286	residue_residue_PRO_PRO
PRO62-PRO1287	residue_residue_PRO_PRO
PRO62-PRO1290	residue_residue_PRO_PRO
PRO62-PRO1390	residue_residue_PRO_PRO
PRO62-PRO1391	residue_residue_PRO_PRO
PRO62-PRO1392	residue_residue_PRO_PRO
PRO62-PRO1395	residue_residue_PRO_PRO
PRO62-PRO1402	residue_residue_PRO_PRO
PRO62-GTP	GTP_residue_PRO_GTP
PRO62-LIG	ligand_residue_PRO_LIG
PRO63-PRO64	residue_residue_PRO_PRO
PRO63-PRO65	residue_residue_PRO_PRO
PRO63-PRO66	residue_residue_PRO_PRO
PRO63-PRO67	residue_residue_PRO_PRO
PRO63-PRO68	residue_residue_PRO_PRO
PRO63-PRO71	residue_residue_PRO_PRO
PRO63-PRO88	residue_residue_PRO_PRO
PRO63-PRO96	residue_residue_PRO_PRO
PRO63-PRO1237	residue_residue_PRO_PRO
PRO63-PRO1240	residue_residue_PRO_PRO
PRO63-PRO1241	residue_residue_PRO_PRO
PRO63-PRO1275	residue_residue_PRO_PRO
PRO63-PRO1277	residue_residue_PRO_PRO
PRO63-PRO1278	residue_residue_PRO_PRO
PRO63-PRO1279	residue_residue_PRO_PRO
PRO63-PRO1280	residue_residue_PRO_PRO
PRO63-PRO1281	residue_residue_PRO_PRO
PRO63-PRO1282	residue_residue_PRO_PRO
PRO63-PRO1283	residue_residue_PRO_PRO
PRO63-PRO1284	residue_residue_PRO_PRO
PRO63-PRO1285	residue_residue_PRO_PRO
PRO63-PRO1286	residue_residue_PRO_PRO
PRO63-PRO1287	residue_residue_PRO_PRO
PRO63-PRO1289	residue_residue_PRO_PRO
PRO63-PRO1290	residue_residue_PRO_PRO
PRO63-PRO1386	residue_residue_PRO_PRO
PRO63-PRO1387	residue_residue_PRO_PRO
PRO63-PRO1388	residue_residue_PRO_PRO
PRO63-PRO1389	residue_residue_PRO_PRO
PRO63-PRO1390	residue_residue_PRO_PRO
PRO63-PRO1391	residue_residue_PRO_PRO
PRO63-PRO1392	residue_residue_PRO_PRO
PRO63-PRO1393	residue_residue_PRO_PRO
PRO63-PRO1394	residue_residue_PRO_PRO
PRO63-PRO1395	residue_residue_PRO_PRO
PRO63-PRO1398	residue_residue_PRO_PRO
PRO63-PRO1399	residue_residue_PRO_PRO
PRO63-PRO1402	residue_residue_PRO_PRO
PRO63-GTP	GTP_residue_PRO_GTP
PRO63-LIG	ligand_residue_PRO_LIG
PRO64-PRO65	residue_residue_PRO_PRO
PRO64-PRO66	residue_residue_PRO_PRO
PRO64-PRO67	residue_residue_PRO_PRO
PRO64-PRO68	residue_residue_PRO_PRO
PRO64-PRO69	residue_residue_PRO_PRO
PRO64-PRO70	residue_residue_PRO_PRO
PRO64-PRO71	residue_residue_PRO_PRO
PRO64-PRO72	residue_residue_PRO_PRO
PRO64-PRO88	residue_residue_PRO_PRO
PRO64-PRO96	residue_residue_PRO_PRO
PRO64-PRO1275	residue_residue_PRO_PRO
PRO64-PRO1276	residue_residue_PRO_PRO
PRO64-PRO1282	residue_residue_PRO_PRO
PRO64-PRO1283	residue_residue_PRO_PRO
PRO64-PRO1285	residue_residue_PRO_PRO
PRO64-PRO1286	residue_residue_PRO_PRO
PRO64-PRO1289	residue_residue_PRO_PRO
PRO64-PRO1290	residue_residue_PRO_PRO
PRO64-PRO1385	residue_residue_PRO_PRO
PRO64-PRO1386	residue_residue_PRO_PRO
PRO64-PRO1387	residue_residue_PRO_PRO
PRO64-PRO1388	residue_residue_PRO_PRO
PRO64-PRO1389	residue_residue_PRO_PRO
PRO64-PRO1390	residue_residue_PRO_PRO
PRO64-PRO1391	residue_residue_PRO_PRO
PRO64-PRO1392	residue_residue_PRO_PRO
PRO64-PRO1393	residue_residue_PRO_PRO
PRO64-PRO1394	residue_residue_PRO_PRO
PRO64-PRO1395	residue_residue_PRO_PRO
PRO64-PRO1398	residue_residue_PRO_PRO
PRO64-PRO1399	residue_residue_PRO_PRO
PRO64-PRO1402	residue_residue_PRO_PRO
PRO64-PRO1409	residue_residue_PRO_PRO
PRO64-PRO1419	residue_residue_PRO_PRO
PRO64-PRO1422	residue_residue_PRO_PRO
PRO64-PRO1423	residue_residue_PRO_PRO
PRO64-PRO1425	residue_residue_PRO_PRO
PRO64-PRO1426	residue_residue_PRO_PRO
PRO64-GTP	GTP_residue_PRO_GTP
PRO64-LIG	ligand_residue_PRO_LIG
PRO65-PRO66	residue_residue_PRO_PRO
PRO65-PRO67	residue_residue_PRO_PRO
PRO65-PRO68	residue_residue_PRO_PRO
PRO65-PRO69	residue_residue_PRO_PRO
PRO65-PRO70	residue_residue_PRO_PRO
PRO65-PRO71	residue_residue_PRO_PRO
PRO65-PRO72	residue_residue_PRO_PRO
PRO65-PRO88	residue_residue_PRO_PRO
PRO65-PRO92	residue_residue_PRO_PRO
PRO65-PRO95	residue_residue_PRO_PRO
PRO65-PRO96	residue_residue_PRO_PRO
PRO65-PRO99	residue_residue_PRO_PRO
PRO65-PRO103	residue_residue_PRO_PRO
PRO65-PRO1237	residue_residue_PRO_PRO
PRO65-PRO1241	residue_residue_PRO_PRO
PRO65-PRO1283	residue_residue_PRO_PRO
PRO65-PRO1286	residue_residue_PRO_PRO
PRO65-PRO1290	residue_residue_PRO_PRO
PRO65-PRO1390	residue_residue_PRO_PRO
PRO65-PRO1391	residue_residue_PRO_PRO
PRO65-PRO1395	residue_residue_PRO_PRO
PRO65-PRO1398	residue_residue_PRO_PRO
PRO65-PRO1399	residue_residue_PRO_PRO
PRO65-PRO1402	residue_residue_PRO_PRO
PRO65-PRO1409	residue_residue_PRO_PRO
PRO65-LIG	ligand_residue_PRO_LIG
PRO66-PRO67	residue_residue_PRO_PRO
PRO66-PRO68	residue_residue_PRO_PRO
PRO66-PRO69	residue_residue_PRO_PRO
PRO66-PRO70	residue_residue_PRO_PRO
PRO66-PRO71	residue_residue_PRO_PRO
PRO66-PRO72	residue_residue_PRO_PRO
PRO66-PRO73	residue_residue_PRO_PRO
PRO66-PRO96	residue_residue_PRO_PRO
PRO66-PRO99	residue_residue_PRO_PRO
PRO66-PRO103	residue_residue_PRO_PRO
PRO66-PRO1290	residue_residue_PRO_PRO
PRO66-PRO1395	residue_residue_PRO_PRO
PRO66-PRO1398	residue_residue_PRO_PRO
PRO66-PRO1399	residue_residue_PRO_PRO
PRO66-PRO1401	residue_residue_PRO_PRO
PRO66-PRO1402	residue_residue_PRO_PRO
PRO66-PRO1409	residue_residue_PRO_PRO
PRO66-PRO1419	residue_residue_PRO_PRO
PRO66-LIG	ligand_residue_PRO_LIG
PRO67-PRO68	residue_residue_PRO_PRO
PRO67-PRO69	residue_residue_PRO_PRO
PRO67-PRO70	residue_residue_PRO_PRO
PRO67-PRO71	residue_residue_PRO_PRO
PRO67-PRO72	residue_residue_PRO_PRO
PRO67-PRO73	residue_residue_PRO_PRO
PRO67-PRO74	residue_residue_PRO_PRO
PRO67-PRO75	residue_residue_PRO_PRO
PRO67-PRO78	residue_residue_PRO_PRO
PRO67-PRO96	residue_residue_PRO_PRO
PRO67-PRO99	residue_residue_PRO_PRO
PRO67-PRO103	residue_residue_PRO_PRO
PRO67-PRO1290	residue_residue_PRO_PRO
PRO67-PRO1389	residue_residue_PRO_PRO
PRO67-PRO1390	residue_residue_PRO_PRO
PRO67-PRO1391	residue_residue_PRO_PRO
PRO67-PRO1392	residue_residue_PRO_PRO
PRO67-PRO1393	residue_residue_PRO_PRO
PRO67-PRO1394	residue_residue_PRO_PRO
PRO67-PRO1395	residue_residue_PRO_PRO
PRO67-PRO1398	residue_residue_PRO_PRO
PRO67-PRO1399	residue_residue_PRO_PRO
PRO67-PRO1401	residue_residue_PRO_PRO
PRO67-PRO1402	residue_residue_PRO_PRO
PRO67-PRO1409	residue_residue_PRO_PRO
PRO67-PRO1419	residue_residue_PRO_PRO
PRO67-PRO1422	residue_residue_PRO_PRO
PRO67-LIG	ligand_residue_PRO_LIG
PRO68-PRO69	residue_residue_PRO_PRO
PRO68-PRO70	residue_residue_PRO_PRO
PRO68-PRO71	residue_residue_PRO_PRO
PRO68-PRO72	residue_residue_PRO_PRO
PRO68-PRO73	residue_residue_PRO_PRO
PRO68-PRO74	residue_residue_PRO_PRO
PRO68-PRO75	residue_residue_PRO_PRO
PRO68-PRO78	residue_residue_PRO_PRO
PRO68-PRO81	residue_residue_PRO_PRO
PRO68-PRO86	residue_residue_PRO_PRO
PRO68-PRO88	residue_residue_PRO_PRO
PRO68-PRO89	residue_residue_PRO_PRO
PRO68-PRO91	residue_residue_PRO_PRO
PRO68-PRO92	residue_residue_PRO_PRO
PRO68-PRO93	residue_residue_PRO_PRO
PRO68-PRO95	residue_residue_PRO_PRO
PRO68-PRO96	residue_residue_PRO_PRO
PRO68-PRO97	residue_residue_PRO_PRO
PRO68-PRO98	residue_residue_PRO_PRO
PRO68-PRO99	residue_residue_PRO_PRO
PRO68-PRO100	residue_residue_PRO_PRO
PRO68-PRO102	residue_residue_PRO_PRO
PRO68-PRO103	residue_residue_PRO_PRO
PRO68-PRO104	residue_residue_PRO_PRO
PRO68-PRO1234	residue_residue_PRO_PRO
PRO68-PRO1278	residue_residue_PRO_PRO
PRO68-PRO1283	residue_residue_PRO_PRO
PRO68-PRO1391	residue_residue_PRO_PRO
PRO68-PRO1395	residue_residue_PRO_PRO
PRO68-PRO1398	residue_residue_PRO_PRO
PRO68-PRO1399	residue_residue_PRO_PRO
PRO68-PRO1402	residue_residue_PRO_PRO
PRO68-PRO1409	residue_residue_PRO_PRO
PRO68-PRO1419	residue_residue_PRO_PRO
PRO68-GTP	GTP_residue_PRO_GTP
PRO68-LIG	ligand_residue_PRO_LIG
PRO69-PRO70	residue_residue_PRO_PRO
PRO69-PRO71	residue_residue_PRO_PRO
PRO69-PRO72	residue_residue_PRO_PRO
PRO69-PRO73	residue_residue_PRO_PRO
PRO69-PRO74	residue_residue_PRO_PRO
PRO69-PRO75	residue_residue_PRO_PRO
PRO69-PRO76	residue_residue_PRO_PRO
PRO69-PRO78	residue_residue_PRO_PRO
PRO69-PRO96	residue_residue_PRO_PRO
PRO69-PRO98	residue_residue_PRO_PRO
PRO69-PRO99	residue_residue_PRO_PRO
PRO69-PRO100	residue_residue_PRO_PRO
PRO69-PRO101	residue_residue_PRO_PRO
PRO69-PRO102	residue_residue_PRO_PRO
PRO69-PRO103	residue_residue_PRO_PRO
PRO69-PRO104	residue_residue_PRO_PRO
PRO69-PRO1398	residue_residue_PRO_PRO
PRO69-PRO1399	residue_residue_PRO_PRO
PRO69-PRO1402	residue_residue_PRO_PRO
PRO69-PRO1409	residue_residue_PRO_PRO
PRO69-LIG	ligand_residue_PRO_LIG
PRO70-PRO71	residue_residue_PRO_PRO
PRO70-PRO72	residue_residue_PRO_PRO
PRO70-PRO73	residue_residue_PRO_PRO
PRO70-PRO74	residue_residue_PRO_PRO
PRO70-PRO75	residue_residue_PRO_PRO
PRO70-PRO76	residue_residue_PRO_PRO
PRO70-PRO78	residue_residue_PRO_PRO
PRO70-PRO99	residue_residue_PRO_PRO
PRO70-PRO100	residue_residue_PRO_PRO
PRO70-PRO103	residue_residue_PRO_PRO
PRO70-PRO104	residue_residue_PRO_PRO
PRO70-PRO1398	residue_residue_PRO_PRO
PRO70-PRO1399	residue_residue_PRO_PRO
PRO70-PRO1401	residue_residue_PRO_PRO
PRO70-PRO1402	residue_residue_PRO_PRO
PRO70-PRO1409	residue_residue_PRO_PRO
PRO70-PRO1419	residue_residue_PRO_PRO
PRO71-PRO72	residue_residue_PRO_PRO
PRO71-PRO73	residue_residue_PRO_PRO
PRO71-PRO74	residue_residue_PRO_PRO
PRO71-PRO75	residue_residue_PRO_PRO
PRO71-PRO76	residue_residue_PRO_PRO
PRO71-PRO77	residue_residue_PRO_PRO
PRO71-PRO78	residue_residue_PRO_PRO
PRO71-PRO79	residue_residue_PRO_PRO
PRO71-PRO96	residue_residue_PRO_PRO
PRO71-PRO99	residue_residue_PRO_PRO
PRO71-PRO100	residue_residue_PRO_PRO
PRO71-PRO103	residue_residue_PRO_PRO
PRO71-PRO104	residue_residue_PRO_PRO
PRO71-PRO109	residue_residue_PRO_PRO
PRO71-PRO1394	residue_residue_PRO_PRO
PRO71-PRO1395	residue_residue_PRO_PRO
PRO71-PRO1398	residue_residue_PRO_PRO
PRO71-PRO1399	residue_residue_PRO_PRO
PRO71-PRO1402	residue_residue_PRO_PRO
PRO71-PRO1409	residue_residue_PRO_PRO
PRO71-PRO1416	residue_residue_PRO_PRO
PRO71-PRO1419	residue_residue_PRO_PRO
PRO71-PRO1420	residue_residue_PRO_PRO
PRO71-PRO1422	residue_residue_PRO_PRO
PRO71-PRO1423	residue_residue_PRO_PRO
PRO72-PRO73	residue_residue_PRO_PRO
PRO72-PRO74	residue_residue_PRO_PRO
PRO72-PRO75	residue_residue_PRO_PRO
PRO72-PRO76	residue_residue_PRO_PRO
PRO72-PRO77	residue_residue_PRO_PRO
PRO72-PRO78	residue_residue_PRO_PRO
PRO72-PRO79	residue_residue_PRO_PRO
PRO72-PRO80	residue_residue_PRO_PRO
PRO72-PRO81	residue_residue_PRO_PRO
PRO72-PRO92	residue_residue_PRO_PRO
PRO72-PRO93	residue_residue_PRO_PRO
PRO72-PRO94	residue_residue_PRO_PRO
PRO72-PRO95	residue_residue_PRO_PRO
PRO72-PRO96	residue_residue_PRO_PRO
PRO72-PRO97	residue_residue_PRO_PRO
PRO72-PRO98	residue_residue_PRO_PRO
PRO72-PRO99	residue_residue_PRO_PRO
PRO72-PRO100	residue_residue_PRO_PRO
PRO72-PRO101	residue_residue_PRO_PRO
PRO72-PRO102	residue_residue_PRO_PRO
PRO72-PRO103	residue_residue_PRO_PRO
PRO72-PRO104	residue_residue_PRO_PRO
PRO72-PRO105	residue_residue_PRO_PRO
PRO72-PRO106	residue_residue_PRO_PRO
PRO72-PRO109	residue_residue_PRO_PRO
PRO72-PRO110	residue_residue_PRO_PRO
PRO72-PRO111	residue_residue_PRO_PRO
PRO72-PRO159	residue_residue_PRO_PRO
PRO73-PRO74	residue_residue_PRO_PRO
PRO73-PRO75	residue_residue_PRO_PRO
PRO73-PRO76	residue_residue_PRO_PRO
PRO73-PRO77	residue_residue_PRO_PRO
PRO73-PRO78	residue_residue_PRO_PRO
PRO73-PRO99	residue_residue_PRO_PRO
PRO73-PRO100	residue_residue_PRO_PRO
PRO73-PRO101	residue_residue_PRO_PRO
PRO73-PRO102	residue_residue_PRO_PRO
PRO73-PRO103	residue_residue_PRO_PRO
PRO73-PRO104	residue_residue_PRO_PRO
PRO73-PRO105	residue_residue_PRO_PRO
PRO73-PRO106	residue_residue_PRO_PRO
PRO73-PRO109	residue_residue_PRO_PRO
PRO73-PRO1409	residue_residue_PRO_PRO
PRO74-PRO75	residue_residue_PRO_PRO
PRO74-PRO76	residue_residue_PRO_PRO
PRO74-PRO77	residue_residue_PRO_PRO
PRO74-PRO78	residue_residue_PRO_PRO
PRO74-PRO79	residue_residue_PRO_PRO
PRO74-PRO100	residue_residue_PRO_PRO
PRO74-PRO103	residue_residue_PRO_PRO
PRO74-PRO104	residue_residue_PRO_PRO
PRO74-PRO109	residue_residue_PRO_PRO
PRO74-PRO110	residue_residue_PRO_PRO
PRO74-PRO1416	residue_residue_PRO_PRO
PRO74-PRO1419	residue_residue_PRO_PRO
PRO75-PRO76	residue_residue_PRO_PRO
PRO75-PRO77	residue_residue_PRO_PRO
PRO75-PRO78	residue_residue_PRO_PRO
PRO75-PRO79	residue_residue_PRO_PRO
PRO75-PRO80	residue_residue_PRO_PRO
PRO75-PRO100	residue_residue_PRO_PRO
PRO75-PRO103	residue_residue_PRO_PRO
PRO75-PRO104	residue_residue_PRO_PRO
PRO75-PRO109	residue_residue_PRO_PRO
PRO75-PRO110	residue_residue_PRO_PRO
PRO75-PRO111	residue_residue_PRO_PRO
PRO75-PRO156	residue_residue_PRO_PRO
PRO75-PRO159	residue_residue_PRO_PRO
PRO76-PRO77	residue_residue_PRO_PRO
PRO76-PRO78	residue_residue_PRO_PRO
PRO76-PRO79	residue_residue_PRO_PRO
PRO76-PRO80	residue_residue_PRO_PRO
PRO76-PRO100	residue_residue_PRO_PRO
PRO76-PRO103	residue_residue_PRO_PRO
PRO76-PRO104	residue_residue_PRO_PRO
PRO76-PRO106	residue_residue_PRO_PRO
PRO76-PRO109	residue_residue_PRO_PRO
PRO76-PRO110	residue_residue_PRO_PRO
PRO76-PRO111	residue_residue_PRO_PRO
PRO76-PRO112	residue_residue_PRO_PRO
PRO76-PRO156	residue_residue_PRO_PRO
PRO76-PRO159	residue_residue_PRO_PRO
PRO77-PRO78	residue_residue_PRO_PRO
PRO77-PRO79	residue_residue_PRO_PRO
PRO77-PRO80	residue_residue_PRO_PRO
PRO77-PRO81	residue_residue_PRO_PRO
PRO77-PRO96	residue_residue_PRO_PRO
PRO77-PRO97	residue_residue_PRO_PRO
PRO77-PRO100	residue_residue_PRO_PRO
PRO77-PRO103	residue_residue_PRO_PRO
PRO77-PRO104	residue_residue_PRO_PRO
PRO77-PRO107	residue_residue_PRO_PRO
PRO77-PRO109	residue_residue_PRO_PRO
PRO77-PRO110	residue_residue_PRO_PRO
PRO77-PRO111	residue_residue_PRO_PRO
PRO77-PRO112	residue_residue_PRO_PRO
PRO77-PRO113	residue_residue_PRO_PRO
PRO77-PRO114	residue_residue_PRO_PRO
PRO77-PRO139	residue_residue_PRO_PRO
PRO77-PRO155	residue_residue_PRO_PRO
PRO77-PRO156	residue_residue_PRO_PRO
PRO77-PRO159	residue_residue_PRO_PRO
PRO78-PRO79	residue_residue_PRO_PRO
PRO78-PRO80	residue_residue_PRO_PRO
PRO78-PRO81	residue_residue_PRO_PRO
PRO78-PRO93	residue_residue_PRO_PRO
PRO78-PRO95	residue_residue_PRO_PRO
PRO78-PRO96	residue_residue_PRO_PRO
PRO78-PRO97	residue_residue_PRO_PRO
PRO78-PRO98	residue_residue_PRO_PRO
PRO78-PRO99	residue_residue_PRO_PRO
PRO78-PRO100	residue_residue_PRO_PRO
PRO78-PRO101	residue_residue_PRO_PRO
PRO78-PRO102	residue_residue_PRO_PRO
PRO78-PRO103	residue_residue_PRO_PRO
PRO78-PRO104	residue_residue_PRO_PRO
PRO78-PRO105	residue_residue_PRO_PRO
PRO78-PRO106	residue_residue_PRO_PRO
PRO78-PRO107	residue_residue_PRO_PRO
PRO78-PRO109	residue_residue_PRO_PRO
PRO78-PRO110	residue_residue_PRO_PRO
PRO78-PRO111	residue_residue_PRO_PRO
PRO78-PRO112	residue_residue_PRO_PRO
PRO78-PRO113	residue_residue_PRO_PRO
PRO78-PRO114	residue_residue_PRO_PRO
PRO78-PRO137	residue_residue_PRO_PRO
PRO78-PRO139	residue_residue_PRO_PRO
PRO78-PRO141	residue_residue_PRO_PRO
PRO78-PRO142	residue_residue_PRO_PRO
PRO78-PRO155	residue_residue_PRO_PRO
PRO78-PRO156	residue_residue_PRO_PRO
PRO78-PRO159	residue_residue_PRO_PRO
PRO79-PRO80	residue_residue_PRO_PRO
PRO79-PRO81	residue_residue_PRO_PRO
PRO79-PRO82	residue_residue_PRO_PRO
PRO79-PRO93	residue_residue_PRO_PRO
PRO79-PRO96	residue_residue_PRO_PRO
PRO79-PRO97	residue_residue_PRO_PRO
PRO79-PRO100	residue_residue_PRO_PRO
PRO79-PRO104	residue_residue_PRO_PRO
PRO79-PRO109	residue_residue_PRO_PRO
PRO79-PRO110	residue_residue_PRO_PRO
PRO79-PRO111	residue_residue_PRO_PRO
PRO79-PRO112	residue_residue_PRO_PRO
PRO79-PRO113	residue_residue_PRO_PRO
PRO79-PRO114	residue_residue_PRO_PRO
PRO79-PRO115	residue_residue_PRO_PRO
PRO79-PRO116	residue_residue_PRO_PRO
PRO79-PRO117	residue_residue_PRO_PRO
PRO79-PRO139	residue_residue_PRO_PRO
PRO79-PRO141	residue_residue_PRO_PRO
PRO79-PRO142	residue_residue_PRO_PRO
PRO79-PRO143	residue_residue_PRO_PRO
PRO79-PRO144	residue_residue_PRO_PRO
PRO79-PRO145	residue_residue_PRO_PRO
PRO79-PRO146	residue_residue_PRO_PRO
PRO79-PRO150	residue_residue_PRO_PRO
PRO79-PRO151	residue_residue_PRO_PRO
PRO79-PRO152	residue_residue_PRO_PRO
PRO79-PRO153	residue_residue_PRO_PRO
PRO79-PRO154	residue_residue_PRO_PRO
PRO79-PRO155	residue_residue_PRO_PRO
PRO79-PRO156	residue_residue_PRO_PRO
PRO79-PRO159	residue_residue_PRO_PRO
PRO79-GTP	GTP_residue_PRO_GTP
PRO80-PRO81	residue_residue_PRO_PRO
PRO80-PRO82	residue_residue_PRO_PRO
PRO80-PRO83	residue_residue_PRO_PRO
PRO80-PRO84	residue_residue_PRO_PRO
PRO80-PRO89	residue_residue_PRO_PRO
PRO80-PRO90	residue_residue_PRO_PRO
PRO80-PRO91	residue_residue_PRO_PRO
PRO80-PRO92	residue_residue_PRO_PRO
PRO80-PRO93	residue_residue_PRO_PRO
PRO80-PRO94	residue_residue_PRO_PRO
PRO80-PRO95	residue_residue_PRO_PRO
PRO80-PRO96	residue_residue_PRO_PRO
PRO80-PRO97	residue_residue_PRO_PRO
PRO80-PRO98	residue_residue_PRO_PRO
PRO80-PRO99	residue_residue_PRO_PRO
PRO80-PRO100	residue_residue_PRO_PRO
PRO80-PRO101	residue_residue_PRO_PRO
PRO80-PRO104	residue_residue_PRO_PRO
PRO80-PRO109	residue_residue_PRO_PRO
PRO80-PRO110	residue_residue_PRO_PRO
PRO80-PRO111	residue_residue_PRO_PRO
PRO80-PRO112	residue_residue_PRO_PRO
PRO80-PRO113	residue_residue_PRO_PRO
PRO80-PRO114	residue_residue_PRO_PRO
PRO80-PRO115	residue_residue_PRO_PRO
PRO80-PRO116	residue_residue_PRO_PRO
PRO80-PRO125	residue_residue_PRO_PRO
PRO80-PRO130	residue_residue_PRO_PRO
PRO80-PRO133	residue_residue_PRO_PRO
PRO80-PRO134	residue_residue_PRO_PRO
PRO80-PRO137	residue_residue_PRO_PRO
PRO80-PRO139	residue_residue_PRO_PRO
PRO80-PRO141	residue_residue_PRO_PRO
PRO80-PRO142	residue_residue_PRO_PRO
PRO80-PRO143	residue_residue_PRO_PRO
PRO80-PRO144	residue_residue_PRO_PRO
PRO80-PRO155	residue_residue_PRO_PRO
PRO80-PRO156	residue_residue_PRO_PRO
PRO80-PRO159	residue_residue_PRO_PRO
PRO81-PRO82	residue_residue_PRO_PRO
PRO81-PRO83	residue_residue_PRO_PRO
PRO81-PRO84	residue_residue_PRO_PRO
PRO81-PRO85	residue_residue_PRO_PRO
PRO81-PRO86	residue_residue_PRO_PRO
PRO81-PRO87	residue_residue_PRO_PRO
PRO81-PRO88	residue_residue_PRO_PRO
PRO81-PRO89	residue_residue_PRO_PRO
PRO81-PRO90	residue_residue_PRO_PRO
PRO81-PRO91	residue_residue_PRO_PRO
PRO81-PRO92	residue_residue_PRO_PRO
PRO81-PRO93	residue_residue_PRO_PRO
PRO81-PRO94	residue_residue_PRO_PRO
PRO81-PRO95	residue_residue_PRO_PRO
PRO81-PRO96	residue_residue_PRO_PRO
PRO81-PRO97	residue_residue_PRO_PRO
PRO81-PRO100	residue_residue_PRO_PRO
PRO81-PRO111	residue_residue_PRO_PRO
PRO81-PRO112	residue_residue_PRO_PRO
PRO81-PRO113	residue_residue_PRO_PRO
PRO81-PRO114	residue_residue_PRO_PRO
PRO81-PRO115	residue_residue_PRO_PRO
PRO81-PRO116	residue_residue_PRO_PRO
PRO81-PRO117	residue_residue_PRO_PRO
PRO81-PRO118	residue_residue_PRO_PRO
PRO81-PRO125	residue_residue_PRO_PRO
PRO81-PRO130	residue_residue_PRO_PRO
PRO81-PRO133	residue_residue_PRO_PRO
PRO81-PRO139	residue_residue_PRO_PRO
PRO81-PRO141	residue_residue_PRO_PRO
PRO81-PRO142	residue_residue_PRO_PRO
PRO81-PRO143	residue_residue_PRO_PRO
PRO81-PRO144	residue_residue_PRO_PRO
PRO81-PRO145	residue_residue_PRO_PRO
PRO81-PRO146	residue_residue_PRO_PRO
PRO81-PRO150	residue_residue_PRO_PRO
PRO81-PRO151	residue_residue_PRO_PRO
PRO81-PRO152	residue_residue_PRO_PRO
PRO81-PRO155	residue_residue_PRO_PRO
PRO81-PRO156	residue_residue_PRO_PRO
PRO81-PRO159	residue_residue_PRO_PRO
PRO81-GTP	GTP_residue_PRO_GTP
PRO82-PRO83	residue_residue_PRO_PRO
PRO82-PRO84	residue_residue_PRO_PRO
PRO82-PRO85	residue_residue_PRO_PRO
PRO82-PRO86	residue_residue_PRO_PRO
PRO82-PRO87	residue_residue_PRO_PRO
PRO82-PRO88	residue_residue_PRO_PRO
PRO82-PRO89	residue_residue_PRO_PRO
PRO82-PRO90	residue_residue_PRO_PRO
PRO82-PRO91	residue_residue_PRO_PRO
PRO82-PRO92	residue_residue_PRO_PRO
PRO82-PRO93	residue_residue_PRO_PRO
PRO82-PRO94	residue_residue_PRO_PRO
PRO82-PRO95	residue_residue_PRO_PRO
PRO82-PRO96	residue_residue_PRO_PRO
PRO82-PRO97	residue_residue_PRO_PRO
PRO82-PRO111	residue_residue_PRO_PRO
PRO82-PRO112	residue_residue_PRO_PRO
PRO82-PRO113	residue_residue_PRO_PRO
PRO82-PRO114	residue_residue_PRO_PRO
PRO82-PRO115	residue_residue_PRO_PRO
PRO82-PRO116	residue_residue_PRO_PRO
PRO82-PRO117	residue_residue_PRO_PRO
PRO82-PRO118	residue_residue_PRO_PRO
PRO82-PRO119	residue_residue_PRO_PRO
PRO82-PRO120	residue_residue_PRO_PRO
PRO82-PRO122	residue_residue_PRO_PRO
PRO82-PRO123	residue_residue_PRO_PRO
PRO82-PRO124	residue_residue_PRO_PRO
PRO82-PRO125	residue_residue_PRO_PRO
PRO82-PRO127	residue_residue_PRO_PRO
PRO82-PRO129	residue_residue_PRO_PRO
PRO82-PRO130	residue_residue_PRO_PRO
PRO82-PRO133	residue_residue_PRO_PRO
PRO82-PRO134	residue_residue_PRO_PRO
PRO82-PRO137	residue_residue_PRO_PRO
PRO82-PRO139	residue_residue_PRO_PRO
PRO82-PRO141	residue_residue_PRO_PRO
PRO82-PRO142	residue_residue_PRO_PRO
PRO82-PRO143	residue_residue_PRO_PRO
PRO82-PRO144	residue_residue_PRO_PRO
PRO82-PRO145	residue_residue_PRO_PRO
PRO82-PRO146	residue_residue_PRO_PRO
PRO82-PRO152	residue_residue_PRO_PRO
PRO82-PRO155	residue_residue_PRO_PRO
PRO82-PRO1277	residue_residue_PRO_PRO
PRO82-GTP	GTP_residue_PRO_GTP
PRO83-PRO84	residue_residue_PRO_PRO
PRO83-PRO85	residue_residue_PRO_PRO
PRO83-PRO86	residue_residue_PRO_PRO
PRO83-PRO87	residue_residue_PRO_PRO
PRO83-PRO88	residue_residue_PRO_PRO
PRO83-PRO89	residue_residue_PRO_PRO
PRO83-PRO90	residue_residue_PRO_PRO
PRO83-PRO91	residue_residue_PRO_PRO
PRO83-PRO92	residue_residue_PRO_PRO
PRO83-PRO93	residue_residue_PRO_PRO
PRO83-PRO96	residue_residue_PRO_PRO
PRO83-PRO113	residue_residue_PRO_PRO
PRO83-PRO114	residue_residue_PRO_PRO
PRO83-PRO115	residue_residue_PRO_PRO
PRO83-PRO116	residue_residue_PRO_PRO
PRO83-PRO117	residue_residue_PRO_PRO
PRO83-PRO118	residue_residue_PRO_PRO
PRO83-PRO119	residue_residue_PRO_PRO
PRO83-PRO120	residue_residue_PRO_PRO
PRO83-PRO122	residue_residue_PRO_PRO
PRO83-PRO123	residue_residue_PRO_PRO
PRO83-PRO124	residue_residue_PRO_PRO
PRO83-PRO125	residue_residue_PRO_PRO
PRO83-PRO127	residue_residue_PRO_PRO
PRO83-PRO129	residue_residue_PRO_PRO
PRO83-PRO130	residue_residue_PRO_PRO
PRO83-PRO133	residue_residue_PRO_PRO
PRO83-PRO141	residue_residue_PRO_PRO
PRO83-PRO142	residue_residue_PRO_PRO
PRO83-PRO143	residue_residue_PRO_PRO
PRO83-PRO144	residue_residue_PRO_PRO
PRO83-PRO145	residue_residue_PRO_PRO
PRO83-PRO146	residue_residue_PRO_PRO
PRO83-PRO1276	residue_residue_PRO_PRO
PRO83-PRO1277	residue_residue_PRO_PRO
PRO83-PRO1278	residue_residue_PRO_PRO
PRO83-GTP	GTP_residue_PRO_GTP
PRO84-PRO85	residue_residue_PRO_PRO
PRO84-PRO86	residue_residue_PRO_PRO
PRO84-PRO87	residue_residue_PRO_PRO
PRO84-PRO88	residue_residue_PRO_PRO
PRO84-PRO89	residue_residue_PRO_PRO
PRO84-PRO90	residue_residue_PRO_PRO
PRO84-PRO91	residue_residue_PRO_PRO
PRO84-PRO93	residue_residue_PRO_PRO
PRO84-PRO113	residue_residue_PRO_PRO
PRO84-PRO114	residue_residue_PRO_PRO
PRO84-PRO115	residue_residue_PRO_PRO
PRO84-PRO116	residue_residue_PRO_PRO
PRO84-PRO117	residue_residue_PRO_PRO
PRO84-PRO118	residue_residue_PRO_PRO
PRO84-PRO119	residue_residue_PRO_PRO
PRO84-PRO120	residue_residue_PRO_PRO
PRO84-PRO121	residue_residue_PRO_PRO
PRO84-PRO122	residue_residue_PRO_PRO
PRO84-PRO123	residue_residue_PRO_PRO
PRO84-PRO124	residue_residue_PRO_PRO
PRO84-PRO125	residue_residue_PRO_PRO
PRO84-PRO127	residue_residue_PRO_PRO
PRO84-PRO129	residue_residue_PRO_PRO
PRO84-PRO130	residue_residue_PRO_PRO
PRO84-PRO141	residue_residue_PRO_PRO
PRO84-PRO142	residue_residue_PRO_PRO
PRO84-PRO143	residue_residue_PRO_PRO
PRO84-PRO144	residue_residue_PRO_PRO
PRO84-PRO145	residue_residue_PRO_PRO
PRO84-PRO146	residue_residue_PRO_PRO
PRO84-PRO147	residue_residue_PRO_PRO
PRO84-PRO148	residue_residue_PRO_PRO
PRO84-PRO150	residue_residue_PRO_PRO
PRO84-GTP	GTP_residue_PRO_GTP
PRO85-PRO86	residue_residue_PRO_PRO
PRO85-PRO87	residue_residue_PRO_PRO
PRO85-PRO88	residue_residue_PRO_PRO
PRO85-PRO89	residue_residue_PRO_PRO
PRO85-PRO90	residue_residue_PRO_PRO
PRO85-PRO91	residue_residue_PRO_PRO
PRO85-PRO114	residue_residue_PRO_PRO
PRO85-PRO115	residue_residue_PRO_PRO
PRO85-PRO116	residue_residue_PRO_PRO
PRO85-PRO117	residue_residue_PRO_PRO
PRO85-PRO118	residue_residue_PRO_PRO
PRO85-PRO119	residue_residue_PRO_PRO
PRO85-PRO120	residue_residue_PRO_PRO
PRO85-PRO121	residue_residue_PRO_PRO
PRO85-PRO122	residue_residue_PRO_PRO
PRO85-PRO123	residue_residue_PRO_PRO
PRO85-PRO124	residue_residue_PRO_PRO
PRO85-PRO125	residue_residue_PRO_PRO
PRO85-PRO127	residue_residue_PRO_PRO
PRO85-PRO130	residue_residue_PRO_PRO
PRO85-PRO143	residue_residue_PRO_PRO
PRO85-PRO144	residue_residue_PRO_PRO
PRO85-PRO145	residue_residue_PRO_PRO
PRO85-PRO147	residue_residue_PRO_PRO
PRO85-PRO1233	residue_residue_PRO_PRO
PRO85-PRO1236	residue_residue_PRO_PRO
PRO85-PRO1267	residue_residue_PRO_PRO
PRO85-PRO1269	residue_residue_PRO_PRO
PRO85-PRO1273	residue_residue_PRO_PRO
PRO85-PRO1276	residue_residue_PRO_PRO
PRO85-PRO1277	residue_residue_PRO_PRO
PRO85-PRO1278	residue_residue_PRO_PRO
PRO85-GTP	GTP_residue_PRO_GTP
PRO86-PRO87	residue_residue_PRO_PRO
PRO86-PRO88	residue_residue_PRO_PRO
PRO86-PRO89	residue_residue_PRO_PRO
PRO86-PRO90	residue_residue_PRO_PRO
PRO86-PRO91	residue_residue_PRO_PRO
PRO86-PRO92	residue_residue_PRO_PRO
PRO86-PRO93	residue_residue_PRO_PRO
PRO86-PRO96	residue_residue_PRO_PRO
PRO86-PRO113	residue_residue_PRO_PRO
PRO86-PRO114	residue_residue_PRO_PRO
PRO86-PRO115	residue_residue_PRO_PRO
PRO86-PRO116	residue_residue_PRO_PRO
PRO86-PRO117	residue_residue_PRO_PRO
PRO86-PRO118	residue_residue_PRO_PRO
PRO86-PRO120	residue_residue_PRO_PRO
PRO86-PRO122	residue_residue_PRO_PRO
PRO86-PRO123	residue_residue_PRO_PRO
PRO86-PRO124	residue_residue_PRO_PRO
PRO86-PRO125	residue_residue_PRO_PRO
PRO86-PRO130	residue_residue_PRO_PRO
PRO86-PRO1233	residue_residue_PRO_PRO
PRO86-PRO1234	residue_residue_PRO_PRO
PRO86-PRO1236	residue_residue_PRO_PRO
PRO86-PRO1273	residue_residue_PRO_PRO
PRO86-PRO1275	residue_residue_PRO_PRO
PRO86-PRO1276	residue_residue_PRO_PRO
PRO86-PRO1277	residue_residue_PRO_PRO
PRO86-PRO1278	residue_residue_PRO_PRO
PRO86-PRO1279	residue_residue_PRO_PRO
PRO86-PRO1282	residue_residue_PRO_PRO
PRO86-PRO1283	residue_residue_PRO_PRO
PRO86-GTP	GTP_residue_PRO_GTP
PRO87-PRO88	residue_residue_PRO_PRO
PRO87-PRO89	residue_residue_PRO_PRO
PRO87-PRO90	residue_residue_PRO_PRO
PRO87-PRO91	residue_residue_PRO_PRO
PRO87-PRO92	residue_residue_PRO_PRO
PRO87-PRO93	residue_residue_PRO_PRO
PRO87-PRO94	residue_residue_PRO_PRO
PRO87-PRO95	residue_residue_PRO_PRO
PRO87-PRO96	residue_residue_PRO_PRO
PRO87-PRO113	residue_residue_PRO_PRO
PRO87-PRO115	residue_residue_PRO_PRO
PRO87-PRO116	residue_residue_PRO_PRO
PRO87-PRO117	residue_residue_PRO_PRO
PRO87-PRO122	residue_residue_PRO_PRO
PRO87-PRO123	residue_residue_PRO_PRO
PRO87-PRO124	residue_residue_PRO_PRO
PRO87-PRO125	residue_residue_PRO_PRO
PRO87-PRO127	residue_residue_PRO_PRO
PRO87-PRO129	residue_residue_PRO_PRO
PRO87-PRO130	residue_residue_PRO_PRO
PRO87-PRO133	residue_residue_PRO_PRO
PRO87-PRO1231	residue_residue_PRO_PRO
PRO87-PRO1232	residue_residue_PRO_PRO
PRO87-PRO1233	residue_residue_PRO_PRO
PRO87-PRO1234	residue_residue_PRO_PRO
PRO87-PRO1235	residue_residue_PRO_PRO
PRO87-PRO1236	residue_residue_PRO_PRO
PRO87-PRO1277	residue_residue_PRO_PRO
PRO87-PRO1278	residue_residue_PRO_PRO
PRO87-PRO1279	residue_residue_PRO_PRO
PRO88-PRO89	residue_residue_PRO_PRO
PRO88-PRO90	residue_residue_PRO_PRO
PRO88-PRO91	residue_residue_PRO_PRO
PRO88-PRO92	residue_residue_PRO_PRO
PRO88-PRO93	residue_residue_PRO_PRO
PRO88-PRO94	residue_residue_PRO_PRO
PRO88-PRO95	residue_residue_PRO_PRO
PRO88-PRO96	residue_residue_PRO_PRO
PRO88-PRO113	residue_residue_PRO_PRO
PRO88-PRO124	residue_residue_PRO_PRO
PRO88-PRO125	residue_residue_PRO_PRO
PRO88-PRO133	residue_residue_PRO_PRO
PRO88-PRO1231	residue_residue_PRO_PRO
PRO88-PRO1232	residue_residue_PRO_PRO
PRO88-PRO1233	residue_residue_PRO_PRO
PRO88-PRO1234	residue_residue_PRO_PRO
PRO88-PRO1235	residue_residue_PRO_PRO
PRO88-PRO1236	residue_residue_PRO_PRO
PRO88-PRO1237	residue_residue_PRO_PRO
PRO88-PRO1275	residue_residue_PRO_PRO
PRO88-PRO1276	residue_residue_PRO_PRO
PRO88-PRO1277	residue_residue_PRO_PRO
PRO88-PRO1278	residue_residue_PRO_PRO
PRO88-PRO1279	residue_residue_PRO_PRO
PRO88-PRO1280	residue_residue_PRO_PRO
PRO88-PRO1282	residue_residue_PRO_PRO
PRO88-PRO1283	residue_residue_PRO_PRO
PRO88-PRO1286	residue_residue_PRO_PRO
PRO88-PRO1391	residue_residue_PRO_PRO
PRO88-GTP	GTP_residue_PRO_GTP
PRO88-LIG	ligand_residue_PRO_LIG
PRO89-PRO90	residue_residue_PRO_PRO
PRO89-PRO91	residue_residue_PRO_PRO
PRO89-PRO92	residue_residue_PRO_PRO
PRO89-PRO93	residue_residue_PRO_PRO
PRO89-PRO94	residue_residue_PRO_PRO
PRO89-PRO95	residue_residue_PRO_PRO
PRO89-PRO96	residue_residue_PRO_PRO
PRO89-PRO97	residue_residue_PRO_PRO
PRO89-PRO113	residue_residue_PRO_PRO
PRO89-PRO114	residue_residue_PRO_PRO
PRO89-PRO115	residue_residue_PRO_PRO
PRO89-PRO116	residue_residue_PRO_PRO
PRO89-PRO117	residue_residue_PRO_PRO
PRO89-PRO123	residue_residue_PRO_PRO
PRO89-PRO124	residue_residue_PRO_PRO
PRO89-PRO125	residue_residue_PRO_PRO
PRO89-PRO130	residue_residue_PRO_PRO
PRO89-PRO133	residue_residue_PRO_PRO
PRO89-PRO137	residue_residue_PRO_PRO
PRO89-PRO141	residue_residue_PRO_PRO
PRO89-PRO1233	residue_residue_PRO_PRO
PRO89-PRO1234	residue_residue_PRO_PRO
PRO89-PRO1236	residue_residue_PRO_PRO
PRO89-PRO1276	residue_residue_PRO_PRO
PRO89-PRO1277	residue_residue_PRO_PRO
PRO89-PRO1278	residue_residue_PRO_PRO
PRO89-PRO1279	residue_residue_PRO_PRO
PRO89-GTP	GTP_residue_PRO_GTP
PRO90-PRO91	residue_residue_PRO_PRO
PRO90-PRO92	residue_residue_PRO_PRO
PRO90-PRO93	residue_residue_PRO_PRO
PRO90-PRO94	residue_residue_PRO_PRO
PRO90-PRO95	residue_residue_PRO_PRO
PRO90-PRO96	residue_residue_PRO_PRO
PRO90-PRO97	residue_residue_PRO_PRO
PRO90-PRO98	residue_residue_PRO_PRO
PRO90-PRO113	residue_residue_PRO_PRO
PRO90-PRO114	residue_residue_PRO_PRO
PRO90-PRO115	residue_residue_PRO_PRO
PRO90-PRO116	residue_residue_PRO_PRO
PRO90-PRO123	residue_residue_PRO_PRO
PRO90-PRO124	residue_residue_PRO_PRO
PRO90-PRO125	residue_residue_PRO_PRO
PRO90-PRO127	residue_residue_PRO_PRO
PRO90-PRO129	residue_residue_PRO_PRO
PRO90-PRO130	residue_residue_PRO_PRO
PRO90-PRO133	residue_residue_PRO_PRO
PRO90-PRO134	residue_residue_PRO_PRO
PRO90-PRO136	residue_residue_PRO_PRO
PRO90-PRO137	residue_residue_PRO_PRO
PRO90-PRO139	residue_residue_PRO_PRO
PRO90-PRO141	residue_residue_PRO_PRO
PRO90-PRO142	residue_residue_PRO_PRO
PRO90-PRO143	residue_residue_PRO_PRO
PRO90-PRO1233	residue_residue_PRO_PRO
PRO90-PRO1234	residue_residue_PRO_PRO
PRO90-PRO1277	residue_residue_PRO_PRO
PRO90-PRO1278	residue_residue_PRO_PRO
PRO91-PRO92	residue_residue_PRO_PRO
PRO91-PRO93	residue_residue_PRO_PRO
PRO91-PRO94	residue_residue_PRO_PRO
PRO91-PRO95	residue_residue_PRO_PRO
PRO91-PRO96	residue_residue_PRO_PRO
PRO91-PRO97	residue_residue_PRO_PRO
PRO91-PRO98	residue_residue_PRO_PRO
PRO91-PRO99	residue_residue_PRO_PRO
PRO91-PRO113	residue_residue_PRO_PRO
PRO91-PRO124	residue_residue_PRO_PRO
PRO91-PRO125	residue_residue_PRO_PRO
PRO91-PRO129	residue_residue_PRO_PRO
PRO91-PRO130	residue_residue_PRO_PRO
PRO91-PRO133	residue_residue_PRO_PRO
PRO91-PRO137	residue_residue_PRO_PRO
PRO91-PRO1231	residue_residue_PRO_PRO
PRO91-PRO1232	residue_residue_PRO_PRO
PRO91-PRO1233	residue_residue_PRO_PRO
PRO91-PRO1234	residue_residue_PRO_PRO
PRO91-PRO1235	residue_residue_PRO_PRO
PRO91-PRO1236	residue_residue_PRO_PRO
PRO91-PRO1278	residue_residue_PRO_PRO
PRO92-PRO93	residue_residue_PRO_PRO
PRO92-PRO94	residue_residue_PRO_PRO
PRO92-PRO95	residue_residue_PRO_PRO
PRO92-PRO96	residue_residue_PRO_PRO
PRO92-PRO97	residue_residue_PRO_PRO
PRO92-PRO98	residue_residue_PRO_PRO
PRO92-PRO99	residue_residue_PRO_PRO
PRO92-PRO100	residue_residue_PRO_PRO
PRO92-PRO111	residue_residue_PRO_PRO
PRO92-PRO113	residue_residue_PRO_PRO
PRO92-PRO114	residue_residue_PRO_PRO
PRO92-PRO125	residue_residue_PRO_PRO
PRO92-PRO133	residue_residue_PRO_PRO
PRO92-PRO137	residue_residue_PRO_PRO
PRO92-PRO139	residue_residue_PRO_PRO
PRO92-PRO1233	residue_residue_PRO_PRO
PRO92-PRO1234	residue_residue_PRO_PRO
PRO92-PRO1235	residue_residue_PRO_PRO
PRO92-PRO1237	residue_residue_PRO_PRO
PRO92-PRO1277	residue_residue_PRO_PRO
PRO92-PRO1278	residue_residue_PRO_PRO
PRO92-PRO1283	residue_residue_PRO_PRO
PRO92-LIG	ligand_residue_PRO_LIG
PRO93-PRO94	residue_residue_PRO_PRO
PRO93-PRO95	residue_residue_PRO_PRO
PRO93-PRO96	residue_residue_PRO_PRO
PRO93-PRO97	residue_residue_PRO_PRO
PRO93-PRO98	residue_residue_PRO_PRO
PRO93-PRO99	residue_residue_PRO_PRO
PRO93-PRO100	residue_residue_PRO_PRO
PRO93-PRO101	residue_residue_PRO_PRO
PRO93-PRO111	residue_residue_PRO_PRO
PRO93-PRO112	residue_residue_PRO_PRO
PRO93-PRO113	residue_residue_PRO_PRO
PRO93-PRO114	residue_residue_PRO_PRO
PRO93-PRO115	residue_residue_PRO_PRO
PRO93-PRO116	residue_residue_PRO_PRO
PRO93-PRO123	residue_residue_PRO_PRO
PRO93-PRO125	residue_residue_PRO_PRO
PRO93-PRO127	residue_residue_PRO_PRO
PRO93-PRO129	residue_residue_PRO_PRO
PRO93-PRO130	residue_residue_PRO_PRO
PRO93-PRO133	residue_residue_PRO_PRO
PRO93-PRO134	residue_residue_PRO_PRO
PRO93-PRO136	residue_residue_PRO_PRO
PRO93-PRO137	residue_residue_PRO_PRO
PRO93-PRO139	residue_residue_PRO_PRO
PRO93-PRO141	residue_residue_PRO_PRO
PRO93-PRO142	residue_residue_PRO_PRO
PRO93-PRO143	residue_residue_PRO_PRO
PRO93-PRO1233	residue_residue_PRO_PRO
PRO93-PRO1234	residue_residue_PRO_PRO
PRO94-PRO95	residue_residue_PRO_PRO
PRO94-PRO96	residue_residue_PRO_PRO
PRO94-PRO97	residue_residue_PRO_PRO
PRO94-PRO98	residue_residue_PRO_PRO
PRO94-PRO99	residue_residue_PRO_PRO
PRO94-PRO100	residue_residue_PRO_PRO
PRO94-PRO101	residue_residue_PRO_PRO
PRO94-PRO102	residue_residue_PRO_PRO
PRO94-PRO107	residue_residue_PRO_PRO
PRO94-PRO111	residue_residue_PRO_PRO
PRO94-PRO113	residue_residue_PRO_PRO
PRO94-PRO125	residue_residue_PRO_PRO
PRO94-PRO129	residue_residue_PRO_PRO
PRO94-PRO130	residue_residue_PRO_PRO
PRO94-PRO133	residue_residue_PRO_PRO
PRO94-PRO134	residue_residue_PRO_PRO
PRO94-PRO136	residue_residue_PRO_PRO
PRO94-PRO137	residue_residue_PRO_PRO
PRO94-PRO139	residue_residue_PRO_PRO
PRO94-PRO1234	residue_residue_PRO_PRO
PRO94-PRO1235	residue_residue_PRO_PRO
PRO95-PRO96	residue_residue_PRO_PRO
PRO95-PRO97	residue_residue_PRO_PRO
PRO95-PRO98	residue_residue_PRO_PRO
PRO95-PRO99	residue_residue_PRO_PRO
PRO95-PRO100	residue_residue_PRO_PRO
PRO95-PRO101	residue_residue_PRO_PRO
PRO95-PRO102	residue_residue_PRO_PRO
PRO95-PRO103	residue_residue_PRO_PRO
PRO95-PRO104	residue_residue_PRO_PRO
PRO95-PRO111	residue_residue_PRO_PRO
PRO95-PRO113	residue_residue_PRO_PRO
PRO95-PRO133	residue_residue_PRO_PRO
PRO95-PRO137	residue_residue_PRO_PRO
PRO95-PRO139	residue_residue_PRO_PRO
PRO95-PRO1234	residue_residue_PRO_PRO
PRO95-PRO1235	residue_residue_PRO_PRO
PRO95-PRO1237	residue_residue_PRO_PRO
PRO95-LIG	ligand_residue_PRO_LIG
PRO96-PRO97	residue_residue_PRO_PRO
PRO96-PRO98	residue_residue_PRO_PRO
PRO96-PRO99	residue_residue_PRO_PRO
PRO96-PRO100	residue_residue_PRO_PRO
PRO96-PRO101	residue_residue_PRO_PRO
PRO96-PRO102	residue_residue_PRO_PRO
PRO96-PRO103	residue_residue_PRO_PRO
PRO96-PRO104	residue_residue_PRO_PRO
PRO96-PRO105	residue_residue_PRO_PRO
PRO96-PRO106	residue_residue_PRO_PRO
PRO96-PRO107	residue_residue_PRO_PRO
PRO96-PRO109	residue_residue_PRO_PRO
PRO96-PRO110	residue_residue_PRO_PRO
PRO96-PRO111	residue_residue_PRO_PRO
PRO96-PRO112	residue_residue_PRO_PRO
PRO96-PRO113	residue_residue_PRO_PRO
PRO96-PRO114	residue_residue_PRO_PRO
PRO96-PRO133	residue_residue_PRO_PRO
PRO96-PRO137	residue_residue_PRO_PRO
PRO96-PRO139	residue_residue_PRO_PRO
PRO96-GTP	GTP_residue_PRO_GTP
PRO97-PRO98	residue_residue_PRO_PRO
PRO97-PRO99	residue_residue_PRO_PRO
PRO97-PRO100	residue_residue_PRO_PRO
PRO97-PRO101	residue_residue_PRO_PRO
PRO97-PRO102	residue_residue_PRO_PRO
PRO97-PRO103	residue_residue_PRO_PRO
PRO97-PRO104	residue_residue_PRO_PRO
PRO97-PRO105	residue_residue_PRO_PRO
PRO97-PRO106	residue_residue_PRO_PRO
PRO97-PRO107	residue_residue_PRO_PRO
PRO97-PRO109	residue_residue_PRO_PRO
PRO97-PRO110	residue_residue_PRO_PRO
PRO97-PRO111	residue_residue_PRO_PRO
PRO97-PRO112	residue_residue_PRO_PRO
PRO97-PRO113	residue_residue_PRO_PRO
PRO97-PRO114	residue_residue_PRO_PRO
PRO97-PRO133	residue_residue_PRO_PRO
PRO97-PRO134	residue_residue_PRO_PRO
PRO97-PRO136	residue_residue_PRO_PRO
PRO97-PRO137	residue_residue_PRO_PRO
PRO97-PRO139	residue_residue_PRO_PRO
PRO98-PRO99	residue_residue_PRO_PRO
PRO98-PRO100	residue_residue_PRO_PRO
PRO98-PRO101	residue_residue_PRO_PRO
PRO98-PRO102	residue_residue_PRO_PRO
PRO98-PRO103	residue_residue_PRO_PRO
PRO98-PRO104	residue_residue_PRO_PRO
PRO98-PRO105	residue_residue_PRO_PRO
PRO98-PRO106	residue_residue_PRO_PRO
PRO98-PRO107	residue_residue_PRO_PRO
PRO98-PRO109	residue_residue_PRO_PRO
PRO98-PRO111	residue_residue_PRO_PRO
PRO98-PRO113	residue_residue_PRO_PRO
PRO98-PRO133	residue_residue_PRO_PRO
PRO98-PRO136	residue_residue_PRO_PRO
PRO98-PRO137	residue_residue_PRO_PRO
PRO98-PRO139	residue_residue_PRO_PRO
PRO99-PRO100	residue_residue_PRO_PRO
PRO99-PRO101	residue_residue_PRO_PRO
PRO99-PRO102	residue_residue_PRO_PRO
PRO99-PRO103	residue_residue_PRO_PRO
PRO99-PRO104	residue_residue_PRO_PRO
PRO99-PRO105	residue_residue_PRO_PRO
PRO99-PRO106	residue_residue_PRO_PRO
PRO99-PRO107	residue_residue_PRO_PRO
PRO99-PRO109	residue_residue_PRO_PRO
PRO99-PRO111	residue_residue_PRO_PRO
PRO99-PRO137	residue_residue_PRO_PRO
PRO99-LIG	ligand_residue_PRO_LIG
PRO100-PRO101	residue_residue_PRO_PRO
PRO100-PRO102	residue_residue_PRO_PRO
PRO100-PRO103	residue_residue_PRO_PRO
PRO100-PRO104	residue_residue_PRO_PRO
PRO100-PRO105	residue_residue_PRO_PRO
PRO100-PRO106	residue_residue_PRO_PRO
PRO100-PRO107	residue_residue_PRO_PRO
PRO100-PRO109	residue_residue_PRO_PRO
PRO100-PRO110	residue_residue_PRO_PRO
PRO100-PRO111	residue_residue_PRO_PRO
PRO100-PRO112	residue_residue_PRO_PRO
PRO100-PRO113	residue_residue_PRO_PRO
PRO100-PRO114	residue_residue_PRO_PRO
PRO100-PRO133	residue_residue_PRO_PRO
PRO100-PRO137	residue_residue_PRO_PRO
PRO100-PRO139	residue_residue_PRO_PRO
PRO100-PRO159	residue_residue_PRO_PRO
PRO101-PRO102	residue_residue_PRO_PRO
PRO101-PRO103	residue_residue_PRO_PRO
PRO101-PRO104	residue_residue_PRO_PRO
PRO101-PRO105	residue_residue_PRO_PRO
PRO101-PRO106	residue_residue_PRO_PRO
PRO101-PRO107	residue_residue_PRO_PRO
PRO101-PRO109	residue_residue_PRO_PRO
PRO101-PRO110	residue_residue_PRO_PRO
PRO101-PRO111	residue_residue_PRO_PRO
PRO101-PRO133	residue_residue_PRO_PRO
PRO101-PRO136	residue_residue_PRO_PRO
PRO101-PRO137	residue_residue_PRO_PRO
PRO101-PRO139	residue_residue_PRO_PRO
PRO102-PRO103	residue_residue_PRO_PRO
PRO102-PRO104	residue_residue_PRO_PRO
PRO102-PRO105	residue_residue_PRO_PRO
PRO102-PRO106	residue_residue_PRO_PRO
PRO102-PRO107	residue_residue_PRO_PRO
PRO102-PRO109	residue_residue_PRO_PRO
PRO102-PRO111	residue_residue_PRO_PRO
PRO103-PRO104	residue_residue_PRO_PRO
PRO103-PRO105	residue_residue_PRO_PRO
PRO103-PRO106	residue_residue_PRO_PRO
PRO103-PRO107	residue_residue_PRO_PRO
PRO103-PRO109	residue_residue_PRO_PRO
PRO103-PRO110	residue_residue_PRO_PRO
PRO103-PRO111	residue_residue_PRO_PRO
PRO104-PRO105	residue_residue_PRO_PRO
PRO104-PRO106	residue_residue_PRO_PRO
PRO104-PRO107	residue_residue_PRO_PRO
PRO104-PRO109	residue_residue_PRO_PRO
PRO104-PRO110	residue_residue_PRO_PRO
PRO104-PRO111	residue_residue_PRO_PRO
PRO104-PRO159	residue_residue_PRO_PRO
PRO105-PRO106	residue_residue_PRO_PRO
PRO105-PRO107	residue_residue_PRO_PRO
PRO105-PRO109	residue_residue_PRO_PRO
PRO105-PRO110	residue_residue_PRO_PRO
PRO105-PRO111	residue_residue_PRO_PRO
PRO106-PRO107	residue_residue_PRO_PRO
PRO106-PRO109	residue_residue_PRO_PRO
PRO106-PRO110	residue_residue_PRO_PRO
PRO106-PRO111	residue_residue_PRO_PRO
PRO106-PRO137	residue_residue_PRO_PRO
PRO106-PRO139	residue_residue_PRO_PRO
PRO107-PRO109	residue_residue_PRO_PRO
PRO107-PRO110	residue_residue_PRO_PRO
PRO107-PRO111	residue_residue_PRO_PRO
PRO107-PRO112	residue_residue_PRO_PRO
PRO107-PRO136	residue_residue_PRO_PRO
PRO107-PRO137	residue_residue_PRO_PRO
PRO107-PRO139	residue_residue_PRO_PRO
PRO109-PRO110	residue_residue_PRO_PRO
PRO109-PRO111	residue_residue_PRO_PRO
PRO109-PRO112	residue_residue_PRO_PRO
PRO109-PRO113	residue_residue_PRO_PRO
PRO109-PRO137	residue_residue_PRO_PRO
PRO109-PRO139	residue_residue_PRO_PRO
PRO109-PRO159	residue_residue_PRO_PRO
PRO110-PRO111	residue_residue_PRO_PRO
PRO110-PRO112	residue_residue_PRO_PRO
PRO110-PRO113	residue_residue_PRO_PRO
PRO110-PRO114	residue_residue_PRO_PRO
PRO110-PRO137	residue_residue_PRO_PRO
PRO110-PRO139	residue_residue_PRO_PRO
PRO110-PRO155	residue_residue_PRO_PRO
PRO110-PRO156	residue_residue_PRO_PRO
PRO110-PRO159	residue_residue_PRO_PRO
PRO111-PRO112	residue_residue_PRO_PRO
PRO111-PRO113	residue_residue_PRO_PRO
PRO111-PRO114	residue_residue_PRO_PRO
PRO111-PRO133	residue_residue_PRO_PRO
PRO111-PRO134	residue_residue_PRO_PRO
PRO111-PRO136	residue_residue_PRO_PRO
PRO111-PRO137	residue_residue_PRO_PRO
PRO111-PRO139	residue_residue_PRO_PRO
PRO111-PRO141	residue_residue_PRO_PRO
PRO111-PRO142	residue_residue_PRO_PRO
PRO111-PRO155	residue_residue_PRO_PRO
PRO111-PRO156	residue_residue_PRO_PRO
PRO111-PRO159	residue_residue_PRO_PRO
PRO112-PRO113	residue_residue_PRO_PRO
PRO112-PRO114	residue_residue_PRO_PRO
PRO112-PRO115	residue_residue_PRO_PRO
PRO112-PRO116	residue_residue_PRO_PRO
PRO112-PRO130	residue_residue_PRO_PRO
PRO112-PRO133	residue_residue_PRO_PRO
PRO112-PRO134	residue_residue_PRO_PRO
PRO112-PRO137	residue_residue_PRO_PRO
PRO112-PRO139	residue_residue_PRO_PRO
PRO112-PRO141	residue_residue_PRO_PRO
PRO112-PRO142	residue_residue_PRO_PRO
PRO112-PRO143	residue_residue_PRO_PRO
PRO112-PRO144	residue_residue_PRO_PRO
PRO112-PRO151	residue_residue_PRO_PRO
PRO112-PRO152	residue_residue_PRO_PRO
PRO112-PRO153	residue_residue_PRO_PRO
PRO112-PRO154	residue_residue_PRO_PRO
PRO112-PRO155	residue_residue_PRO_PRO
PRO112-PRO156	residue_residue_PRO_PRO
PRO112-PRO159	residue_residue_PRO_PRO
PRO113-PRO114	residue_residue_PRO_PRO
PRO113-PRO115	residue_residue_PRO_PRO
PRO113-PRO116	residue_residue_PRO_PRO
PRO113-PRO118	residue_residue_PRO_PRO
PRO113-PRO123	residue_residue_PRO_PRO
PRO113-PRO125	residue_residue_PRO_PRO
PRO113-PRO127	residue_residue_PRO_PRO
PRO113-PRO129	residue_residue_PRO_PRO
PRO113-PRO130	residue_residue_PRO_PRO
PRO113-PRO133	residue_residue_PRO_PRO
PRO113-PRO134	residue_residue_PRO_PRO
PRO113-PRO136	residue_residue_PRO_PRO
PRO113-PRO137	residue_residue_PRO_PRO
PRO113-PRO139	residue_residue_PRO_PRO
PRO113-PRO141	residue_residue_PRO_PRO
PRO113-PRO142	residue_residue_PRO_PRO
PRO113-PRO143	residue_residue_PRO_PRO
PRO113-PRO144	residue_residue_PRO_PRO
PRO113-PRO151	residue_residue_PRO_PRO
PRO113-PRO152	residue_residue_PRO_PRO
PRO113-PRO154	residue_residue_PRO_PRO
PRO113-PRO155	residue_residue_PRO_PRO
PRO113-PRO156	residue_residue_PRO_PRO
PRO113-PRO159	residue_residue_PRO_PRO
PRO114-PRO115	residue_residue_PRO_PRO
PRO114-PRO116	residue_residue_PRO_PRO
PRO114-PRO117	residue_residue_PRO_PRO
PRO114-PRO118	residue_residue_PRO_PRO
PRO114-PRO119	residue_residue_PRO_PRO
PRO114-PRO123	residue_residue_PRO_PRO
PRO114-PRO125	residue_residue_PRO_PRO
PRO114-PRO127	residue_residue_PRO_PRO
PRO114-PRO130	residue_residue_PRO_PRO
PRO114-PRO133	residue_residue_PRO_PRO
PRO114-PRO134	residue_residue_PRO_PRO
PRO114-PRO137	residue_residue_PRO_PRO
PRO114-PRO139	residue_residue_PRO_PRO
PRO114-PRO141	residue_residue_PRO_PRO
PRO114-PRO142	residue_residue_PRO_PRO
PRO114-PRO143	residue_residue_PRO_PRO
PRO114-PRO144	residue_residue_PRO_PRO
PRO114-PRO145	residue_residue_PRO_PRO
PRO114-PRO146	residue_residue_PRO_PRO
PRO114-PRO147	residue_residue_PRO_PRO
PRO114-PRO150	residue_residue_PRO_PRO
PRO114-PRO151	residue_residue_PRO_PRO
PRO114-PRO152	residue_residue_PRO_PRO
PRO114-PRO153	residue_residue_PRO_PRO
PRO114-PRO154	residue_residue_PRO_PRO
PRO114-PRO155	residue_residue_PRO_PRO
PRO114-PRO156	residue_residue_PRO_PRO
PRO114-PRO159	residue_residue_PRO_PRO
PRO114-GTP	GTP_residue_PRO_GTP
PRO115-PRO116	residue_residue_PRO_PRO
PRO115-PRO117	residue_residue_PRO_PRO
PRO115-PRO118	residue_residue_PRO_PRO
PRO115-PRO119	residue_residue_PRO_PRO
PRO115-PRO120	residue_residue_PRO_PRO
PRO115-PRO123	residue_residue_PRO_PRO
PRO115-PRO124	residue_residue_PRO_PRO
PRO115-PRO125	residue_residue_PRO_PRO
PRO115-PRO127	residue_residue_PRO_PRO
PRO115-PRO129	residue_residue_PRO_PRO
PRO115-PRO130	residue_residue_PRO_PRO
PRO115-PRO133	residue_residue_PRO_PRO
PRO115-PRO134	residue_residue_PRO_PRO
PRO115-PRO139	residue_residue_PRO_PRO
PRO115-PRO141	residue_residue_PRO_PRO
PRO115-PRO142	residue_residue_PRO_PRO
PRO115-PRO143	residue_residue_PRO_PRO
PRO115-PRO144	residue_residue_PRO_PRO
PRO115-PRO145	residue_residue_PRO_PRO
PRO115-PRO146	residue_residue_PRO_PRO
PRO115-PRO147	residue_residue_PRO_PRO
PRO115-PRO150	residue_residue_PRO_PRO
PRO115-PRO151	residue_residue_PRO_PRO
PRO115-PRO152	residue_residue_PRO_PRO
PRO115-PRO154	residue_residue_PRO_PRO
PRO115-PRO155	residue_residue_PRO_PRO
PRO115-GTP	GTP_residue_PRO_GTP
PRO116-PRO117	residue_residue_PRO_PRO
PRO116-PRO118	residue_residue_PRO_PRO
PRO116-PRO119	residue_residue_PRO_PRO
PRO116-PRO120	residue_residue_PRO_PRO
PRO116-PRO121	residue_residue_PRO_PRO
PRO116-PRO122	residue_residue_PRO_PRO
PRO116-PRO123	residue_residue_PRO_PRO
PRO116-PRO124	residue_residue_PRO_PRO
PRO116-PRO125	residue_residue_PRO_PRO
PRO116-PRO127	residue_residue_PRO_PRO
PRO116-PRO130	residue_residue_PRO_PRO
PRO116-PRO141	residue_residue_PRO_PRO
PRO116-PRO142	residue_residue_PRO_PRO
PRO116-PRO143	residue_residue_PRO_PRO
PRO116-PRO144	residue_residue_PRO_PRO
PRO116-PRO145	residue_residue_PRO_PRO
PRO116-PRO146	residue_residue_PRO_PRO
PRO116-PRO147	residue_residue_PRO_PRO
PRO116-PRO148	residue_residue_PRO_PRO
PRO116-PRO149	residue_residue_PRO_PRO
PRO116-PRO150	residue_residue_PRO_PRO
PRO116-PRO151	residue_residue_PRO_PRO
PRO116-PRO152	residue_residue_PRO_PRO
PRO116-PRO153	residue_residue_PRO_PRO
PRO116-PRO154	residue_residue_PRO_PRO
PRO116-PRO155	residue_residue_PRO_PRO
PRO116-PRO156	residue_residue_PRO_PRO
PRO116-PRO1276	residue_residue_PRO_PRO
PRO116-GTP	GTP_residue_PRO_GTP
PRO117-PRO118	residue_residue_PRO_PRO
PRO117-PRO119	residue_residue_PRO_PRO
PRO117-PRO120	residue_residue_PRO_PRO
PRO117-PRO121	residue_residue_PRO_PRO
PRO117-PRO122	residue_residue_PRO_PRO
PRO117-PRO123	residue_residue_PRO_PRO
PRO117-PRO124	residue_residue_PRO_PRO
PRO117-PRO125	residue_residue_PRO_PRO
PRO117-PRO127	residue_residue_PRO_PRO
PRO117-PRO141	residue_residue_PRO_PRO
PRO117-PRO142	residue_residue_PRO_PRO
PRO117-PRO143	residue_residue_PRO_PRO
PRO117-PRO144	residue_residue_PRO_PRO
PRO117-PRO145	residue_residue_PRO_PRO
PRO117-PRO146	residue_residue_PRO_PRO
PRO117-PRO147	residue_residue_PRO_PRO
PRO117-PRO148	residue_residue_PRO_PRO
PRO117-PRO149	residue_residue_PRO_PRO
PRO117-PRO150	residue_residue_PRO_PRO
PRO117-PRO151	residue_residue_PRO_PRO
PRO117-PRO152	residue_residue_PRO_PRO
PRO117-PRO155	residue_residue_PRO_PRO
PRO117-PRO1269	residue_residue_PRO_PRO
PRO117-PRO1270	residue_residue_PRO_PRO
PRO117-PRO1273	residue_residue_PRO_PRO
PRO117-PRO1275	residue_residue_PRO_PRO
PRO117-PRO1276	residue_residue_PRO_PRO
PRO117-PRO1277	residue_residue_PRO_PRO
PRO117-PRO1278	residue_residue_PRO_PRO
PRO117-GTP	GTP_residue_PRO_GTP
PRO118-PRO119	residue_residue_PRO_PRO
PRO118-PRO120	residue_residue_PRO_PRO
PRO118-PRO121	residue_residue_PRO_PRO
PRO118-PRO122	residue_residue_PRO_PRO
PRO118-PRO123	residue_residue_PRO_PRO
PRO118-PRO124	residue_residue_PRO_PRO
PRO118-PRO125	residue_residue_PRO_PRO
PRO118-PRO127	residue_residue_PRO_PRO
PRO118-PRO130	residue_residue_PRO_PRO
PRO118-PRO141	residue_residue_PRO_PRO
PRO118-PRO142	residue_residue_PRO_PRO
PRO118-PRO143	residue_residue_PRO_PRO
PRO118-PRO144	residue_residue_PRO_PRO
PRO118-PRO145	residue_residue_PRO_PRO
PRO118-PRO146	residue_residue_PRO_PRO
PRO118-PRO147	residue_residue_PRO_PRO
PRO118-PRO148	residue_residue_PRO_PRO
PRO118-PRO149	residue_residue_PRO_PRO
PRO118-PRO150	residue_residue_PRO_PRO
PRO118-PRO151	residue_residue_PRO_PRO
PRO118-PRO152	residue_residue_PRO_PRO
PRO118-PRO154	residue_residue_PRO_PRO
PRO118-PRO155	residue_residue_PRO_PRO
PRO118-GTP	GTP_residue_PRO_GTP
PRO119-PRO120	residue_residue_PRO_PRO
PRO119-PRO121	residue_residue_PRO_PRO
PRO119-PRO122	residue_residue_PRO_PRO
PRO119-PRO123	residue_residue_PRO_PRO
PRO119-PRO143	residue_residue_PRO_PRO
PRO119-PRO144	residue_residue_PRO_PRO
PRO119-PRO145	residue_residue_PRO_PRO
PRO119-PRO146	residue_residue_PRO_PRO
PRO119-PRO147	residue_residue_PRO_PRO
PRO119-PRO148	residue_residue_PRO_PRO
PRO119-PRO149	residue_residue_PRO_PRO
PRO119-PRO150	residue_residue_PRO_PRO
PRO119-PRO151	residue_residue_PRO_PRO
PRO119-PRO152	residue_residue_PRO_PRO
PRO119-GTP	GTP_residue_PRO_GTP
PRO120-PRO121	residue_residue_PRO_PRO
PRO120-PRO122	residue_residue_PRO_PRO
PRO120-PRO123	residue_residue_PRO_PRO
PRO120-PRO124	residue_residue_PRO_PRO
PRO120-PRO125	residue_residue_PRO_PRO
PRO120-PRO127	residue_residue_PRO_PRO
PRO120-PRO143	residue_residue_PRO_PRO
PRO120-PRO144	residue_residue_PRO_PRO
PRO120-PRO145	residue_residue_PRO_PRO
PRO120-PRO146	residue_residue_PRO_PRO
PRO120-PRO147	residue_residue_PRO_PRO
PRO120-PRO148	residue_residue_PRO_PRO
PRO120-PRO149	residue_residue_PRO_PRO
PRO120-PRO150	residue_residue_PRO_PRO
PRO120-PRO1269	residue_residue_PRO_PRO
PRO120-PRO1273	residue_residue_PRO_PRO
PRO120-PRO1276	residue_residue_PRO_PRO
PRO120-GTP	GTP_residue_PRO_GTP
PRO121-PRO122	residue_residue_PRO_PRO
PRO121-PRO123	residue_residue_PRO_PRO
PRO121-PRO124	residue_residue_PRO_PRO
PRO121-PRO125	residue_residue_PRO_PRO
PRO121-PRO145	residue_residue_PRO_PRO
PRO121-PRO147	residue_residue_PRO_PRO
PRO121-PRO148	residue_residue_PRO_PRO
PRO121-GTP	GTP_residue_PRO_GTP
PRO122-PRO123	residue_residue_PRO_PRO
PRO122-PRO124	residue_residue_PRO_PRO
PRO122-PRO125	residue_residue_PRO_PRO
PRO122-PRO127	residue_residue_PRO_PRO
PRO122-PRO143	residue_residue_PRO_PRO
PRO122-PRO145	residue_residue_PRO_PRO
PRO122-GTP	GTP_residue_PRO_GTP
PRO123-PRO124	residue_residue_PRO_PRO
PRO123-PRO125	residue_residue_PRO_PRO
PRO123-PRO127	residue_residue_PRO_PRO
PRO123-PRO129	residue_residue_PRO_PRO
PRO123-PRO130	residue_residue_PRO_PRO
PRO123-PRO133	residue_residue_PRO_PRO
PRO123-PRO134	residue_residue_PRO_PRO
PRO123-PRO141	residue_residue_PRO_PRO
PRO123-PRO142	residue_residue_PRO_PRO
PRO123-PRO143	residue_residue_PRO_PRO
PRO123-PRO144	residue_residue_PRO_PRO
PRO123-PRO145	residue_residue_PRO_PRO
PRO124-PRO125	residue_residue_PRO_PRO
PRO124-PRO127	residue_residue_PRO_PRO
PRO124-PRO129	residue_residue_PRO_PRO
PRO124-PRO130	residue_residue_PRO_PRO
PRO124-PRO143	residue_residue_PRO_PRO
PRO124-PRO1233	residue_residue_PRO_PRO
PRO124-PRO1236	residue_residue_PRO_PRO
PRO124-PRO1267	residue_residue_PRO_PRO
PRO124-PRO1277	residue_residue_PRO_PRO
PRO124-PRO1278	residue_residue_PRO_PRO
PRO125-PRO127	residue_residue_PRO_PRO
PRO125-PRO129	residue_residue_PRO_PRO
PRO125-PRO130	residue_residue_PRO_PRO
PRO125-PRO133	residue_residue_PRO_PRO
PRO125-PRO134	residue_residue_PRO_PRO
PRO125-PRO141	residue_residue_PRO_PRO
PRO125-PRO142	residue_residue_PRO_PRO
PRO125-PRO143	residue_residue_PRO_PRO
PRO125-PRO144	residue_residue_PRO_PRO
PRO125-PRO1233	residue_residue_PRO_PRO
PRO127-PRO129	residue_residue_PRO_PRO
PRO127-PRO130	residue_residue_PRO_PRO
PRO127-PRO133	residue_residue_PRO_PRO
PRO127-PRO134	residue_residue_PRO_PRO
PRO127-PRO136	residue_residue_PRO_PRO
PRO127-PRO141	residue_residue_PRO_PRO
PRO127-PRO142	residue_residue_PRO_PRO
PRO127-PRO143	residue_residue_PRO_PRO
PRO127-PRO144	residue_residue_PRO_PRO
PRO129-PRO130	residue_residue_PRO_PRO
PRO129-PRO133	residue_residue_PRO_PRO
PRO129-PRO134	residue_residue_PRO_PRO
PRO129-PRO136	residue_residue_PRO_PRO
PRO129-PRO137	residue_residue_PRO_PRO
PRO129-PRO139	residue_residue_PRO_PRO
PRO129-PRO141	residue_residue_PRO_PRO
PRO129-PRO143	residue_residue_PRO_PRO
PRO130-PRO133	residue_residue_PRO_PRO
PRO130-PRO134	residue_residue_PRO_PRO
PRO130-PRO136	residue_residue_PRO_PRO
PRO130-PRO137	residue_residue_PRO_PRO
PRO130-PRO139	residue_residue_PRO_PRO
PRO130-PRO141	residue_residue_PRO_PRO
PRO130-PRO142	residue_residue_PRO_PRO
PRO130-PRO143	residue_residue_PRO_PRO
PRO130-PRO144	residue_residue_PRO_PRO
PRO133-PRO134	residue_residue_PRO_PRO
PRO133-PRO136	residue_residue_PRO_PRO
PRO133-PRO137	residue_residue_PRO_PRO
PRO133-PRO139	residue_residue_PRO_PRO
PRO133-PRO141	residue_residue_PRO_PRO
PRO133-PRO142	residue_residue_PRO_PRO
PRO133-PRO143	residue_residue_PRO_PRO
PRO134-PRO136	residue_residue_PRO_PRO
PRO134-PRO137	residue_residue_PRO_PRO
PRO134-PRO139	residue_residue_PRO_PRO
PRO134-PRO141	residue_residue_PRO_PRO
PRO134-PRO142	residue_residue_PRO_PRO
PRO134-PRO143	residue_residue_PRO_PRO
PRO136-PRO137	residue_residue_PRO_PRO
PRO136-PRO139	residue_residue_PRO_PRO
PRO136-PRO141	residue_residue_PRO_PRO
PRO137-PRO139	residue_residue_PRO_PRO
PRO137-PRO141	residue_residue_PRO_PRO
PRO139-PRO141	residue_residue_PRO_PRO
PRO139-PRO142	residue_residue_PRO_PRO
PRO139-PRO155	residue_residue_PRO_PRO
PRO139-PRO159	residue_residue_PRO_PRO
PRO141-PRO142	residue_residue_PRO_PRO
PRO141-PRO143	residue_residue_PRO_PRO
PRO141-PRO144	residue_residue_PRO_PRO
PRO141-PRO151	residue_residue_PRO_PRO
PRO141-PRO154	residue_residue_PRO_PRO
PRO141-PRO155	residue_residue_PRO_PRO
PRO141-PRO156	residue_residue_PRO_PRO
PRO141-PRO159	residue_residue_PRO_PRO
PRO142-PRO143	residue_residue_PRO_PRO
PRO142-PRO144	residue_residue_PRO_PRO
PRO142-PRO145	residue_residue_PRO_PRO
PRO142-PRO146	residue_residue_PRO_PRO
PRO142-PRO149	residue_residue_PRO_PRO
PRO142-PRO150	residue_residue_PRO_PRO
PRO142-PRO151	residue_residue_PRO_PRO
PRO142-PRO152	residue_residue_PRO_PRO
PRO142-PRO153	residue_residue_PRO_PRO
PRO142-PRO154	residue_residue_PRO_PRO
PRO142-PRO155	residue_residue_PRO_PRO
PRO142-PRO156	residue_residue_PRO_PRO
PRO142-PRO159	residue_residue_PRO_PRO
PRO143-PRO144	residue_residue_PRO_PRO
PRO143-PRO145	residue_residue_PRO_PRO
PRO143-PRO146	residue_residue_PRO_PRO
PRO143-PRO147	residue_residue_PRO_PRO
PRO143-PRO148	residue_residue_PRO_PRO
PRO143-PRO149	residue_residue_PRO_PRO
PRO143-PRO150	residue_residue_PRO_PRO
PRO143-PRO151	residue_residue_PRO_PRO
PRO143-PRO152	residue_residue_PRO_PRO
PRO143-PRO153	residue_residue_PRO_PRO
PRO143-PRO154	residue_residue_PRO_PRO
PRO143-PRO155	residue_residue_PRO_PRO
PRO143-PRO156	residue_residue_PRO_PRO
PRO143-GTP	GTP_residue_PRO_GTP
PRO144-PRO145	residue_residue_PRO_PRO
PRO144-PRO146	residue_residue_PRO_PRO
PRO144-PRO147	residue_residue_PRO_PRO
PRO144-PRO148	residue_residue_PRO_PRO
PRO144-PRO149	residue_residue_PRO_PRO
PRO144-PRO150	residue_residue_PRO_PRO
PRO144-PRO151	residue_residue_PRO_PRO
PRO144-PRO152	residue_residue_PRO_PRO
PRO144-PRO153	residue_residue_PRO_PRO
PRO144-PRO154	residue_residue_PRO_PRO
PRO144-PRO155	residue_residue_PRO_PRO
PRO144-PRO156	residue_residue_PRO_PRO
PRO144-PRO159	residue_residue_PRO_PRO
PRO144-GTP	GTP_residue_PRO_GTP
PRO145-PRO146	residue_residue_PRO_PRO
PRO145-PRO147	residue_residue_PRO_PRO
PRO145-PRO148	residue_residue_PRO_PRO
PRO145-PRO149	residue_residue_PRO_PRO
PRO145-PRO150	residue_residue_PRO_PRO
PRO145-PRO151	residue_residue_PRO_PRO
PRO145-PRO152	residue_residue_PRO_PRO
PRO145-PRO153	residue_residue_PRO_PRO
PRO145-PRO154	residue_residue_PRO_PRO
PRO145-PRO155	residue_residue_PRO_PRO
PRO145-PRO156	residue_residue_PRO_PRO
PRO145-GTP	GTP_residue_PRO_GTP
PRO146-PRO147	residue_residue_PRO_PRO
PRO146-PRO148	residue_residue_PRO_PRO
PRO146-PRO149	residue_residue_PRO_PRO
PRO146-PRO150	residue_residue_PRO_PRO
PRO146-PRO151	residue_residue_PRO_PRO
PRO146-PRO152	residue_residue_PRO_PRO
PRO146-PRO153	residue_residue_PRO_PRO
PRO146-PRO154	residue_residue_PRO_PRO
PRO146-PRO155	residue_residue_PRO_PRO
PRO146-PRO156	residue_residue_PRO_PRO
PRO146-GTP	GTP_residue_PRO_GTP
PRO147-PRO148	residue_residue_PRO_PRO
PRO147-PRO149	residue_residue_PRO_PRO
PRO147-PRO150	residue_residue_PRO_PRO
PRO147-PRO151	residue_residue_PRO_PRO
PRO147-PRO152	residue_residue_PRO_PRO
PRO147-PRO153	residue_residue_PRO_PRO
PRO147-GTP	GTP_residue_PRO_GTP
PRO148-PRO149	residue_residue_PRO_PRO
PRO148-PRO150	residue_residue_PRO_PRO
PRO148-PRO151	residue_residue_PRO_PRO
PRO148-PRO152	residue_residue_PRO_PRO
PRO148-PRO153	residue_residue_PRO_PRO
PRO148-GTP	GTP_residue_PRO_GTP
PRO149-PRO150	residue_residue_PRO_PRO
PRO149-PRO151	residue_residue_PRO_PRO
PRO149-PRO152	residue_residue_PRO_PRO
PRO149-PRO153	residue_residue_PRO_PRO
PRO149-PRO154	residue_residue_PRO_PRO
PRO149-PRO155	residue_residue_PRO_PRO
PRO149-PRO156	residue_residue_PRO_PRO
PRO149-GTP	GTP_residue_PRO_GTP
PRO150-PRO151	residue_residue_PRO_PRO
PRO150-PRO152	residue_residue_PRO_PRO
PRO150-PRO153	residue_residue_PRO_PRO
PRO150-PRO154	residue_residue_PRO_PRO
PRO150-PRO155	residue_residue_PRO_PRO
PRO150-PRO156	residue_residue_PRO_PRO
PRO150-GTP	GTP_residue_PRO_GTP
PRO151-PRO152	residue_residue_PRO_PRO
PRO151-PRO153	residue_residue_PRO_PRO
PRO151-PRO154	residue_residue_PRO_PRO
PRO151-PRO155	residue_residue_PRO_PRO
PRO151-PRO156	residue_residue_PRO_PRO
PRO151-PRO159	residue_residue_PRO_PRO
PRO151-GTP	GTP_residue_PRO_GTP
PRO152-PRO153	residue_residue_PRO_PRO
PRO152-PRO154	residue_residue_PRO_PRO
PRO152-PRO155	residue_residue_PRO_PRO
PRO152-PRO156	residue_residue_PRO_PRO
PRO152-PRO159	residue_residue_PRO_PRO
PRO152-GTP	GTP_residue_PRO_GTP
PRO153-PRO154	residue_residue_PRO_PRO
PRO153-PRO155	residue_residue_PRO_PRO
PRO153-PRO156	residue_residue_PRO_PRO
PRO153-PRO159	residue_residue_PRO_PRO
PRO154-PRO155	residue_residue_PRO_PRO
PRO154-PRO156	residue_residue_PRO_PRO
PRO154-PRO159	residue_residue_PRO_PRO
PRO155-PRO156	residue_residue_PRO_PRO
PRO155-PRO159	residue_residue_PRO_PRO
PRO156-PRO159	residue_residue_PRO_PRO
PRO1227-PRO1228	residue_residue_PRO_PRO
PRO1227-PRO1230	residue_residue_PRO_PRO
PRO1227-PRO1231	residue_residue_PRO_PRO
PRO1227-PRO1232	residue_residue_PRO_PRO
PRO1227-PRO1233	residue_residue_PRO_PRO
PRO1227-PRO1234	residue_residue_PRO_PRO
PRO1227-PRO1235	residue_residue_PRO_PRO
PRO1227-PRO1236	residue_residue_PRO_PRO
PRO1227-PRO1237	residue_residue_PRO_PRO
PRO1227-PRO1238	residue_residue_PRO_PRO
PRO1227-PRO1239	residue_residue_PRO_PRO
PRO1227-PRO1240	residue_residue_PRO_PRO
PRO1227-PRO1241	residue_residue_PRO_PRO
PRO1227-PRO1242	residue_residue_PRO_PRO
PRO1227-PRO1243	residue_residue_PRO_PRO
PRO1227-PRO1278	residue_residue_PRO_PRO
PRO1227-PRO1279	residue_residue_PRO_PRO
PRO1227-PRO1280	residue_residue_PRO_PRO
PRO1227-PRO1281	residue_residue_PRO_PRO
PRO1227-PRO1283	residue_residue_PRO_PRO
PRO1227-PRO1284	residue_residue_PRO_PRO
PRO1228-PRO1230	residue_residue_PRO_PRO
PRO1228-PRO1231	residue_residue_PRO_PRO
PRO1228-PRO1232	residue_residue_PRO_PRO
PRO1228-PRO1233	residue_residue_PRO_PRO
PRO1228-PRO1234	residue_residue_PRO_PRO
PRO1228-PRO1235	residue_residue_PRO_PRO
PRO1228-PRO1236	residue_residue_PRO_PRO
PRO1228-PRO1237	residue_residue_PRO_PRO
PRO1228-PRO1238	residue_residue_PRO_PRO
PRO1228-PRO1239	residue_residue_PRO_PRO
PRO1228-PRO1240	residue_residue_PRO_PRO
PRO1228-PRO1243	residue_residue_PRO_PRO
PRO1228-PRO1264	residue_residue_PRO_PRO
PRO1228-PRO1267	residue_residue_PRO_PRO
PRO1228-PRO1278	residue_residue_PRO_PRO
PRO1228-PRO1279	residue_residue_PRO_PRO
PRO1228-PRO1280	residue_residue_PRO_PRO
PRO1228-PRO1281	residue_residue_PRO_PRO
PRO1228-PRO1282	residue_residue_PRO_PRO
PRO1228-PRO1283	residue_residue_PRO_PRO
PRO1228-PRO1284	residue_residue_PRO_PRO
PRO1230-PRO1231	residue_residue_PRO_PRO
PRO1230-PRO1232	residue_residue_PRO_PRO
PRO1230-PRO1233	residue_residue_PRO_PRO
PRO1230-PRO1234	residue_residue_PRO_PRO
PRO1230-PRO1235	residue_residue_PRO_PRO
PRO1230-PRO1236	residue_residue_PRO_PRO
PRO1230-PRO1239	residue_residue_PRO_PRO
PRO1230-PRO1243	residue_residue_PRO_PRO
PRO1230-PRO1280	residue_residue_PRO_PRO
PRO1231-PRO1232	residue_residue_PRO_PRO
PRO1231-PRO1233	residue_residue_PRO_PRO
PRO1231-PRO1234	residue_residue_PRO_PRO
PRO1231-PRO1235	residue_residue_PRO_PRO
PRO1231-PRO1236	residue_residue_PRO_PRO
PRO1231-PRO1237	residue_residue_PRO_PRO
PRO1231-PRO1238	residue_residue_PRO_PRO
PRO1231-PRO1239	residue_residue_PRO_PRO
PRO1231-PRO1240	residue_residue_PRO_PRO
PRO1231-PRO1241	residue_residue_PRO_PRO
PRO1231-PRO1242	residue_residue_PRO_PRO
PRO1231-PRO1243	residue_residue_PRO_PRO
PRO1231-PRO1278	residue_residue_PRO_PRO
PRO1231-PRO1279	residue_residue_PRO_PRO
PRO1231-PRO1280	residue_residue_PRO_PRO
PRO1231-PRO1283	residue_residue_PRO_PRO
PRO1231-PRO1284	residue_residue_PRO_PRO
PRO1232-PRO1233	residue_residue_PRO_PRO
PRO1232-PRO1234	residue_residue_PRO_PRO
PRO1232-PRO1235	residue_residue_PRO_PRO
PRO1232-PRO1236	residue_residue_PRO_PRO
PRO1232-PRO1237	residue_residue_PRO_PRO
PRO1232-PRO1238	residue_residue_PRO_PRO
PRO1232-PRO1239	residue_residue_PRO_PRO
PRO1232-PRO1240	residue_residue_PRO_PRO
PRO1232-PRO1278	residue_residue_PRO_PRO
PRO1232-PRO1279	residue_residue_PRO_PRO
PRO1232-PRO1280	residue_residue_PRO_PRO
PRO1232-PRO1283	residue_residue_PRO_PRO
PRO1233-PRO1234	residue_residue_PRO_PRO
PRO1233-PRO1235	residue_residue_PRO_PRO
PRO1233-PRO1236	residue_residue_PRO_PRO
PRO1233-PRO1237	residue_residue_PRO_PRO
PRO1233-PRO1238	residue_residue_PRO_PRO
PRO1233-PRO1239	residue_residue_PRO_PRO
PRO1233-PRO1240	residue_residue_PRO_PRO
PRO1233-PRO1277	residue_residue_PRO_PRO
PRO1233-PRO1278	residue_residue_PRO_PRO
PRO1233-PRO1279	residue_residue_PRO_PRO
PRO1233-PRO1280	residue_residue_PRO_PRO
PRO1233-PRO1281	residue_residue_PRO_PRO
PRO1233-PRO1282	residue_residue_PRO_PRO
PRO1233-PRO1283	residue_residue_PRO_PRO
PRO1234-PRO1235	residue_residue_PRO_PRO
PRO1234-PRO1236	residue_residue_PRO_PRO
PRO1234-PRO1237	residue_residue_PRO_PRO
PRO1234-PRO1238	residue_residue_PRO_PRO
PRO1234-PRO1239	residue_residue_PRO_PRO
PRO1234-PRO1240	residue_residue_PRO_PRO
PRO1234-PRO1241	residue_residue_PRO_PRO
PRO1234-PRO1278	residue_residue_PRO_PRO
PRO1234-PRO1279	residue_residue_PRO_PRO
PRO1234-PRO1280	residue_residue_PRO_PRO
PRO1234-PRO1283	residue_residue_PRO_PRO
PRO1234-LIG	ligand_residue_PRO_LIG
PRO1235-PRO1236	residue_residue_PRO_PRO
PRO1235-PRO1237	residue_residue_PRO_PRO
PRO1235-PRO1238	residue_residue_PRO_PRO
PRO1235-PRO1239	residue_residue_PRO_PRO
PRO1235-PRO1240	residue_residue_PRO_PRO
PRO1235-PRO1241	residue_residue_PRO_PRO
PRO1235-PRO1242	residue_residue_PRO_PRO
PRO1235-PRO1243	residue_residue_PRO_PRO
PRO1235-PRO1278	residue_residue_PRO_PRO
PRO1235-PRO1279	residue_residue_PRO_PRO
PRO1235-PRO1280	residue_residue_PRO_PRO
PRO1235-PRO1283	residue_residue_PRO_PRO
PRO1235-PRO1284	residue_residue_PRO_PRO
PRO1235-LIG	ligand_residue_PRO_LIG
PRO1236-PRO1237	residue_residue_PRO_PRO
PRO1236-PRO1238	residue_residue_PRO_PRO
PRO1236-PRO1239	residue_residue_PRO_PRO
PRO1236-PRO1240	residue_residue_PRO_PRO
PRO1236-PRO1241	residue_residue_PRO_PRO
PRO1236-PRO1242	residue_residue_PRO_PRO
PRO1236-PRO1243	residue_residue_PRO_PRO
PRO1236-PRO1264	residue_residue_PRO_PRO
PRO1236-PRO1267	residue_residue_PRO_PRO
PRO1236-PRO1274	residue_residue_PRO_PRO
PRO1236-PRO1275	residue_residue_PRO_PRO
PRO1236-PRO1276	residue_residue_PRO_PRO
PRO1236-PRO1277	residue_residue_PRO_PRO
PRO1236-PRO1278	residue_residue_PRO_PRO
PRO1236-PRO1279	residue_residue_PRO_PRO
PRO1236-PRO1280	residue_residue_PRO_PRO
PRO1236-PRO1281	residue_residue_PRO_PRO
PRO1236-PRO1282	residue_residue_PRO_PRO
PRO1236-PRO1283	residue_residue_PRO_PRO
PRO1236-PRO1284	residue_residue_PRO_PRO
PRO1236-PRO1285	residue_residue_PRO_PRO
PRO1236-PRO1286	residue_residue_PRO_PRO
PRO1236-PRO1287	residue_residue_PRO_PRO
PRO1236-PRO1391	residue_residue_PRO_PRO
PRO1237-PRO1238	residue_residue_PRO_PRO
PRO1237-PRO1239	residue_residue_PRO_PRO
PRO1237-PRO1240	residue_residue_PRO_PRO
PRO1237-PRO1241	residue_residue_PRO_PRO
PRO1237-PRO1242	residue_residue_PRO_PRO
PRO1237-PRO1243	residue_residue_PRO_PRO
PRO1237-PRO1278	residue_residue_PRO_PRO
PRO1237-PRO1279	residue_residue_PRO_PRO
PRO1237-PRO1280	residue_residue_PRO_PRO
PRO1237-PRO1281	residue_residue_PRO_PRO
PRO1237-PRO1282	residue_residue_PRO_PRO
PRO1237-PRO1283	residue_residue_PRO_PRO
PRO1237-PRO1284	residue_residue_PRO_PRO
PRO1237-PRO1285	residue_residue_PRO_PRO
PRO1237-PRO1286	residue_residue_PRO_PRO
PRO1237-PRO1287	residue_residue_PRO_PRO
PRO1237-PRO1290	residue_residue_PRO_PRO
PRO1237-PRO1391	residue_residue_PRO_PRO
PRO1237-LIG	ligand_residue_PRO_LIG
PRO1238-PRO1239	residue_residue_PRO_PRO
PRO1238-PRO1240	residue_residue_PRO_PRO
PRO1238-PRO1241	residue_residue_PRO_PRO
PRO1238-PRO1242	residue_residue_PRO_PRO
PRO1238-PRO1243	residue_residue_PRO_PRO
PRO1238-PRO1278	residue_residue_PRO_PRO
PRO1238-PRO1279	residue_residue_PRO_PRO
PRO1238-PRO1280	residue_residue_PRO_PRO
PRO1238-PRO1283	residue_residue_PRO_PRO
PRO1238-PRO1284	residue_residue_PRO_PRO
PRO1238-PRO1286	residue_residue_PRO_PRO
PRO1238-PRO1287	residue_residue_PRO_PRO
PRO1238-PRO1290	residue_residue_PRO_PRO
PRO1239-PRO1240	residue_residue_PRO_PRO
PRO1239-PRO1241	residue_residue_PRO_PRO
PRO1239-PRO1242	residue_residue_PRO_PRO
PRO1239-PRO1243	residue_residue_PRO_PRO
PRO1239-PRO1278	residue_residue_PRO_PRO
PRO1239-PRO1279	residue_residue_PRO_PRO
PRO1239-PRO1280	residue_residue_PRO_PRO
PRO1239-PRO1281	residue_residue_PRO_PRO
PRO1239-PRO1282	residue_residue_PRO_PRO
PRO1239-PRO1283	residue_residue_PRO_PRO
PRO1239-PRO1284	residue_residue_PRO_PRO
PRO1239-PRO1285	residue_residue_PRO_PRO
PRO1239-PRO1286	residue_residue_PRO_PRO
PRO1239-PRO1287	residue_residue_PRO_PRO
PRO1240-PRO1241	residue_residue_PRO_PRO
PRO1240-PRO1242	residue_residue_PRO_PRO
PRO1240-PRO1243	residue_residue_PRO_PRO
PRO1240-PRO1278	residue_residue_PRO_PRO
PRO1240-PRO1279	residue_residue_PRO_PRO
PRO1240-PRO1280	residue_residue_PRO_PRO
PRO1240-PRO1281	residue_residue_PRO_PRO
PRO1240-PRO1282	residue_residue_PRO_PRO
PRO1240-PRO1283	residue_residue_PRO_PRO
PRO1240-PRO1284	residue_residue_PRO_PRO
PRO1240-PRO1285	residue_residue_PRO_PRO
PRO1240-PRO1286	residue_residue_PRO_PRO
PRO1240-PRO1287	residue_residue_PRO_PRO
PRO1240-PRO1289	residue_residue_PRO_PRO
PRO1240-PRO1290	residue_residue_PRO_PRO
PRO1240-PRO1391	residue_residue_PRO_PRO
PRO1241-PRO1242	residue_residue_PRO_PRO
PRO1241-PRO1243	residue_residue_PRO_PRO
PRO1241-PRO1278	residue_residue_PRO_PRO
PRO1241-PRO1280	residue_residue_PRO_PRO
PRO1241-PRO1282	residue_residue_PRO_PRO
PRO1241-PRO1283	residue_residue_PRO_PRO
PRO1241-PRO1284	residue_residue_PRO_PRO
PRO1241-PRO1285	residue_residue_PRO_PRO
PRO1241-PRO1286	residue_residue_PRO_PRO
PRO1241-PRO1287	residue_residue_PRO_PRO
PRO1241-PRO1289	residue_residue_PRO_PRO
PRO1241-PRO1290	residue_residue_PRO_PRO
PRO1241-LIG	ligand_residue_PRO_LIG
PRO1242-PRO1243	residue_residue_PRO_PRO
PRO1242-PRO1280	residue_residue_PRO_PRO
PRO1242-PRO1283	residue_residue_PRO_PRO
PRO1242-PRO1284	residue_residue_PRO_PRO
PRO1242-PRO1287	residue_residue_PRO_PRO
PRO1243-PRO1279	residue_residue_PRO_PRO
PRO1243-PRO1280	residue_residue_PRO_PRO
PRO1243-PRO1281	residue_residue_PRO_PRO
PRO1243-PRO1282	residue_residue_PRO_PRO
PRO1243-PRO1283	residue_residue_PRO_PRO
PRO1243-PRO1284	residue_residue_PRO_PRO
PRO1243-PRO1285	residue_residue_PRO_PRO
PRO1243-PRO1286	residue_residue_PRO_PRO
PRO1243-PRO1287	residue_residue_PRO_PRO
PRO1264-PRO1265	residue_residue_PRO_PRO
PRO1264-PRO1267	residue_residue_PRO_PRO
PRO1264-PRO1268	residue_residue_PRO_PRO
PRO1264-PRO1269	residue_residue_PRO_PRO
PRO1264-PRO1270	residue_residue_PRO_PRO
PRO1264-PRO1271	residue_residue_PRO_PRO
PRO1264-PRO1272	residue_residue_PRO_PRO
PRO1264-PRO1273	residue_residue_PRO_PRO
PRO1264-PRO1274	residue_residue_PRO_PRO
PRO1264-PRO1275	residue_residue_PRO_PRO
PRO1264-PRO1276	residue_residue_PRO_PRO
PRO1264-PRO1277	residue_residue_PRO_PRO
PRO1264-PRO1278	residue_residue_PRO_PRO
PRO1264-PRO1279	residue_residue_PRO_PRO
PRO1264-PRO1280	residue_residue_PRO_PRO
PRO1264-PRO1281	residue_residue_PRO_PRO
PRO1264-PRO1282	residue_residue_PRO_PRO
PRO1264-PRO1283	residue_residue_PRO_PRO
PRO1264-PRO1284	residue_residue_PRO_PRO
PRO1264-PRO1285	residue_residue_PRO_PRO
PRO1264-PRO1286	residue_residue_PRO_PRO
PRO1264-PRO1368	residue_residue_PRO_PRO
PRO1264-PRO1383	residue_residue_PRO_PRO
PRO1264-PRO1391	residue_residue_PRO_PRO
PRO1265-PRO1267	residue_residue_PRO_PRO
PRO1265-PRO1268	residue_residue_PRO_PRO
PRO1265-PRO1269	residue_residue_PRO_PRO
PRO1265-PRO1270	residue_residue_PRO_PRO
PRO1265-PRO1271	residue_residue_PRO_PRO
PRO1265-PRO1272	residue_residue_PRO_PRO
PRO1265-PRO1273	residue_residue_PRO_PRO
PRO1265-PRO1274	residue_residue_PRO_PRO
PRO1265-PRO1275	residue_residue_PRO_PRO
PRO1265-PRO1276	residue_residue_PRO_PRO
PRO1265-PRO1279	residue_residue_PRO_PRO
PRO1265-PRO1281	residue_residue_PRO_PRO
PRO1265-PRO1282	residue_residue_PRO_PRO
PRO1265-PRO1285	residue_residue_PRO_PRO
PRO1265-PRO1368	residue_residue_PRO_PRO
PRO1265-PRO1379	residue_residue_PRO_PRO
PRO1265-PRO1383	residue_residue_PRO_PRO
PRO1265-PRO1384	residue_residue_PRO_PRO
PRO1265-PRO1387	residue_residue_PRO_PRO
PRO1267-PRO1268	residue_residue_PRO_PRO
PRO1267-PRO1269	residue_residue_PRO_PRO
PRO1267-PRO1270	residue_residue_PRO_PRO
PRO1267-PRO1271	residue_residue_PRO_PRO
PRO1267-PRO1273	residue_residue_PRO_PRO
PRO1267-PRO1274	residue_residue_PRO_PRO
PRO1267-PRO1275	residue_residue_PRO_PRO
PRO1267-PRO1276	residue_residue_PRO_PRO
PRO1267-PRO1277	residue_residue_PRO_PRO
PRO1267-PRO1278	residue_residue_PRO_PRO
PRO1267-PRO1279	residue_residue_PRO_PRO
PRO1267-PRO1280	residue_residue_PRO_PRO
PRO1267-PRO1281	residue_residue_PRO_PRO
PRO1267-PRO1282	residue_residue_PRO_PRO
PRO1268-PRO1269	residue_residue_PRO_PRO
PRO1268-PRO1270	residue_residue_PRO_PRO
PRO1268-PRO1271	residue_residue_PRO_PRO
PRO1268-PRO1272	residue_residue_PRO_PRO
PRO1268-PRO1273	residue_residue_PRO_PRO
PRO1268-PRO1274	residue_residue_PRO_PRO
PRO1268-PRO1275	residue_residue_PRO_PRO
PRO1268-PRO1276	residue_residue_PRO_PRO
PRO1268-PRO1277	residue_residue_PRO_PRO
PRO1268-PRO1279	residue_residue_PRO_PRO
PRO1268-PRO1281	residue_residue_PRO_PRO
PRO1268-PRO1368	residue_residue_PRO_PRO
PRO1268-PRO1379	residue_residue_PRO_PRO
PRO1268-PRO1383	residue_residue_PRO_PRO
PRO1269-PRO1270	residue_residue_PRO_PRO
PRO1269-PRO1271	residue_residue_PRO_PRO
PRO1269-PRO1272	residue_residue_PRO_PRO
PRO1269-PRO1273	residue_residue_PRO_PRO
PRO1269-PRO1274	residue_residue_PRO_PRO
PRO1269-PRO1275	residue_residue_PRO_PRO
PRO1269-PRO1276	residue_residue_PRO_PRO
PRO1269-PRO1379	residue_residue_PRO_PRO
PRO1269-GTP	GTP_residue_PRO_GTP
PRO1270-PRO1271	residue_residue_PRO_PRO
PRO1270-PRO1272	residue_residue_PRO_PRO
PRO1270-PRO1273	residue_residue_PRO_PRO
PRO1270-PRO1274	residue_residue_PRO_PRO
PRO1270-PRO1275	residue_residue_PRO_PRO
PRO1270-PRO1276	residue_residue_PRO_PRO
PRO1270-PRO1379	residue_residue_PRO_PRO
PRO1270-PRO1382	residue_residue_PRO_PRO
PRO1270-PRO1383	residue_residue_PRO_PRO
PRO1270-GTP	GTP_residue_PRO_GTP
PRO1271-PRO1272	residue_residue_PRO_PRO
PRO1271-PRO1273	residue_residue_PRO_PRO
PRO1271-PRO1274	residue_residue_PRO_PRO
PRO1271-PRO1275	residue_residue_PRO_PRO
PRO1271-PRO1276	residue_residue_PRO_PRO
PRO1271-PRO1285	residue_residue_PRO_PRO
PRO1271-PRO1368	residue_residue_PRO_PRO
PRO1271-PRO1379	residue_residue_PRO_PRO
PRO1271-PRO1382	residue_residue_PRO_PRO
PRO1271-PRO1383	residue_residue_PRO_PRO
PRO1271-PRO1384	residue_residue_PRO_PRO
PRO1271-PRO1385	residue_residue_PRO_PRO
PRO1271-PRO1386	residue_residue_PRO_PRO
PRO1271-PRO1387	residue_residue_PRO_PRO
PRO1271-PRO1390	residue_residue_PRO_PRO
PRO1271-PRO1430	residue_residue_PRO_PRO
PRO1272-PRO1273	residue_residue_PRO_PRO
PRO1272-PRO1274	residue_residue_PRO_PRO
PRO1272-PRO1275	residue_residue_PRO_PRO
PRO1272-PRO1276	residue_residue_PRO_PRO
PRO1272-PRO1277	residue_residue_PRO_PRO
PRO1272-PRO1368	residue_residue_PRO_PRO
PRO1272-PRO1379	residue_residue_PRO_PRO
PRO1272-PRO1382	residue_residue_PRO_PRO
PRO1272-PRO1383	residue_residue_PRO_PRO
PRO1272-PRO1384	residue_residue_PRO_PRO
PRO1272-PRO1385	residue_residue_PRO_PRO
PRO1272-PRO1386	residue_residue_PRO_PRO
PRO1272-PRO1387	residue_residue_PRO_PRO
PRO1272-PRO1390	residue_residue_PRO_PRO
PRO1272-PRO1391	residue_residue_PRO_PRO
PRO1272-PRO1426	residue_residue_PRO_PRO
PRO1272-PRO1427	residue_residue_PRO_PRO
PRO1272-PRO1429	residue_residue_PRO_PRO
PRO1272-PRO1430	residue_residue_PRO_PRO
PRO1272-PRO1431	residue_residue_PRO_PRO
PRO1272-PRO1432	residue_residue_PRO_PRO
PRO1272-PRO1433	residue_residue_PRO_PRO
PRO1272-GTP	GTP_residue_PRO_GTP
PRO1273-PRO1274	residue_residue_PRO_PRO
PRO1273-PRO1275	residue_residue_PRO_PRO
PRO1273-PRO1276	residue_residue_PRO_PRO
PRO1273-PRO1277	residue_residue_PRO_PRO
PRO1273-PRO1278	residue_residue_PRO_PRO
PRO1273-PRO1279	residue_residue_PRO_PRO
PRO1273-PRO1282	residue_residue_PRO_PRO
PRO1273-PRO1368	residue_residue_PRO_PRO
PRO1273-PRO1379	residue_residue_PRO_PRO
PRO1273-PRO1382	residue_residue_PRO_PRO
PRO1273-PRO1383	residue_residue_PRO_PRO
PRO1273-PRO1386	residue_residue_PRO_PRO
PRO1273-PRO1387	residue_residue_PRO_PRO
PRO1273-PRO1390	residue_residue_PRO_PRO
PRO1273-PRO1391	residue_residue_PRO_PRO
PRO1273-PRO1430	residue_residue_PRO_PRO
PRO1273-GTP	GTP_residue_PRO_GTP
PRO1274-PRO1275	residue_residue_PRO_PRO
PRO1274-PRO1276	residue_residue_PRO_PRO
PRO1274-PRO1277	residue_residue_PRO_PRO
PRO1274-PRO1278	residue_residue_PRO_PRO
PRO1274-PRO1279	residue_residue_PRO_PRO
PRO1274-PRO1280	residue_residue_PRO_PRO
PRO1274-PRO1281	residue_residue_PRO_PRO
PRO1274-PRO1282	residue_residue_PRO_PRO
PRO1274-PRO1283	residue_residue_PRO_PRO
PRO1274-PRO1285	residue_residue_PRO_PRO
PRO1274-PRO1289	residue_residue_PRO_PRO
PRO1274-PRO1368	residue_residue_PRO_PRO
PRO1274-PRO1379	residue_residue_PRO_PRO
PRO1274-PRO1382	residue_residue_PRO_PRO
PRO1274-PRO1383	residue_residue_PRO_PRO
PRO1274-PRO1384	residue_residue_PRO_PRO
PRO1274-PRO1385	residue_residue_PRO_PRO
PRO1274-PRO1386	residue_residue_PRO_PRO
PRO1274-PRO1387	residue_residue_PRO_PRO
PRO1274-PRO1388	residue_residue_PRO_PRO
PRO1274-PRO1390	residue_residue_PRO_PRO
PRO1274-PRO1391	residue_residue_PRO_PRO
PRO1274-GTP	GTP_residue_PRO_GTP
PRO1275-PRO1276	residue_residue_PRO_PRO
PRO1275-PRO1277	residue_residue_PRO_PRO
PRO1275-PRO1278	residue_residue_PRO_PRO
PRO1275-PRO1279	residue_residue_PRO_PRO
PRO1275-PRO1280	residue_residue_PRO_PRO
PRO1275-PRO1281	residue_residue_PRO_PRO
PRO1275-PRO1282	residue_residue_PRO_PRO
PRO1275-PRO1283	residue_residue_PRO_PRO
PRO1275-PRO1284	residue_residue_PRO_PRO
PRO1275-PRO1285	residue_residue_PRO_PRO
PRO1275-PRO1286	residue_residue_PRO_PRO
PRO1275-PRO1287	residue_residue_PRO_PRO
PRO1275-PRO1289	residue_residue_PRO_PRO
PRO1275-PRO1368	residue_residue_PRO_PRO
PRO1275-PRO1379	residue_residue_PRO_PRO
PRO1275-PRO1382	residue_residue_PRO_PRO
PRO1275-PRO1383	residue_residue_PRO_PRO
PRO1275-PRO1384	residue_residue_PRO_PRO
PRO1275-PRO1385	residue_residue_PRO_PRO
PRO1275-PRO1386	residue_residue_PRO_PRO
PRO1275-PRO1387	residue_residue_PRO_PRO
PRO1275-PRO1388	residue_residue_PRO_PRO
PRO1275-PRO1389	residue_residue_PRO_PRO
PRO1275-PRO1390	residue_residue_PRO_PRO
PRO1275-PRO1391	residue_residue_PRO_PRO
PRO1275-PRO1426	residue_residue_PRO_PRO
PRO1275-GTP	GTP_residue_PRO_GTP
PRO1276-PRO1277	residue_residue_PRO_PRO
PRO1276-PRO1278	residue_residue_PRO_PRO
PRO1276-PRO1279	residue_residue_PRO_PRO
PRO1276-PRO1280	residue_residue_PRO_PRO
PRO1276-PRO1281	residue_residue_PRO_PRO
PRO1276-PRO1282	residue_residue_PRO_PRO
PRO1276-PRO1285	residue_residue_PRO_PRO
PRO1276-PRO1368	residue_residue_PRO_PRO
PRO1276-PRO1382	residue_residue_PRO_PRO
PRO1276-PRO1383	residue_residue_PRO_PRO
PRO1276-PRO1386	residue_residue_PRO_PRO
PRO1276-PRO1387	residue_residue_PRO_PRO
PRO1276-PRO1390	residue_residue_PRO_PRO
PRO1276-PRO1391	residue_residue_PRO_PRO
PRO1276-PRO1426	residue_residue_PRO_PRO
PRO1276-PRO1430	residue_residue_PRO_PRO
PRO1276-PRO1432	residue_residue_PRO_PRO
PRO1276-PRO1436	residue_residue_PRO_PRO
PRO1276-GTP	GTP_residue_PRO_GTP
PRO1277-PRO1278	residue_residue_PRO_PRO
PRO1277-PRO1279	residue_residue_PRO_PRO
PRO1277-PRO1280	residue_residue_PRO_PRO
PRO1277-PRO1281	residue_residue_PRO_PRO
PRO1277-PRO1282	residue_residue_PRO_PRO
PRO1277-PRO1283	residue_residue_PRO_PRO
PRO1277-PRO1285	residue_residue_PRO_PRO
PRO1277-PRO1286	residue_residue_PRO_PRO
PRO1277-PRO1390	residue_residue_PRO_PRO
PRO1277-PRO1391	residue_residue_PRO_PRO
PRO1277-GTP	GTP_residue_PRO_GTP
PRO1278-PRO1279	residue_residue_PRO_PRO
PRO1278-PRO1280	residue_residue_PRO_PRO
PRO1278-PRO1281	residue_residue_PRO_PRO
PRO1278-PRO1282	residue_residue_PRO_PRO
PRO1278-PRO1283	residue_residue_PRO_PRO
PRO1278-PRO1284	residue_residue_PRO_PRO
PRO1278-PRO1285	residue_residue_PRO_PRO
PRO1278-PRO1286	residue_residue_PRO_PRO
PRO1278-PRO1391	residue_residue_PRO_PRO
PRO1278-GTP	GTP_residue_PRO_GTP
PRO1278-LIG	ligand_residue_PRO_LIG
PRO1279-PRO1280	residue_residue_PRO_PRO
PRO1279-PRO1281	residue_residue_PRO_PRO
PRO1279-PRO1282	residue_residue_PRO_PRO
PRO1279-PRO1283	residue_residue_PRO_PRO
PRO1279-PRO1284	residue_residue_PRO_PRO
PRO1279-PRO1285	residue_residue_PRO_PRO
PRO1279-PRO1286	residue_residue_PRO_PRO
PRO1279-PRO1287	residue_residue_PRO_PRO
PRO1279-PRO1368	residue_residue_PRO_PRO
PRO1279-PRO1387	residue_residue_PRO_PRO
PRO1279-PRO1391	residue_residue_PRO_PRO
PRO1280-PRO1281	residue_residue_PRO_PRO
PRO1280-PRO1282	residue_residue_PRO_PRO
PRO1280-PRO1283	residue_residue_PRO_PRO
PRO1280-PRO1284	residue_residue_PRO_PRO
PRO1280-PRO1285	residue_residue_PRO_PRO
PRO1280-PRO1286	residue_residue_PRO_PRO
PRO1280-PRO1287	residue_residue_PRO_PRO
PRO1280-PRO1289	residue_residue_PRO_PRO
PRO1280-PRO1368	residue_residue_PRO_PRO
PRO1280-PRO1391	residue_residue_PRO_PRO
PRO1281-PRO1282	residue_residue_PRO_PRO
PRO1281-PRO1283	residue_residue_PRO_PRO
PRO1281-PRO1284	residue_residue_PRO_PRO
PRO1281-PRO1285	residue_residue_PRO_PRO
PRO1281-PRO1286	residue_residue_PRO_PRO
PRO1281-PRO1287	residue_residue_PRO_PRO
PRO1281-PRO1289	residue_residue_PRO_PRO
PRO1281-PRO1290	residue_residue_PRO_PRO
PRO1281-PRO1368	residue_residue_PRO_PRO
PRO1281-PRO1387	residue_residue_PRO_PRO
PRO1281-PRO1391	residue_residue_PRO_PRO
PRO1282-PRO1283	residue_residue_PRO_PRO
PRO1282-PRO1284	residue_residue_PRO_PRO
PRO1282-PRO1285	residue_residue_PRO_PRO
PRO1282-PRO1286	residue_residue_PRO_PRO
PRO1282-PRO1287	residue_residue_PRO_PRO
PRO1282-PRO1289	residue_residue_PRO_PRO
PRO1282-PRO1290	residue_residue_PRO_PRO
PRO1282-PRO1368	residue_residue_PRO_PRO
PRO1282-PRO1383	residue_residue_PRO_PRO
PRO1282-PRO1387	residue_residue_PRO_PRO
PRO1282-PRO1390	residue_residue_PRO_PRO
PRO1282-PRO1391	residue_residue_PRO_PRO
PRO1282-PRO1392	residue_residue_PRO_PRO
PRO1283-PRO1284	residue_residue_PRO_PRO
PRO1283-PRO1285	residue_residue_PRO_PRO
PRO1283-PRO1286	residue_residue_PRO_PRO
PRO1283-PRO1287	residue_residue_PRO_PRO
PRO1283-PRO1289	residue_residue_PRO_PRO
PRO1283-PRO1290	residue_residue_PRO_PRO
PRO1283-PRO1368	residue_residue_PRO_PRO
PRO1283-PRO1387	residue_residue_PRO_PRO
PRO1283-PRO1391	residue_residue_PRO_PRO
PRO1283-LIG	ligand_residue_PRO_LIG
PRO1284-PRO1285	residue_residue_PRO_PRO
PRO1284-PRO1286	residue_residue_PRO_PRO
PRO1284-PRO1287	residue_residue_PRO_PRO
PRO1284-PRO1289	residue_residue_PRO_PRO
PRO1284-PRO1290	residue_residue_PRO_PRO
PRO1284-PRO1368	residue_residue_PRO_PRO
PRO1284-PRO1391	residue_residue_PRO_PRO
PRO1284-PRO1392	residue_residue_PRO_PRO
PRO1285-PRO1286	residue_residue_PRO_PRO
PRO1285-PRO1287	residue_residue_PRO_PRO
PRO1285-PRO1289	residue_residue_PRO_PRO
PRO1285-PRO1290	residue_residue_PRO_PRO
PRO1285-PRO1368	residue_residue_PRO_PRO
PRO1285-PRO1382	residue_residue_PRO_PRO
PRO1285-PRO1383	residue_residue_PRO_PRO
PRO1285-PRO1384	residue_residue_PRO_PRO
PRO1285-PRO1385	residue_residue_PRO_PRO
PRO1285-PRO1386	residue_residue_PRO_PRO
PRO1285-PRO1387	residue_residue_PRO_PRO
PRO1285-PRO1388	residue_residue_PRO_PRO
PRO1285-PRO1389	residue_residue_PRO_PRO
PRO1285-PRO1390	residue_residue_PRO_PRO
PRO1285-PRO1391	residue_residue_PRO_PRO
PRO1285-PRO1392	residue_residue_PRO_PRO
PRO1285-PRO1393	residue_residue_PRO_PRO
PRO1285-PRO1395	residue_residue_PRO_PRO
PRO1286-PRO1287	residue_residue_PRO_PRO
PRO1286-PRO1289	residue_residue_PRO_PRO
PRO1286-PRO1290	residue_residue_PRO_PRO
PRO1286-PRO1368	residue_residue_PRO_PRO
PRO1286-PRO1387	residue_residue_PRO_PRO
PRO1286-PRO1388	residue_residue_PRO_PRO
PRO1286-PRO1389	residue_residue_PRO_PRO
PRO1286-PRO1390	residue_residue_PRO_PRO
PRO1286-PRO1391	residue_residue_PRO_PRO
PRO1286-PRO1392	residue_residue_PRO_PRO
PRO1286-PRO1393	residue_residue_PRO_PRO
PRO1286-PRO1395	residue_residue_PRO_PRO
PRO1287-PRO1289	residue_residue_PRO_PRO
PRO1287-PRO1290	residue_residue_PRO_PRO
PRO1287-PRO1368	residue_residue_PRO_PRO
PRO1287-PRO1391	residue_residue_PRO_PRO
PRO1287-PRO1392	residue_residue_PRO_PRO
PRO1289-PRO1290	residue_residue_PRO_PRO
PRO1289-PRO1368	residue_residue_PRO_PRO
PRO1289-PRO1382	residue_residue_PRO_PRO
PRO1289-PRO1383	residue_residue_PRO_PRO
PRO1289-PRO1384	residue_residue_PRO_PRO
PRO1289-PRO1385	residue_residue_PRO_PRO
PRO1289-PRO1386	residue_residue_PRO_PRO
PRO1289-PRO1387	residue_residue_PRO_PRO
PRO1289-PRO1388	residue_residue_PRO_PRO
PRO1289-PRO1389	residue_residue_PRO_PRO
PRO1289-PRO1390	residue_residue_PRO_PRO
PRO1289-PRO1391	residue_residue_PRO_PRO
PRO1289-PRO1392	residue_residue_PRO_PRO
PRO1289-PRO1393	residue_residue_PRO_PRO
PRO1289-PRO1394	residue_residue_PRO_PRO
PRO1289-PRO1395	residue_residue_PRO_PRO
PRO1289-PRO1426	residue_residue_PRO_PRO
PRO1290-PRO1387	residue_residue_PRO_PRO
PRO1290-PRO1388	residue_residue_PRO_PRO
PRO1290-PRO1390	residue_residue_PRO_PRO
PRO1290-PRO1391	residue_residue_PRO_PRO
PRO1290-PRO1392	residue_residue_PRO_PRO
PRO1290-PRO1393	residue_residue_PRO_PRO
PRO1290-PRO1395	residue_residue_PRO_PRO
PRO1290-PRO1402	residue_residue_PRO_PRO
PRO1290-LIG	ligand_residue_PRO_LIG
PRO1368-PRO1379	residue_residue_PRO_PRO
PRO1368-PRO1382	residue_residue_PRO_PRO
PRO1368-PRO1383	residue_residue_PRO_PRO
PRO1368-PRO1384	residue_residue_PRO_PRO
PRO1368-PRO1385	residue_residue_PRO_PRO
PRO1368-PRO1386	residue_residue_PRO_PRO
PRO1368-PRO1387	residue_residue_PRO_PRO
PRO1368-PRO1388	residue_residue_PRO_PRO
PRO1368-PRO1389	residue_residue_PRO_PRO
PRO1368-PRO1390	residue_residue_PRO_PRO
PRO1368-PRO1391	residue_residue_PRO_PRO
PRO1368-PRO1392	residue_residue_PRO_PRO
PRO1379-PRO1382	residue_residue_PRO_PRO
PRO1379-PRO1383	residue_residue_PRO_PRO
PRO1379-PRO1384	residue_residue_PRO_PRO
PRO1379-PRO1385	residue_residue_PRO_PRO
PRO1379-PRO1386	residue_residue_PRO_PRO
PRO1379-PRO1387	residue_residue_PRO_PRO
PRO1379-PRO1429	residue_residue_PRO_PRO
PRO1379-PRO1430	residue_residue_PRO_PRO
PRO1379-PRO1431	residue_residue_PRO_PRO
PRO1379-PRO1432	residue_residue_PRO_PRO
PRO1382-PRO1383	residue_residue_PRO_PRO
PRO1382-PRO1384	residue_residue_PRO_PRO
PRO1382-PRO1385	residue_residue_PRO_PRO
PRO1382-PRO1386	residue_residue_PRO_PRO
PRO1382-PRO1387	residue_residue_PRO_PRO
PRO1382-PRO1388	residue_residue_PRO_PRO
PRO1382-PRO1389	residue_residue_PRO_PRO
PRO1382-PRO1390	residue_residue_PRO_PRO
PRO1382-PRO1391	residue_residue_PRO_PRO
PRO1382-PRO1425	residue_residue_PRO_PRO
PRO1382-PRO1426	residue_residue_PRO_PRO
PRO1382-PRO1427	residue_residue_PRO_PRO
PRO1382-PRO1429	residue_residue_PRO_PRO
PRO1382-PRO1430	residue_residue_PRO_PRO
PRO1382-PRO1431	residue_residue_PRO_PRO
PRO1382-PRO1432	residue_residue_PRO_PRO
PRO1383-PRO1384	residue_residue_PRO_PRO
PRO1383-PRO1385	residue_residue_PRO_PRO
PRO1383-PRO1386	residue_residue_PRO_PRO
PRO1383-PRO1387	residue_residue_PRO_PRO
PRO1383-PRO1388	residue_residue_PRO_PRO
PRO1383-PRO1389	residue_residue_PRO_PRO
PRO1383-PRO1390	residue_residue_PRO_PRO
PRO1383-PRO1391	residue_residue_PRO_PRO
PRO1383-PRO1392	residue_residue_PRO_PRO
PRO1383-PRO1426	residue_residue_PRO_PRO
PRO1383-PRO1429	residue_residue_PRO_PRO
PRO1383-PRO1430	residue_residue_PRO_PRO
PRO1383-PRO1431	residue_residue_PRO_PRO
PRO1384-PRO1385	residue_residue_PRO_PRO
PRO1384-PRO1386	residue_residue_PRO_PRO
PRO1384-PRO1387	residue_residue_PRO_PRO
PRO1384-PRO1388	residue_residue_PRO_PRO
PRO1384-PRO1389	residue_residue_PRO_PRO
PRO1384-PRO1390	residue_residue_PRO_PRO
PRO1384-PRO1391	residue_residue_PRO_PRO
PRO1384-PRO1392	residue_residue_PRO_PRO
PRO1384-PRO1393	residue_residue_PRO_PRO
PRO1384-PRO1394	residue_residue_PRO_PRO
PRO1384-PRO1426	residue_residue_PRO_PRO
PRO1384-PRO1429	residue_residue_PRO_PRO
PRO1384-PRO1430	residue_residue_PRO_PRO
PRO1384-PRO1431	residue_residue_PRO_PRO
PRO1385-PRO1386	residue_residue_PRO_PRO
PRO1385-PRO1387	residue_residue_PRO_PRO
PRO1385-PRO1388	residue_residue_PRO_PRO
PRO1385-PRO1389	residue_residue_PRO_PRO
PRO1385-PRO1390	residue_residue_PRO_PRO
PRO1385-PRO1391	residue_residue_PRO_PRO
PRO1385-PRO1392	residue_residue_PRO_PRO
PRO1385-PRO1393	residue_residue_PRO_PRO
PRO1385-PRO1394	residue_residue_PRO_PRO
PRO1385-PRO1395	residue_residue_PRO_PRO
PRO1385-PRO1425	residue_residue_PRO_PRO
PRO1385-PRO1426	residue_residue_PRO_PRO
PRO1385-PRO1427	residue_residue_PRO_PRO
PRO1385-PRO1429	residue_residue_PRO_PRO
PRO1385-PRO1430	residue_residue_PRO_PRO
PRO1385-PRO1431	residue_residue_PRO_PRO
PRO1386-PRO1387	residue_residue_PRO_PRO
PRO1386-PRO1388	residue_residue_PRO_PRO
PRO1386-PRO1389	residue_residue_PRO_PRO
PRO1386-PRO1390	residue_residue_PRO_PRO
PRO1386-PRO1391	residue_residue_PRO_PRO
PRO1386-PRO1392	residue_residue_PRO_PRO
PRO1386-PRO1393	residue_residue_PRO_PRO
PRO1386-PRO1394	residue_residue_PRO_PRO
PRO1386-PRO1395	residue_residue_PRO_PRO
PRO1386-PRO1422	residue_residue_PRO_PRO
PRO1386-PRO1423	residue_residue_PRO_PRO
PRO1386-PRO1424	residue_residue_PRO_PRO
PRO1386-PRO1425	residue_residue_PRO_PRO
PRO1386-PRO1426	residue_residue_PRO_PRO
PRO1386-PRO1427	residue_residue_PRO_PRO
PRO1386-PRO1429	residue_residue_PRO_PRO
PRO1386-PRO1430	residue_residue_PRO_PRO
PRO1386-PRO1431	residue_residue_PRO_PRO
PRO1386-PRO1432	residue_residue_PRO_PRO
PRO1386-GTP	GTP_residue_PRO_GTP
PRO1387-PRO1388	residue_residue_PRO_PRO
PRO1387-PRO1389	residue_residue_PRO_PRO
PRO1387-PRO1390	residue_residue_PRO_PRO
PRO1387-PRO1391	residue_residue_PRO_PRO
PRO1387-PRO1392	residue_residue_PRO_PRO
PRO1387-PRO1393	residue_residue_PRO_PRO
PRO1387-PRO1394	residue_residue_PRO_PRO
PRO1387-PRO1395	residue_residue_PRO_PRO
PRO1387-PRO1425	residue_residue_PRO_PRO
PRO1387-PRO1426	residue_residue_PRO_PRO
PRO1387-PRO1429	residue_residue_PRO_PRO
PRO1387-PRO1430	residue_residue_PRO_PRO
PRO1387-PRO1431	residue_residue_PRO_PRO
PRO1388-PRO1389	residue_residue_PRO_PRO
PRO1388-PRO1390	residue_residue_PRO_PRO
PRO1388-PRO1391	residue_residue_PRO_PRO
PRO1388-PRO1392	residue_residue_PRO_PRO
PRO1388-PRO1393	residue_residue_PRO_PRO
PRO1388-PRO1394	residue_residue_PRO_PRO
PRO1388-PRO1395	residue_residue_PRO_PRO
PRO1388-PRO1422	residue_residue_PRO_PRO
PRO1388-PRO1425	residue_residue_PRO_PRO
PRO1388-PRO1426	residue_residue_PRO_PRO
PRO1388-PRO1429	residue_residue_PRO_PRO
PRO1388-PRO1430	residue_residue_PRO_PRO
PRO1389-PRO1390	residue_residue_PRO_PRO
PRO1389-PRO1391	residue_residue_PRO_PRO
PRO1389-PRO1392	residue_residue_PRO_PRO
PRO1389-PRO1393	residue_residue_PRO_PRO
PRO1389-PRO1394	residue_residue_PRO_PRO
PRO1389-PRO1395	residue_residue_PRO_PRO
PRO1389-PRO1398	residue_residue_PRO_PRO
PRO1389-PRO1399	residue_residue_PRO_PRO
PRO1389-PRO1419	residue_residue_PRO_PRO
PRO1389-PRO1422	residue_residue_PRO_PRO
PRO1389-PRO1423	residue_residue_PRO_PRO
PRO1389-PRO1424	residue_residue_PRO_PRO
PRO1389-PRO1425	residue_residue_PRO_PRO
PRO1389-PRO1426	residue_residue_PRO_PRO
PRO1389-PRO1427	residue_residue_PRO_PRO
PRO1389-PRO1429	residue_residue_PRO_PRO
PRO1389-PRO1430	residue_residue_PRO_PRO
PRO1389-PRO1431	residue_residue_PRO_PRO
PRO1389-PRO1432	residue_residue_PRO_PRO
PRO1390-PRO1391	residue_residue_PRO_PRO
PRO1390-PRO1392	residue_residue_PRO_PRO
PRO1390-PRO1393	residue_residue_PRO_PRO
PRO1390-PRO1394	residue_residue_PRO_PRO
PRO1390-PRO1395	residue_residue_PRO_PRO
PRO1390-PRO1398	residue_residue_PRO_PRO
PRO1390-PRO1399	residue_residue_PRO_PRO
PRO1390-PRO1422	residue_residue_PRO_PRO
PRO1390-PRO1423	residue_residue_PRO_PRO
PRO1390-PRO1425	residue_residue_PRO_PRO
PRO1390-PRO1426	residue_residue_PRO_PRO
PRO1390-PRO1427	residue_residue_PRO_PRO
PRO1390-PRO1429	residue_residue_PRO_PRO
PRO1390-PRO1430	residue_residue_PRO_PRO
PRO1390-GTP	GTP_residue_PRO_GTP
PRO1391-PRO1392	residue_residue_PRO_PRO
PRO1391-PRO1393	residue_residue_PRO_PRO
PRO1391-PRO1394	residue_residue_PRO_PRO
PRO1391-PRO1395	residue_residue_PRO_PRO
PRO1391-PRO1398	residue_residue_PRO_PRO
PRO1391-PRO1422	residue_residue_PRO_PRO
PRO1391-PRO1426	residue_residue_PRO_PRO
PRO1391-PRO1429	residue_residue_PRO_PRO
PRO1391-GTP	GTP_residue_PRO_GTP
PRO1392-PRO1393	residue_residue_PRO_PRO
PRO1392-PRO1394	residue_residue_PRO_PRO
PRO1392-PRO1395	residue_residue_PRO_PRO
PRO1392-PRO1398	residue_residue_PRO_PRO
PRO1392-PRO1399	residue_residue_PRO_PRO
PRO1392-PRO1402	residue_residue_PRO_PRO
PRO1392-PRO1422	residue_residue_PRO_PRO
PRO1392-PRO1425	residue_residue_PRO_PRO
PRO1392-PRO1426	residue_residue_PRO_PRO
PRO1392-PRO1429	residue_residue_PRO_PRO
PRO1393-PRO1394	residue_residue_PRO_PRO
PRO1393-PRO1395	residue_residue_PRO_PRO
PRO1393-PRO1398	residue_residue_PRO_PRO
PRO1393-PRO1399	residue_residue_PRO_PRO
PRO1393-PRO1402	residue_residue_PRO_PRO
PRO1393-PRO1419	residue_residue_PRO_PRO
PRO1393-PRO1422	residue_residue_PRO_PRO
PRO1393-PRO1423	residue_residue_PRO_PRO
PRO1393-PRO1424	residue_residue_PRO_PRO
PRO1393-PRO1425	residue_residue_PRO_PRO
PRO1393-PRO1426	residue_residue_PRO_PRO
PRO1393-PRO1429	residue_residue_PRO_PRO
PRO1393-PRO1430	residue_residue_PRO_PRO
PRO1394-PRO1395	residue_residue_PRO_PRO
PRO1394-PRO1398	residue_residue_PRO_PRO
PRO1394-PRO1399	residue_residue_PRO_PRO
PRO1394-PRO1401	residue_residue_PRO_PRO
PRO1394-PRO1402	residue_residue_PRO_PRO
PRO1394-PRO1419	residue_residue_PRO_PRO
PRO1394-PRO1420	residue_residue_PRO_PRO
PRO1394-PRO1422	residue_residue_PRO_PRO
PRO1394-PRO1423	residue_residue_PRO_PRO
PRO1394-PRO1424	residue_residue_PRO_PRO
PRO1394-PRO1425	residue_residue_PRO_PRO
PRO1394-PRO1426	residue_residue_PRO_PRO
PRO1394-PRO1427	residue_residue_PRO_PRO
PRO1394-PRO1429	residue_residue_PRO_PRO
PRO1394-PRO1430	residue_residue_PRO_PRO
PRO1394-PRO1431	residue_residue_PRO_PRO
PRO1394-PRO1432	residue_residue_PRO_PRO
PRO1394-PRO1434	residue_residue_PRO_PRO
PRO1395-PRO1398	residue_residue_PRO_PRO
PRO1395-PRO1399	residue_residue_PRO_PRO
PRO1395-PRO1401	residue_residue_PRO_PRO
PRO1395-PRO1402	residue_residue_PRO_PRO
PRO1395-PRO1409	residue_residue_PRO_PRO
PRO1395-PRO1419	residue_residue_PRO_PRO
PRO1395-PRO1422	residue_residue_PRO_PRO
PRO1395-PRO1425	residue_residue_PRO_PRO
PRO1395-PRO1426	residue_residue_PRO_PRO
PRO1398-PRO1399	residue_residue_PRO_PRO
PRO1398-PRO1401	residue_residue_PRO_PRO
PRO1398-PRO1402	residue_residue_PRO_PRO
PRO1398-PRO1409	residue_residue_PRO_PRO
PRO1398-PRO1416	residue_residue_PRO_PRO
PRO1398-PRO1419	residue_residue_PRO_PRO
PRO1398-PRO1420	residue_residue_PRO_PRO
PRO1398-PRO1422	residue_residue_PRO_PRO
PRO1398-PRO1423	residue_residue_PRO_PRO
PRO1398-PRO1424	residue_residue_PRO_PRO
PRO1398-PRO1425	residue_residue_PRO_PRO
PRO1398-PRO1426	residue_residue_PRO_PRO
PRO1399-PRO1401	residue_residue_PRO_PRO
PRO1399-PRO1402	residue_residue_PRO_PRO
PRO1399-PRO1409	residue_residue_PRO_PRO
PRO1399-PRO1416	residue_residue_PRO_PRO
PRO1399-PRO1419	residue_residue_PRO_PRO
PRO1399-PRO1422	residue_residue_PRO_PRO
PRO1401-PRO1402	residue_residue_PRO_PRO
PRO1401-PRO1409	residue_residue_PRO_PRO
PRO1401-PRO1419	residue_residue_PRO_PRO
PRO1402-PRO1409	residue_residue_PRO_PRO
PRO1409-PRO1416	residue_residue_PRO_PRO
PRO1409-PRO1419	residue_residue_PRO_PRO
PRO1416-PRO1419	residue_residue_PRO_PRO
PRO1416-PRO1420	residue_residue_PRO_PRO
PRO1416-PRO1422	residue_residue_PRO_PRO
PRO1416-PRO1423	residue_residue_PRO_PRO
PRO1416-PRO1424	residue_residue_PRO_PRO
PRO1416-PRO1434	residue_residue_PRO_PRO
PRO1416-PRO1436	residue_residue_PRO_PRO
PRO1416-PRO1437	residue_residue_PRO_PRO
PRO1419-PRO1420	residue_residue_PRO_PRO
PRO1419-PRO1422	residue_residue_PRO_PRO
PRO1419-PRO1423	residue_residue_PRO_PRO
PRO1419-PRO1424	residue_residue_PRO_PRO
PRO1419-PRO1425	residue_residue_PRO_PRO
PRO1419-PRO1426	residue_residue_PRO_PRO
PRO1419-PRO1427	residue_residue_PRO_PRO
PRO1419-PRO1434	residue_residue_PRO_PRO
PRO1419-PRO1437	residue_residue_PRO_PRO
PRO1420-PRO1422	residue_residue_PRO_PRO
PRO1420-PRO1423	residue_residue_PRO_PRO
PRO1420-PRO1424	residue_residue_PRO_PRO
PRO1420-PRO1425	residue_residue_PRO_PRO
PRO1420-PRO1426	residue_residue_PRO_PRO
PRO1420-PRO1427	residue_residue_PRO_PRO
PRO1420-PRO1434	residue_residue_PRO_PRO
PRO1420-PRO1436	residue_residue_PRO_PRO
PRO1420-PRO1437	residue_residue_PRO_PRO
PRO1422-PRO1423	residue_residue_PRO_PRO
PRO1422-PRO1424	residue_residue_PRO_PRO
PRO1422-PRO1425	residue_residue_PRO_PRO
PRO1422-PRO1426	residue_residue_PRO_PRO
PRO1422-PRO1427	residue_residue_PRO_PRO
PRO1422-PRO1429	residue_residue_PRO_PRO
PRO1422-PRO1430	residue_residue_PRO_PRO
PRO1422-PRO1431	residue_residue_PRO_PRO
PRO1422-PRO1432	residue_residue_PRO_PRO
PRO1422-PRO1434	residue_residue_PRO_PRO
PRO1422-PRO1437	residue_residue_PRO_PRO
PRO1423-PRO1424	residue_residue_PRO_PRO
PRO1423-PRO1425	residue_residue_PRO_PRO
PRO1423-PRO1426	residue_residue_PRO_PRO
PRO1423-PRO1427	residue_residue_PRO_PRO
PRO1423-PRO1429	residue_residue_PRO_PRO
PRO1423-PRO1430	residue_residue_PRO_PRO
PRO1423-PRO1431	residue_residue_PRO_PRO
PRO1423-PRO1432	residue_residue_PRO_PRO
PRO1423-PRO1433	residue_residue_PRO_PRO
PRO1423-PRO1434	residue_residue_PRO_PRO
PRO1423-PRO1435	residue_residue_PRO_PRO
PRO1423-PRO1436	residue_residue_PRO_PRO
PRO1423-PRO1437	residue_residue_PRO_PRO
PRO1424-PRO1425	residue_residue_PRO_PRO
PRO1424-PRO1426	residue_residue_PRO_PRO
PRO1424-PRO1427	residue_residue_PRO_PRO
PRO1424-PRO1429	residue_residue_PRO_PRO
PRO1424-PRO1430	residue_residue_PRO_PRO
PRO1424-PRO1431	residue_residue_PRO_PRO
PRO1424-PRO1432	residue_residue_PRO_PRO
PRO1424-PRO1433	residue_residue_PRO_PRO
PRO1424-PRO1434	residue_residue_PRO_PRO
PRO1424-PRO1435	residue_residue_PRO_PRO
PRO1424-PRO1437	residue_residue_PRO_PRO
PRO1425-PRO1426	residue_residue_PRO_PRO
PRO1425-PRO1427	residue_residue_PRO_PRO
PRO1425-PRO1429	residue_residue_PRO_PRO
PRO1425-PRO1430	residue_residue_PRO_PRO
PRO1425-PRO1431	residue_residue_PRO_PRO
PRO1425-PRO1432	residue_residue_PRO_PRO
PRO1425-PRO1433	residue_residue_PRO_PRO
PRO1425-PRO1434	residue_residue_PRO_PRO
PRO1426-PRO1427	residue_residue_PRO_PRO
PRO1426-PRO1429	residue_residue_PRO_PRO
PRO1426-PRO1430	residue_residue_PRO_PRO
PRO1426-PRO1431	residue_residue_PRO_PRO
PRO1426-PRO1432	residue_residue_PRO_PRO
PRO1426-PRO1433	residue_residue_PRO_PRO
PRO1426-PRO1434	residue_residue_PRO_PRO
PRO1426-PRO1436	residue_residue_PRO_PRO
PRO1426-PRO1437	residue_residue_PRO_PRO
PRO1426-GTP	GTP_residue_PRO_GTP
PRO1427-PRO1429	residue_residue_PRO_PRO
PRO1427-PRO1430	residue_residue_PRO_PRO
PRO1427-PRO1431	residue_residue_PRO_PRO
PRO1427-PRO1432	residue_residue_PRO_PRO
PRO1427-PRO1433	residue_residue_PRO_PRO
PRO1427-PRO1434	residue_residue_PRO_PRO
PRO1427-PRO1435	residue_residue_PRO_PRO
PRO1427-PRO1436	residue_residue_PRO_PRO
PRO1427-PRO1437	residue_residue_PRO_PRO
PRO1429-PRO1430	residue_residue_PRO_PRO
PRO1429-PRO1431	residue_residue_PRO_PRO
PRO1429-PRO1432	residue_residue_PRO_PRO
PRO1429-PRO1433	residue_residue_PRO_PRO
PRO1429-PRO1434	residue_residue_PRO_PRO
PRO1430-PRO1431	residue_residue_PRO_PRO
PRO1430-PRO1432	residue_residue_PRO_PRO
PRO1430-PRO1433	residue_residue_PRO_PRO
PRO1430-PRO1434	residue_residue_PRO_PRO
PRO1430-PRO1435	residue_residue_PRO_PRO
PRO1430-PRO1436	residue_residue_PRO_PRO
PRO1430-GTP	GTP_residue_PRO_GTP
PRO1431-PRO1432	residue_residue_PRO_PRO
PRO1431-PRO1433	residue_residue_PRO_PRO
PRO1431-PRO1434	residue_residue_PRO_PRO
PRO1431-PRO1435	residue_residue_PRO_PRO
PRO1432-PRO1433	residue_residue_PRO_PRO
PRO1432-PRO1434	residue_residue_PRO_PRO
PRO1432-PRO1435	residue_residue_PRO_PRO
PRO1432-PRO1436	residue_residue_PRO_PRO
PRO1432-PRO1437	residue_residue_PRO_PRO
PRO1433-PRO1434	residue_residue_PRO_PRO
PRO1433-PRO1435	residue_residue_PRO_PRO
PRO1433-PRO1436	residue_residue_PRO_PRO
PRO1433-PRO1437	residue_residue_PRO_PRO
PRO1434-PRO1435	residue_residue_PRO_PRO
PRO1434-PRO1436	residue_residue_PRO_PRO
PRO1434-PRO1437	residue_residue_PRO_PRO
PRO1435-PRO1436	residue_residue_PRO_PRO
PRO1435-PRO1437	residue_residue_PRO_PRO
PRO1436-PRO1437	residue_residue_PRO_PRO
PRO1436-GTP	GTP_residue_PRO_GTP
