feature,mean_across_new,sd_across_new,min_across_new,max_across_new,feature_group,is_varying
PRO6-PRO7,1.3439999999999999,2.220446049250313e-16,1.344,1.344,PRO-PRO,False
PRO6-PRO8,4.096,0.0,4.096,4.096,PRO-PRO,False
PRO6-PRO9,6.735999999999999,8.881784197001252e-16,6.736,6.736,PRO-PRO,False
PRO6-PRO16,9.611000000000002,1.7763568394002505e-15,9.611,9.611,PRO-PRO,False
PRO6-PRO19,8.013,0.0,8.013,8.013,PRO-PRO,False
PRO6-PRO20,6.650999999999998,1.7763568394002505e-15,6.651,6.651,PRO-PRO,False
PRO6-PRO23,5.761000000000001,8.881784197001252e-16,5.761,5.761,PRO-PRO,False
PRO6-PRO24,6.515999999999999,8.881784197001252e-16,6.516,6.516,PRO-PRO,False
PRO6-PRO37,9.403999999999998,1.7763568394002505e-15,9.404,9.404,PRO-PRO,False
PRO6-PRO38,7.689,0.0,7.689,7.689,PRO-PRO,False
PRO6-PRO39,6.415999999999999,1.7763568394002505e-15,6.416,6.416,PRO-PRO,False
PRO6-PRO40,6.5600000000000005,8.881784197001252e-16,6.56,6.56,PRO-PRO,False
PRO6-PRO55,2.315,0.0,2.315,2.315,PRO-PRO,False
PRO6-PRO56,2.0429999999999997,4.440892098500626e-16,2.043,2.043,PRO-PRO,False
PRO6-PRO57,5.944000000000001,8.881784197001252e-16,5.944,5.944,PRO-PRO,False
PRO6-PRO58,8.728,0.0,8.728,8.728,PRO-PRO,False
PRO6-PRO70,9.987,0.0,9.987,9.987,PRO-PRO,False
PRO6-PRO71,7.064,0.0,7.064,7.064,PRO-PRO,False
PRO6-PRO72,8.051,0.0,8.051,8.051,PRO-PRO,False
PRO6-PRO73,9.494,0.0,9.494,9.494,PRO-PRO,False
PRO6-PRO74,5.6259999999999994,8.881784197001252e-16,5.626,5.626,PRO-PRO,False
PRO6-PRO75,4.259999999999999,8.881784197001252e-16,4.26,4.26,PRO-PRO,False
PRO6-PRO76,3.5279999999999996,4.440892098500626e-16,3.528,3.528,PRO-PRO,False
PRO6-PRO77,2.506,0.0,2.506,2.506,PRO-PRO,False
PRO6-PRO78,4.453,0.0,4.453,4.453,PRO-PRO,False
PRO6-PRO79,4.063,0.0,4.063,4.063,PRO-PRO,False
PRO6-PRO80,8.243,0.0,8.243,8.243,PRO-PRO,False
PRO6-PRO81,8.832,0.0,8.832,8.832,PRO-PRO,False
PRO6-PRO100,9.236000000000002,1.7763568394002505e-15,9.236,9.236,PRO-PRO,False
PRO6-PRO104,8.284999999999998,1.7763568394002505e-15,8.285,8.285,PRO-PRO,False
PRO6-PRO109,8.552999999999999,1.7763568394002505e-15,8.553,8.553,PRO-PRO,False
PRO6-PRO110,6.055999999999999,8.881784197001252e-16,6.056,6.056,PRO-PRO,False
PRO6-PRO111,6.730000000000002,1.7763568394002505e-15,6.73,6.73,PRO-PRO,False
PRO6-PRO112,6.9129999999999985,1.7763568394002505e-15,6.913,6.913,PRO-PRO,False
PRO6-PRO114,8.647999999999998,1.7763568394002505e-15,8.648,8.648,PRO-PRO,False
PRO6-PRO152,8.196,0.0,8.196,8.196,PRO-PRO,False
PRO6-PRO153,8.230000000000002,1.7763568394002505e-15,8.23,8.23,PRO-PRO,False
PRO6-PRO154,8.701,0.0,8.701,8.701,PRO-PRO,False
PRO6-PRO155,5.985,0.0,5.985,5.985,PRO-PRO,False
PRO6-PRO156,2.3640000000000003,4.440892098500626e-16,2.364,2.364,PRO-PRO,False
PRO6-PRO159,2.2770000000000006,4.440892098500626e-16,2.277,2.277,PRO-PRO,False
PRO7-PRO8,1.3480000000000003,2.220446049250313e-16,1.348,1.348,PRO-PRO,False
PRO7-PRO9,2.2770000000000006,4.440892098500626e-16,2.277,2.277,PRO-PRO,False
PRO7-PRO10,6.354,0.0,6.354,6.354,PRO-PRO,False
PRO7-PRO16,6.612000000000001,8.881784197001252e-16,6.612,6.612,PRO-PRO,False
PRO7-PRO17,9.991,0.0,9.991,9.991,PRO-PRO,False
PRO7-PRO19,8.162,0.0,8.162,8.162,PRO-PRO,False
PRO7-PRO20,7.256999999999999,8.881784197001252e-16,7.257,7.257,PRO-PRO,False
PRO7-PRO24,9.733000000000002,1.7763568394002505e-15,9.733,9.733,PRO-PRO,False
PRO7-PRO35,8.962000000000002,1.7763568394002505e-15,8.962,8.962,PRO-PRO,False
PRO7-PRO36,10.185999999999998,1.7763568394002505e-15,10.186,10.186,PRO-PRO,False
PRO7-PRO37,7.197000000000001,8.881784197001252e-16,7.197,7.197,PRO-PRO,False
PRO7-PRO38,7.332999999999999,8.881784197001252e-16,7.333,7.333,PRO-PRO,False
PRO7-PRO39,6.548000000000001,8.881784197001252e-16,6.548,6.548,PRO-PRO,False
PRO7-PRO40,7.585,0.0,7.585,7.585,PRO-PRO,False
PRO7-PRO55,4.2749999999999995,8.881784197001252e-16,4.275,4.275,PRO-PRO,False
PRO7-PRO56,2.192,0.0,2.192,2.192,PRO-PRO,False
PRO7-PRO57,4.937,0.0,4.937,4.937,PRO-PRO,False
PRO7-PRO58,4.634999999999999,8.881784197001252e-16,4.635,4.635,PRO-PRO,False
PRO7-PRO59,8.534,0.0,8.534,8.534,PRO-PRO,False
PRO7-PRO60,8.939,0.0,8.939,8.939,PRO-PRO,False
PRO7-PRO67,7.618035714285715,0.06648092215217896,7.125,7.627,PRO-PRO,True
PRO7-PRO68,5.485607142857142,0.08001622125085196,5.065,5.507,PRO-PRO,True
PRO7-PRO69,7.112000000000001,8.881784197001252e-16,7.112,7.112,PRO-PRO,False
PRO7-PRO70,5.771999999999999,8.881784197001252e-16,5.772,5.772,PRO-PRO,False
PRO7-PRO71,2.3670000000000004,4.440892098500626e-16,2.367,2.367,PRO-PRO,False
PRO7-PRO72,4.106000000000001,8.881784197001252e-16,4.106,4.106,PRO-PRO,False
PRO7-PRO73,5.921,0.0,5.921,5.921,PRO-PRO,False
PRO7-PRO74,3.462,0.0,3.462,3.462,PRO-PRO,False
PRO7-PRO75,2.2899999999999996,4.440892098500626e-16,2.29,2.29,PRO-PRO,False
PRO7-PRO76,4.096,0.0,4.096,4.096,PRO-PRO,False
PRO7-PRO77,2.067,0.0,2.067,2.067,PRO-PRO,False
PRO7-PRO78,2.3960000000000004,4.440892098500626e-16,2.396,2.396,PRO-PRO,False
PRO7-PRO79,1.898,0.0,1.898,1.898,PRO-PRO,False
PRO7-PRO80,5.451,0.0,5.451,5.451,PRO-PRO,False
PRO7-PRO81,5.899,0.0,5.899,5.899,PRO-PRO,False
PRO7-PRO96,7.158660714285715,0.12978750170755948,7.102,7.503,PRO-PRO,True
PRO7-PRO100,6.189,0.0,6.189,6.189,PRO-PRO,False
PRO7-PRO103,7.8740000000000006,8.881784197001252e-16,7.874,7.874,PRO-PRO,False
PRO7-PRO104,6.4129999999999985,1.7763568394002505e-15,6.413,6.413,PRO-PRO,False
PRO7-PRO109,8.217,0.0,8.217,8.217,PRO-PRO,False
PRO7-PRO110,6.847,0.0,6.847,6.847,PRO-PRO,False
PRO7-PRO111,6.994,0.0,6.994,6.994,PRO-PRO,False
PRO7-PRO112,7.0009999999999994,8.881784197001252e-16,7.001,7.001,PRO-PRO,False
PRO7-PRO113,9.478,0.0,9.478,9.478,PRO-PRO,False
PRO7-PRO114,8.088,0.0,8.088,8.088,PRO-PRO,False
PRO7-PRO155,9.400999999999998,1.7763568394002505e-15,9.401,9.401,PRO-PRO,False
PRO7-PRO156,5.582,0.0,5.582,5.582,PRO-PRO,False
PRO7-PRO159,3.7519999999999993,4.440892098500626e-16,3.752,3.752,PRO-PRO,False
PRO8-PRO9,1.3480000000000003,2.220446049250313e-16,1.348,1.348,PRO-PRO,False
PRO8-PRO10,4.34,0.0,4.34,4.34,PRO-PRO,False
PRO8-PRO11,7.218000000000002,1.7763568394002505e-15,7.218,7.218,PRO-PRO,False
PRO8-PRO12,8.905,0.0,8.905,8.905,PRO-PRO,False
PRO8-PRO13,9.105000000000002,1.7763568394002505e-15,9.105,9.105,PRO-PRO,False
PRO8-PRO14,5.872999999999999,8.881784197001252e-16,5.873,5.873,PRO-PRO,False
PRO8-PRO15,5.756999999999999,8.881784197001252e-16,5.757,5.757,PRO-PRO,False
PRO8-PRO16,2.36,0.0,2.36,2.36,PRO-PRO,False
PRO8-PRO17,5.045000000000001,8.881784197001252e-16,5.045,5.045,PRO-PRO,False
PRO8-PRO18,7.183,0.0,7.183,7.183,PRO-PRO,False
PRO8-PRO19,3.465,0.0,3.465,3.465,PRO-PRO,False
PRO8-PRO20,2.7899999999999996,4.440892098500626e-16,2.79,2.79,PRO-PRO,False
PRO8-PRO21,6.996000000000001,8.881784197001252e-16,6.996,6.996,PRO-PRO,False
PRO8-PRO22,8.554,0.0,8.554,8.554,PRO-PRO,False
PRO8-PRO23,6.924,0.0,6.924,6.924,PRO-PRO,False
PRO8-PRO24,7.342,0.0,7.342,7.342,PRO-PRO,False
PRO8-PRO35,7.009999999999999,8.881784197001252e-16,7.01,7.01,PRO-PRO,False
PRO8-PRO37,8.442,0.0,8.442,8.442,PRO-PRO,False
PRO8-PRO38,6.965000000000002,1.7763568394002505e-15,6.965,6.965,PRO-PRO,False
PRO8-PRO39,7.427999999999999,8.881784197001252e-16,7.428,7.428,PRO-PRO,False
PRO8-PRO40,6.481000000000001,8.881784197001252e-16,6.481,6.481,PRO-PRO,False
PRO8-PRO55,2.8479999999999994,4.440892098500626e-16,2.848,2.848,PRO-PRO,False
PRO8-PRO56,2.035,0.0,2.035,2.035,PRO-PRO,False
PRO8-PRO57,2.8910000000000005,4.440892098500626e-16,2.891,2.891,PRO-PRO,False
PRO8-PRO58,3.9370000000000003,4.440892098500626e-16,3.937,3.937,PRO-PRO,False
PRO8-PRO59,7.03,0.0,7.03,7.03,PRO-PRO,False
PRO8-PRO60,6.644999999999998,1.7763568394002505e-15,6.645,6.645,PRO-PRO,False
PRO8-PRO61,9.728,0.0,9.728,9.728,PRO-PRO,False
PRO8-PRO68,6.262392857142856,0.664299407500957,4.705,8.217,PRO-PRO,True
PRO8-PRO71,6.012999999999999,8.881784197001252e-16,6.013,6.013,PRO-PRO,False
PRO8-PRO72,6.994,0.0,6.994,6.994,PRO-PRO,False
PRO8-PRO74,7.771999999999999,8.881784197001252e-16,7.772,7.772,PRO-PRO,False
PRO8-PRO75,6.930999999999999,8.881784197001252e-16,6.931,6.931,PRO-PRO,False
PRO8-PRO76,8.459000000000001,1.7763568394002505e-15,8.459,8.459,PRO-PRO,False
PRO8-PRO77,5.732999999999999,8.881784197001252e-16,5.733,5.733,PRO-PRO,False
PRO8-PRO78,4.666000000000001,8.881784197001252e-16,4.666,4.666,PRO-PRO,False
PRO8-PRO79,2.164,0.0,2.164,2.164,PRO-PRO,False
PRO8-PRO80,4.813,0.0,4.813,4.813,PRO-PRO,False
PRO8-PRO81,2.378,0.0,2.378,2.378,PRO-PRO,False
PRO8-PRO82,7.46,0.0,7.46,7.46,PRO-PRO,False
PRO8-PRO83,9.729,0.0,9.729,9.729,PRO-PRO,False
PRO8-PRO89,9.320000000000002,1.7763568394002505e-15,9.32,9.32,PRO-PRO,False
PRO8-PRO93,8.456000000000001,1.7763568394002505e-15,8.456,8.456,PRO-PRO,False
PRO8-PRO96,6.289339285714285,0.3982741462855577,6.042,7.467,PRO-PRO,True
PRO8-PRO100,7.32,0.0,7.32,7.32,PRO-PRO,False
PRO8-PRO110,9.179999999999998,1.7763568394002505e-15,9.18,9.18,PRO-PRO,False
PRO8-PRO111,8.15,0.0,8.15,8.15,PRO-PRO,False
PRO8-PRO112,7.302,0.0,7.302,7.302,PRO-PRO,False
PRO8-PRO113,8.487,0.0,8.487,8.487,PRO-PRO,False
PRO8-PRO114,5.527,0.0,5.527,5.527,PRO-PRO,False
PRO8-PRO115,9.397,0.0,9.397,9.397,PRO-PRO,False
PRO8-PRO116,7.432000000000001,8.881784197001252e-16,7.432,7.432,PRO-PRO,False
PRO8-PRO142,9.304999999999998,1.7763568394002505e-15,9.305,9.305,PRO-PRO,False
PRO8-PRO144,8.56,0.0,8.56,8.56,PRO-PRO,False
PRO8-PRO146,8.712000000000002,1.7763568394002505e-15,8.712,8.712,PRO-PRO,False
PRO8-PRO152,7.346000000000002,1.7763568394002505e-15,7.346,7.346,PRO-PRO,False
PRO8-PRO155,7.162,0.0,7.162,7.162,PRO-PRO,False
PRO8-PRO156,2.6840000000000006,4.440892098500626e-16,2.684,2.684,PRO-PRO,False
PRO8-PRO159,5.39,0.0,5.39,5.39,PRO-PRO,False
PRO8-GTP,6.448999999999999,8.881784197001252e-16,6.449,6.449,PRO-GTP,False
PRO9-PRO10,1.3439999999999999,2.220446049250313e-16,1.344,1.344,PRO-PRO,False
PRO9-PRO11,4.833999999999999,8.881784197001252e-16,4.834,4.834,PRO-PRO,False
PRO9-PRO12,7.951,0.0,7.951,7.951,PRO-PRO,False
PRO9-PRO13,9.412999999999998,1.7763568394002505e-15,9.413,9.413,PRO-PRO,False
PRO9-PRO14,5.187,0.0,5.187,5.187,PRO-PRO,False
PRO9-PRO15,8.510999999999997,1.7763568394002505e-15,8.511,8.511,PRO-PRO,False
PRO9-PRO16,3.485,0.0,3.485,3.485,PRO-PRO,False
PRO9-PRO17,8.85,0.0,8.85,8.85,PRO-PRO,False
PRO9-PRO19,7.0600000000000005,8.881784197001252e-16,7.06,7.06,PRO-PRO,False
PRO9-PRO20,7.778,0.0,7.778,7.778,PRO-PRO,False
PRO9-PRO35,9.101,0.0,9.101,9.101,PRO-PRO,False
PRO9-PRO37,9.857,0.0,9.857,9.857,PRO-PRO,False
PRO9-PRO55,7.860999999999999,8.881784197001252e-16,7.861,7.861,PRO-PRO,False
PRO9-PRO56,5.787,0.0,5.787,5.787,PRO-PRO,False
PRO9-PRO57,6.006,0.0,6.006,6.006,PRO-PRO,False
PRO9-PRO58,4.740000000000001,8.881784197001252e-16,4.74,4.74,PRO-PRO,False
PRO9-PRO59,6.554000000000001,8.881784197001252e-16,6.554,6.554,PRO-PRO,False
PRO9-PRO60,5.636000000000001,8.881784197001252e-16,5.636,5.636,PRO-PRO,False
PRO9-PRO61,8.857,0.0,8.857,8.857,PRO-PRO,False
PRO9-PRO64,9.384,0.0,9.384,9.384,PRO-PRO,False
PRO9-PRO65,8.821,0.0,8.821,8.821,PRO-PRO,False
PRO9-PRO67,8.318071428571429,0.132961844304358,7.332,8.336,PRO-PRO,True
PRO9-PRO68,3.8175000000000003,0.5337736277808091,2.487,5.197,PRO-PRO,True
PRO9-PRO69,7.823,0.0,7.823,7.823,PRO-PRO,False
PRO9-PRO70,8.765,0.0,8.765,8.765,PRO-PRO,False
PRO9-PRO71,4.723,0.0,4.723,4.723,PRO-PRO,False
PRO9-PRO72,2.407,0.0,2.407,2.407,PRO-PRO,False
PRO9-PRO73,8.431,0.0,8.431,8.431,PRO-PRO,False
PRO9-PRO74,8.637,0.0,8.637,8.637,PRO-PRO,False
PRO9-PRO75,6.753,0.0,6.753,6.753,PRO-PRO,False
PRO9-PRO76,8.897999999999998,1.7763568394002505e-15,8.898,8.898,PRO-PRO,False
PRO9-PRO77,6.143999999999999,8.881784197001252e-16,6.144,6.144,PRO-PRO,False
PRO9-PRO78,2.8470000000000004,4.440892098500626e-16,2.847,2.847,PRO-PRO,False
PRO9-PRO79,1.837,0.0,1.837,1.837,PRO-PRO,False
PRO9-PRO80,2.24,0.0,2.24,2.24,PRO-PRO,False
PRO9-PRO81,1.8100000000000003,2.220446049250313e-16,1.81,1.81,PRO-PRO,False
PRO9-PRO82,5.5,0.0,5.5,5.5,PRO-PRO,False
PRO9-PRO83,8.433,0.0,8.433,8.433,PRO-PRO,False
PRO9-PRO89,7.064,0.0,7.064,7.064,PRO-PRO,False
PRO9-PRO90,8.995,0.0,8.995,8.995,PRO-PRO,False
PRO9-PRO92,6.497,0.0,6.497,6.497,PRO-PRO,False
PRO9-PRO93,4.573,0.0,4.573,4.573,PRO-PRO,False
PRO9-PRO94,8.334000000000001,1.7763568394002505e-15,8.334,8.334,PRO-PRO,False
PRO9-PRO95,7.2490000000000006,8.881784197001252e-16,7.249,7.249,PRO-PRO,False
PRO9-PRO96,2.6279107142857145,0.0032086756598004524,2.618,2.636,PRO-PRO,True
PRO9-PRO97,5.828000000000001,8.881784197001252e-16,5.828,5.828,PRO-PRO,False
PRO9-PRO98,8.317,0.0,8.317,8.317,PRO-PRO,False
PRO9-PRO99,6.976,0.0,6.976,6.976,PRO-PRO,False
PRO9-PRO100,2.654,0.0,2.654,2.654,PRO-PRO,False
PRO9-PRO101,8.568,0.0,8.568,8.568,PRO-PRO,False
PRO9-PRO103,8.016,0.0,8.016,8.016,PRO-PRO,False
PRO9-PRO104,8.432,0.0,8.432,8.432,PRO-PRO,False
PRO9-PRO109,8.76,0.0,8.76,8.76,PRO-PRO,False
PRO9-PRO110,8.077,0.0,8.077,8.077,PRO-PRO,False
PRO9-PRO111,5.8549999999999995,8.881784197001252e-16,5.855,5.855,PRO-PRO,False
PRO9-PRO112,6.285000000000001,8.881784197001252e-16,6.285,6.285,PRO-PRO,False
PRO9-PRO113,6.897999999999998,1.7763568394002505e-15,6.898,6.898,PRO-PRO,False
PRO9-PRO114,6.0,0.0,6.0,6.0,PRO-PRO,False
PRO9-PRO115,9.113,0.0,9.113,9.113,PRO-PRO,False
PRO9-PRO116,8.290999999999999,1.7763568394002505e-15,8.291,8.291,PRO-PRO,False
PRO9-PRO139,8.556,0.0,8.556,8.556,PRO-PRO,False
PRO9-PRO155,9.144,0.0,9.144,9.144,PRO-PRO,False
PRO9-PRO156,7.393999999999999,8.881784197001252e-16,7.394,7.394,PRO-PRO,False
PRO9-PRO159,6.727000000000002,1.7763568394002505e-15,6.727,6.727,PRO-PRO,False
PRO9-GTP,7.950000000000001,8.881784197001252e-16,7.95,7.95,PRO-GTP,False
PRO10-PRO11,1.3420000000000003,2.220446049250313e-16,1.342,1.342,PRO-PRO,False
PRO10-PRO12,4.084,0.0,4.084,4.084,PRO-PRO,False
PRO10-PRO13,6.064,0.0,6.064,6.064,PRO-PRO,False
PRO10-PRO14,3.517,0.0,3.517,3.517,PRO-PRO,False
PRO10-PRO15,6.7250000000000005,8.881784197001252e-16,6.725,6.725,PRO-PRO,False
PRO10-PRO16,2.3240000000000003,4.440892098500626e-16,2.324,2.324,PRO-PRO,False
PRO10-PRO17,7.987000000000001,8.881784197001252e-16,7.987,7.987,PRO-PRO,False
PRO10-PRO19,8.076,0.0,8.076,8.076,PRO-PRO,False
PRO10-PRO20,9.177999999999999,1.7763568394002505e-15,9.178,9.178,PRO-PRO,False
PRO10-PRO35,8.494,0.0,8.494,8.494,PRO-PRO,False
PRO10-PRO56,8.396,0.0,8.396,8.396,PRO-PRO,False
PRO10-PRO57,7.575000000000001,8.881784197001252e-16,7.575,7.575,PRO-PRO,False
PRO10-PRO58,5.817,0.0,5.817,5.817,PRO-PRO,False
PRO10-PRO59,5.255,0.0,5.255,5.255,PRO-PRO,False
PRO10-PRO60,2.9029999999999996,4.440892098500626e-16,2.903,2.903,PRO-PRO,False
PRO10-PRO61,5.658,0.0,5.658,5.658,PRO-PRO,False
PRO10-PRO62,7.549892857142857,0.1692142216426339,7.346,8.007,PRO-PRO,True
PRO10-PRO64,8.218000000000002,1.7763568394002505e-15,8.218,8.218,PRO-PRO,False
PRO10-PRO65,8.574732142857142,0.043544923876476925,8.454,8.599,PRO-PRO,True
PRO10-PRO68,4.609749999999999,0.9297763027816345,2.258,6.979,PRO-PRO,True
PRO10-PRO71,8.289,0.0,8.289,8.289,PRO-PRO,False
PRO10-PRO72,6.2490000000000006,8.881784197001252e-16,6.249,6.249,PRO-PRO,False
PRO10-PRO78,7.622999999999999,8.881784197001252e-16,7.623,7.623,PRO-PRO,False
PRO10-PRO79,5.252,0.0,5.252,5.252,PRO-PRO,False
PRO10-PRO80,4.701,0.0,4.701,4.701,PRO-PRO,False
PRO10-PRO81,2.7749999999999995,4.440892098500626e-16,2.775,2.775,PRO-PRO,False
PRO10-PRO82,4.575,0.0,4.575,4.575,PRO-PRO,False
PRO10-PRO83,6.743000000000001,8.881784197001252e-16,6.743,6.743,PRO-PRO,False
PRO10-PRO86,7.406999999999998,1.7763568394002505e-15,7.407,7.407,PRO-PRO,False
PRO10-PRO88,6.628,0.0,6.628,6.628,PRO-PRO,False
PRO10-PRO89,4.864,0.0,4.864,4.864,PRO-PRO,False
PRO10-PRO90,7.237000000000001,8.881784197001252e-16,7.237,7.237,PRO-PRO,False
PRO10-PRO91,8.174,0.0,8.174,8.174,PRO-PRO,False
PRO10-PRO92,4.437,0.0,4.437,4.437,PRO-PRO,False
PRO10-PRO93,4.06,0.0,4.06,4.06,PRO-PRO,False
PRO10-PRO94,8.533,0.0,8.533,8.533,PRO-PRO,False
PRO10-PRO95,8.121,0.0,8.121,8.121,PRO-PRO,False
PRO10-PRO96,2.5674642857142858,0.08572984233828347,2.247,2.689,PRO-PRO,True
PRO10-PRO97,8.374,0.0,8.374,8.374,PRO-PRO,False
PRO10-PRO99,9.485,0.0,9.485,9.485,PRO-PRO,False
PRO10-PRO100,7.503999999999999,8.881784197001252e-16,7.504,7.504,PRO-PRO,False
PRO10-PRO112,9.134,0.0,9.134,9.134,PRO-PRO,False
PRO10-PRO113,7.637999999999999,8.881784197001252e-16,7.638,7.638,PRO-PRO,False
PRO10-PRO114,6.906999999999998,1.7763568394002505e-15,6.907,6.907,PRO-PRO,False
PRO10-PRO115,8.742000000000003,1.7763568394002505e-15,8.742,8.742,PRO-PRO,False
PRO10-PRO116,7.618000000000001,8.881784197001252e-16,7.618,7.618,PRO-PRO,False
PRO10-PRO117,9.554,0.0,9.554,9.554,PRO-PRO,False
PRO10-PRO1276,9.132999999999997,1.7763568394002505e-15,9.133,9.133,PRO-PRO,False
PRO10-PRO1277,8.975,0.0,8.975,8.975,PRO-PRO,False
PRO10-PRO1278,9.604,0.0,9.604,9.604,PRO-PRO,False
PRO10-GTP,5.18,0.0,5.18,5.18,PRO-GTP,False
PRO11-PRO12,1.352,0.0,1.352,1.352,PRO-PRO,False
PRO11-PRO13,3.468,0.0,3.468,3.468,PRO-PRO,False
PRO11-PRO14,2.65,0.0,2.65,2.65,PRO-PRO,False
PRO11-PRO15,4.951999999999999,8.881784197001252e-16,4.952,4.952,PRO-PRO,False
PRO11-PRO16,1.7539999999999998,2.220446049250313e-16,1.754,1.754,PRO-PRO,False
PRO11-PRO17,7.3100000000000005,8.881784197001252e-16,7.31,7.31,PRO-PRO,False
PRO11-PRO18,9.382,0.0,9.382,9.382,PRO-PRO,False
PRO11-PRO19,9.766,0.0,9.766,9.766,PRO-PRO,False
PRO11-PRO35,8.459000000000001,1.7763568394002505e-15,8.459,8.459,PRO-PRO,False
PRO11-PRO57,8.199,0.0,8.199,8.199,PRO-PRO,False
PRO11-PRO58,6.936,0.0,6.936,6.936,PRO-PRO,False
PRO11-PRO59,6.285000000000001,8.881784197001252e-16,6.285,6.285,PRO-PRO,False
PRO11-PRO60,3.0429999999999997,4.440892098500626e-16,3.043,3.043,PRO-PRO,False
PRO11-PRO61,5.006,0.0,5.006,5.006,PRO-PRO,False
PRO11-PRO62,5.357982142857144,0.317661291487795,5.144,6.27,PRO-PRO,True
PRO11-PRO63,8.712000000000002,1.7763568394002505e-15,8.712,8.712,PRO-PRO,False
PRO11-PRO64,8.25,0.0,8.25,8.25,PRO-PRO,False
PRO11-PRO65,8.04155357142857,0.41921150132646384,7.35,8.349,PRO-PRO,True
PRO11-PRO68,5.24725,1.2431282437291589,3.416,9.073,PRO-PRO,True
PRO11-PRO72,9.255,0.0,9.255,9.255,PRO-PRO,False
PRO11-PRO79,8.323,0.0,8.323,8.323,PRO-PRO,False
PRO11-PRO80,7.043999999999999,8.881784197001252e-16,7.044,7.044,PRO-PRO,False
PRO11-PRO81,3.703,0.0,3.703,3.703,PRO-PRO,False
PRO11-PRO82,4.299,0.0,4.299,4.299,PRO-PRO,False
PRO11-PRO83,5.182000000000001,8.881784197001252e-16,5.182,5.182,PRO-PRO,False
PRO11-PRO84,8.955,0.0,8.955,8.955,PRO-PRO,False
PRO11-PRO85,8.821,0.0,8.821,8.821,PRO-PRO,False
PRO11-PRO86,3.578,0.0,3.578,3.578,PRO-PRO,False
PRO11-PRO87,7.061,0.0,7.061,7.061,PRO-PRO,False
PRO11-PRO88,2.82,0.0,2.82,2.82,PRO-PRO,False
PRO11-PRO89,2.244,0.0,2.244,2.244,PRO-PRO,False
PRO11-PRO90,5.512999999999999,8.881784197001252e-16,5.513,5.513,PRO-PRO,False
PRO11-PRO91,6.478000000000001,8.881784197001252e-16,6.478,6.478,PRO-PRO,False
PRO11-PRO92,2.5369999999999995,4.440892098500626e-16,2.537,2.537,PRO-PRO,False
PRO11-PRO93,5.137,0.0,5.137,5.137,PRO-PRO,False
PRO11-PRO94,8.96,0.0,8.96,8.96,PRO-PRO,False
PRO11-PRO95,7.820999999999999,8.881784197001252e-16,7.821,7.821,PRO-PRO,False
PRO11-PRO96,2.941232142857143,0.1459537587084432,2.307,2.995,PRO-PRO,True
PRO11-PRO113,8.789,0.0,8.789,8.789,PRO-PRO,False
PRO11-PRO114,8.4,0.0,8.4,8.4,PRO-PRO,False
PRO11-PRO115,9.423,0.0,9.423,9.423,PRO-PRO,False
PRO11-PRO116,8.200000000000001,1.7763568394002505e-15,8.2,8.2,PRO-PRO,False
PRO11-PRO117,7.686999999999999,8.881784197001252e-16,7.687,7.687,PRO-PRO,False
PRO11-PRO125,8.342,0.0,8.342,8.342,PRO-PRO,False
PRO11-PRO1233,8.614000000000003,1.7763568394002505e-15,8.614,8.614,PRO-PRO,False
PRO11-PRO1234,8.068,0.0,8.068,8.068,PRO-PRO,False
PRO11-PRO1275,9.263999999999998,1.7763568394002505e-15,9.264,9.264,PRO-PRO,False
PRO11-PRO1276,7.024,0.0,7.024,7.024,PRO-PRO,False
PRO11-PRO1277,5.25,0.0,5.25,5.25,PRO-PRO,False
PRO11-PRO1278,5.194,0.0,5.194,5.194,PRO-PRO,False
PRO11-PRO1279,8.995,0.0,8.995,8.995,PRO-PRO,False
PRO11-PRO1282,9.411,0.0,9.411,9.411,PRO-PRO,False
PRO11-PRO1283,8.253,0.0,8.253,8.253,PRO-PRO,False
PRO11-GTP,3.951,0.0,3.951,3.951,PRO-GTP,False
PRO12-PRO13,1.356,0.0,1.356,1.356,PRO-PRO,False
PRO12-PRO14,2.7139999999999995,4.440892098500626e-16,2.714,2.714,PRO-PRO,False
PRO12-PRO15,5.3950000000000005,8.881784197001252e-16,5.395,5.395,PRO-PRO,False
PRO12-PRO16,2.7600000000000002,4.440892098500626e-16,2.76,2.76,PRO-PRO,False
PRO12-PRO17,7.469,0.0,7.469,7.469,PRO-PRO,False
PRO12-PRO18,9.531,0.0,9.531,9.531,PRO-PRO,False
PRO12-PRO32,6.5360000000000005,8.881784197001252e-16,6.536,6.536,PRO-PRO,False
PRO12-PRO33,8.807,0.0,8.807,8.807,PRO-PRO,False
PRO12-PRO34,7.488,0.0,7.488,7.488,PRO-PRO,False
PRO12-PRO35,7.024,0.0,7.024,7.024,PRO-PRO,False
PRO12-PRO36,9.237,0.0,9.237,9.237,PRO-PRO,False
PRO12-PRO57,8.322000000000001,1.7763568394002505e-15,8.322,8.322,PRO-PRO,False
PRO12-PRO58,6.348,0.0,6.348,6.348,PRO-PRO,False
PRO12-PRO59,5.198,0.0,5.198,5.198,PRO-PRO,False
PRO12-PRO60,2.368,0.0,2.368,2.368,PRO-PRO,False
PRO12-PRO61,2.621,0.0,2.621,2.621,PRO-PRO,False
PRO12-PRO62,4.345839285714286,0.0011918890425689909,4.337,4.346,PRO-PRO,True
PRO12-PRO63,6.305999999999999,8.881784197001252e-16,6.306,6.306,PRO-PRO,False
PRO12-PRO64,6.841,0.0,6.841,6.841,PRO-PRO,False
PRO12-PRO65,8.575017857142857,0.3953704181375552,7.955,8.886,PRO-PRO,True
PRO12-PRO68,6.413571428571428,1.3407901436032688,5.004,10.484,PRO-PRO,True
PRO12-PRO81,7.557000000000001,8.881784197001252e-16,7.557,7.557,PRO-PRO,False
PRO12-PRO82,7.448,0.0,7.448,7.448,PRO-PRO,False
PRO12-PRO83,6.018999999999999,8.881784197001252e-16,6.019,6.019,PRO-PRO,False
PRO12-PRO84,9.857,0.0,9.857,9.857,PRO-PRO,False
PRO12-PRO85,8.412,0.0,8.412,8.412,PRO-PRO,False
PRO12-PRO86,2.9729999999999994,4.440892098500626e-16,2.973,2.973,PRO-PRO,False
PRO12-PRO87,8.769999999999998,1.7763568394002505e-15,8.77,8.77,PRO-PRO,False
PRO12-PRO88,3.7689999999999992,8.881784197001252e-16,3.769,3.769,PRO-PRO,False
PRO12-PRO89,4.707999999999999,8.881784197001252e-16,4.708,4.708,PRO-PRO,False
PRO12-PRO90,8.65,0.0,8.65,8.65,PRO-PRO,False
PRO12-PRO92,5.223,0.0,5.223,5.223,PRO-PRO,False
PRO12-PRO93,9.593000000000002,1.7763568394002505e-15,9.593,9.593,PRO-PRO,False
PRO12-PRO96,5.698267857142857,0.28149692278649385,4.652,5.811,PRO-PRO,True
PRO12-PRO116,8.894999999999998,1.7763568394002505e-15,8.895,8.895,PRO-PRO,False
PRO12-PRO117,6.613999999999999,8.881784197001252e-16,6.614,6.614,PRO-PRO,False
PRO12-PRO1233,9.04,0.0,9.04,9.04,PRO-PRO,False
PRO12-PRO1236,8.57,0.0,8.57,8.57,PRO-PRO,False
PRO12-PRO1272,9.263,0.0,9.263,9.263,PRO-PRO,False
PRO12-PRO1273,7.923000000000001,8.881784197001252e-16,7.923,7.923,PRO-PRO,False
PRO12-PRO1274,7.960999999999999,8.881784197001252e-16,7.961,7.961,PRO-PRO,False
PRO12-PRO1275,3.6529999999999996,4.440892098500626e-16,3.653,3.653,PRO-PRO,False
PRO12-PRO1276,2.971,0.0,2.971,2.971,PRO-PRO,False
PRO12-PRO1277,1.7650000000000001,2.220446049250313e-16,1.765,1.765,PRO-PRO,False
PRO12-PRO1278,3.3679999999999994,4.440892098500626e-16,3.368,3.368,PRO-PRO,False
PRO12-PRO1279,5.947000000000001,8.881784197001252e-16,5.947,5.947,PRO-PRO,False
PRO12-PRO1280,9.754,0.0,9.754,9.754,PRO-PRO,False
PRO12-PRO1282,5.779000000000001,8.881784197001252e-16,5.779,5.779,PRO-PRO,False
PRO12-PRO1283,6.615000000000001,8.881784197001252e-16,6.615,6.615,PRO-PRO,False
PRO12-PRO1285,8.948,0.0,8.948,8.948,PRO-PRO,False
PRO12-PRO1286,9.304,0.0,9.304,9.304,PRO-PRO,False
PRO12-PRO1390,5.714999999999999,8.881784197001252e-16,5.715,5.715,PRO-PRO,False
PRO12-PRO1391,5.248,0.0,5.248,5.248,PRO-PRO,False
PRO12-GTP,2.253,0.0,2.253,2.253,PRO-GTP,False
PRO13-PRO14,1.3309999999999997,2.220446049250313e-16,1.331,1.331,PRO-PRO,False
PRO13-PRO15,3.1849999999999996,4.440892098500626e-16,3.185,3.185,PRO-PRO,False
PRO13-PRO16,3.2289999999999996,4.440892098500626e-16,3.229,3.229,PRO-PRO,False
PRO13-PRO17,6.474000000000002,1.7763568394002505e-15,6.474,6.474,PRO-PRO,False
PRO13-PRO18,7.308999999999999,8.881784197001252e-16,7.309,7.309,PRO-PRO,False
PRO13-PRO19,8.51,0.0,8.51,8.51,PRO-PRO,False
PRO13-PRO28,8.795,0.0,8.795,8.795,PRO-PRO,False
PRO13-PRO29,9.933000000000002,1.7763568394002505e-15,9.933,9.933,PRO-PRO,False
PRO13-PRO30,9.977000000000002,1.7763568394002505e-15,9.977,9.977,PRO-PRO,False
PRO13-PRO31,9.62,0.0,9.62,9.62,PRO-PRO,False
PRO13-PRO32,6.39,0.0,6.39,6.39,PRO-PRO,False
PRO13-PRO33,7.805999999999999,8.881784197001252e-16,7.806,7.806,PRO-PRO,False
PRO13-PRO34,7.625,0.0,7.625,7.625,PRO-PRO,False
PRO13-PRO35,7.131,0.0,7.131,7.131,PRO-PRO,False
PRO13-PRO57,8.237,0.0,8.237,8.237,PRO-PRO,False
PRO13-PRO58,7.104,0.0,7.104,7.104,PRO-PRO,False
PRO13-PRO59,6.548000000000001,8.881784197001252e-16,6.548,6.548,PRO-PRO,False
PRO13-PRO60,4.287,0.0,4.287,4.287,PRO-PRO,False
PRO13-PRO61,4.75,0.0,4.75,4.75,PRO-PRO,False
PRO13-PRO62,8.694374999999999,0.030604366226779745,8.568,8.715,PRO-PRO,True
PRO13-PRO64,9.912,0.0,9.912,9.912,PRO-PRO,False
PRO13-PRO68,9.503839285714287,1.4267828918933285,8.077,13.427,PRO-PRO,True
PRO13-PRO81,7.630000000000001,8.881784197001252e-16,7.63,7.63,PRO-PRO,False
PRO13-PRO82,7.421999999999999,8.881784197001252e-16,7.422,7.422,PRO-PRO,False
PRO13-PRO83,4.395,0.0,4.395,4.395,PRO-PRO,False
PRO13-PRO84,7.948999999999999,8.881784197001252e-16,7.949,7.949,PRO-PRO,False
PRO13-PRO85,6.131,0.0,6.131,6.131,PRO-PRO,False
PRO13-PRO86,3.828,0.0,3.828,3.828,PRO-PRO,False
PRO13-PRO87,9.774,0.0,9.774,9.774,PRO-PRO,False
PRO13-PRO88,7.412,0.0,7.412,7.412,PRO-PRO,False
PRO13-PRO89,6.170000000000001,8.881784197001252e-16,6.17,6.17,PRO-PRO,False
PRO13-PRO92,9.066,0.0,9.066,9.066,PRO-PRO,False
PRO13-PRO96,8.831035714285715,0.2154711585179355,8.009,9.003,PRO-PRO,True
PRO13-PRO116,5.551000000000001,8.881784197001252e-16,5.551,5.551,PRO-PRO,False
PRO13-PRO117,2.587,0.0,2.587,2.587,PRO-PRO,False
PRO13-PRO120,7.732999999999999,8.881784197001252e-16,7.733,7.733,PRO-PRO,False
PRO13-PRO146,9.098,0.0,9.098,9.098,PRO-PRO,False
PRO13-PRO1272,8.701,0.0,8.701,8.701,PRO-PRO,False
PRO13-PRO1273,7.264000000000001,8.881784197001252e-16,7.264,7.264,PRO-PRO,False
PRO13-PRO1274,9.104,0.0,9.104,9.104,PRO-PRO,False
PRO13-PRO1275,6.156,0.0,6.156,6.156,PRO-PRO,False
PRO13-PRO1276,3.1380000000000003,4.440892098500626e-16,3.138,3.138,PRO-PRO,False
PRO13-PRO1277,3.2929999999999997,4.440892098500626e-16,3.293,3.293,PRO-PRO,False
PRO13-PRO1278,5.898000000000001,8.881784197001252e-16,5.898,5.898,PRO-PRO,False
PRO13-PRO1279,9.6,0.0,9.6,9.6,PRO-PRO,False
PRO13-PRO1390,7.534,0.0,7.534,7.534,PRO-PRO,False
PRO13-PRO1391,8.809,0.0,8.809,8.809,PRO-PRO,False
PRO13-GTP,2.343,0.0,2.343,2.343,PRO-GTP,False
PRO14-PRO15,1.3409999999999997,2.220446049250313e-16,1.341,1.341,PRO-PRO,False
PRO14-PRO16,2.3700000000000006,4.440892098500626e-16,2.37,2.37,PRO-PRO,False
PRO14-PRO17,6.055,0.0,6.055,6.055,PRO-PRO,False
PRO14-PRO18,5.887,0.0,5.887,5.887,PRO-PRO,False
PRO14-PRO19,5.295000000000001,8.881784197001252e-16,5.295,5.295,PRO-PRO,False
PRO14-PRO20,7.723,0.0,7.723,7.723,PRO-PRO,False
PRO14-PRO28,7.502000000000001,8.881784197001252e-16,7.502,7.502,PRO-PRO,False
PRO14-PRO35,8.827,0.0,8.827,8.827,PRO-PRO,False
PRO14-PRO57,7.778,0.0,7.778,7.778,PRO-PRO,False
PRO14-PRO58,7.8389999999999995,8.881784197001252e-16,7.839,7.839,PRO-PRO,False
PRO14-PRO59,8.079,0.0,8.079,8.079,PRO-PRO,False
PRO14-PRO60,5.207999999999999,8.881784197001252e-16,5.208,5.208,PRO-PRO,False
PRO14-PRO61,7.222,0.0,7.222,7.222,PRO-PRO,False
PRO14-PRO62,9.118785714285712,0.31877907230364966,8.944,10.032,PRO-PRO,True
PRO14-PRO68,9.075964285714287,1.2089101196101877,6.792,12.44,PRO-PRO,True
PRO14-PRO79,7.316000000000001,8.881784197001252e-16,7.316,7.316,PRO-PRO,False
PRO14-PRO80,6.035000000000001,8.881784197001252e-16,6.035,6.035,PRO-PRO,False
PRO14-PRO81,2.358,0.0,2.358,2.358,PRO-PRO,False
PRO14-PRO82,2.8999999999999995,4.440892098500626e-16,2.9,2.9,PRO-PRO,False
PRO14-PRO83,2.0910000000000006,4.440892098500626e-16,2.091,2.091,PRO-PRO,False
PRO14-PRO84,5.549,0.0,5.549,5.549,PRO-PRO,False
PRO14-PRO85,5.716,0.0,5.716,5.716,PRO-PRO,False
PRO14-PRO86,3.5970000000000004,4.440892098500626e-16,3.597,3.597,PRO-PRO,False
PRO14-PRO87,7.427,0.0,7.427,7.427,PRO-PRO,False
PRO14-PRO88,6.2139999999999995,8.881784197001252e-16,6.214,6.214,PRO-PRO,False
PRO14-PRO89,2.4520000000000004,4.440892098500626e-16,2.452,2.452,PRO-PRO,False
PRO14-PRO90,5.994,0.0,5.994,5.994,PRO-PRO,False
PRO14-PRO91,8.333,0.0,8.333,8.333,PRO-PRO,False
PRO14-PRO92,5.964999999999999,8.881784197001252e-16,5.965,5.965,PRO-PRO,False
PRO14-PRO93,5.637999999999999,8.881784197001252e-16,5.638,5.638,PRO-PRO,False
PRO14-PRO96,5.8596071428571435,0.12038905363318506,5.37,5.908,PRO-PRO,True
PRO14-PRO112,9.685999999999998,1.7763568394002505e-15,9.686,9.686,PRO-PRO,False
PRO14-PRO113,7.807000000000001,8.881784197001252e-16,7.807,7.807,PRO-PRO,False
PRO14-PRO114,5.39,0.0,5.39,5.39,PRO-PRO,False
PRO14-PRO115,5.765,0.0,5.765,5.765,PRO-PRO,False
PRO14-PRO116,2.057,0.0,2.057,2.057,PRO-PRO,False
PRO14-PRO117,2.6089999999999995,4.440892098500626e-16,2.609,2.609,PRO-PRO,False
PRO14-PRO118,7.717,0.0,7.717,7.717,PRO-PRO,False
PRO14-PRO119,8.384,0.0,8.384,8.384,PRO-PRO,False
PRO14-PRO120,7.482999999999999,8.881784197001252e-16,7.483,7.483,PRO-PRO,False
PRO14-PRO124,9.463,0.0,9.463,9.463,PRO-PRO,False
PRO14-PRO125,7.21,0.0,7.21,7.21,PRO-PRO,False
PRO14-PRO141,9.598,0.0,9.598,9.598,PRO-PRO,False
PRO14-PRO142,9.507999999999997,1.7763568394002505e-15,9.508,9.508,PRO-PRO,False
PRO14-PRO143,9.150999999999998,1.7763568394002505e-15,9.151,9.151,PRO-PRO,False
PRO14-PRO144,6.616,0.0,6.616,6.616,PRO-PRO,False
PRO14-PRO145,7.4750000000000005,8.881784197001252e-16,7.475,7.475,PRO-PRO,False
PRO14-PRO146,6.872999999999999,8.881784197001252e-16,6.873,6.873,PRO-PRO,False
PRO14-PRO147,8.373,0.0,8.373,8.373,PRO-PRO,False
PRO14-PRO152,9.016,0.0,9.016,9.016,PRO-PRO,False
PRO14-PRO156,9.593000000000002,1.7763568394002505e-15,9.593,9.593,PRO-PRO,False
PRO14-PRO1273,9.806,0.0,9.806,9.806,PRO-PRO,False
PRO14-PRO1275,8.903,0.0,8.903,8.903,PRO-PRO,False
PRO14-PRO1276,5.735999999999999,8.881784197001252e-16,5.736,5.736,PRO-PRO,False
PRO14-PRO1277,5.713,0.0,5.713,5.713,PRO-PRO,False
PRO14-PRO1278,6.906,0.0,6.906,6.906,PRO-PRO,False
PRO14-GTP,3.035,0.0,3.035,3.035,PRO-GTP,False
PRO15-PRO16,1.3469999999999998,2.220446049250313e-16,1.347,1.347,PRO-PRO,False
PRO15-PRO17,3.494,0.0,3.494,3.494,PRO-PRO,False
PRO15-PRO18,2.7899999999999996,4.440892098500626e-16,2.79,2.79,PRO-PRO,False
PRO15-PRO19,1.8569999999999998,2.220446049250313e-16,1.857,1.857,PRO-PRO,False
PRO15-PRO20,4.056,0.0,4.056,4.056,PRO-PRO,False
PRO15-PRO21,6.067999999999999,8.881784197001252e-16,6.068,6.068,PRO-PRO,False
PRO15-PRO22,6.622999999999999,8.881784197001252e-16,6.623,6.623,PRO-PRO,False
PRO15-PRO23,7.966,0.0,7.966,7.966,PRO-PRO,False
PRO15-PRO24,9.897999999999998,1.7763568394002505e-15,9.898,9.898,PRO-PRO,False
PRO15-PRO27,9.179,0.0,9.179,9.179,PRO-PRO,False
PRO15-PRO28,5.616,0.0,5.616,5.616,PRO-PRO,False
PRO15-PRO29,7.159,0.0,7.159,7.159,PRO-PRO,False
PRO15-PRO30,8.673,0.0,8.673,8.673,PRO-PRO,False
PRO15-PRO31,8.846000000000002,1.7763568394002505e-15,8.846,8.846,PRO-PRO,False
PRO15-PRO32,8.967,0.0,8.967,8.967,PRO-PRO,False
PRO15-PRO33,8.385999999999997,1.7763568394002505e-15,8.386,8.386,PRO-PRO,False
PRO15-PRO34,9.732,0.0,9.732,9.732,PRO-PRO,False
PRO15-PRO35,7.929000000000001,8.881784197001252e-16,7.929,7.929,PRO-PRO,False
PRO15-PRO40,9.403,0.0,9.403,9.403,PRO-PRO,False
PRO15-PRO55,9.806,0.0,9.806,9.806,PRO-PRO,False
PRO15-PRO57,6.656999999999998,1.7763568394002505e-15,6.657,6.657,PRO-PRO,False
PRO15-PRO58,8.025,0.0,8.025,8.025,PRO-PRO,False
PRO15-PRO59,8.793999999999999,1.7763568394002505e-15,8.794,8.794,PRO-PRO,False
PRO15-PRO60,6.912,0.0,6.912,6.912,PRO-PRO,False
PRO15-PRO61,8.463,0.0,8.463,8.463,PRO-PRO,False
PRO15-PRO79,7.359000000000001,8.881784197001252e-16,7.359,7.359,PRO-PRO,False
PRO15-PRO81,4.691,0.0,4.691,4.691,PRO-PRO,False
PRO15-PRO82,6.668,0.0,6.668,6.668,PRO-PRO,False
PRO15-PRO83,4.512999999999999,8.881784197001252e-16,4.513,4.513,PRO-PRO,False
PRO15-PRO84,7.820999999999999,8.881784197001252e-16,7.821,7.821,PRO-PRO,False
PRO15-PRO85,8.022,0.0,8.022,8.022,PRO-PRO,False
PRO15-PRO86,6.951,0.0,6.951,6.951,PRO-PRO,False
PRO15-PRO89,7.546999999999999,8.881784197001252e-16,7.547,7.547,PRO-PRO,False
PRO15-PRO114,7.159999999999998,1.7763568394002505e-15,7.16,7.16,PRO-PRO,False
PRO15-PRO115,8.269,0.0,8.269,8.269,PRO-PRO,False
PRO15-PRO116,2.144,0.0,2.144,2.144,PRO-PRO,False
PRO15-PRO117,3.1900000000000004,4.440892098500626e-16,3.19,3.19,PRO-PRO,False
PRO15-PRO118,8.155,0.0,8.155,8.155,PRO-PRO,False
PRO15-PRO119,8.164,0.0,8.164,8.164,PRO-PRO,False
PRO15-PRO120,8.249,0.0,8.249,8.249,PRO-PRO,False
PRO15-PRO144,6.328000000000001,8.881784197001252e-16,6.328,6.328,PRO-PRO,False
PRO15-PRO145,6.849000000000002,1.7763568394002505e-15,6.849,6.849,PRO-PRO,False
PRO15-PRO146,4.174,0.0,4.174,4.174,PRO-PRO,False
PRO15-PRO147,7.015,0.0,7.015,7.015,PRO-PRO,False
PRO15-PRO148,9.781,0.0,9.781,9.781,PRO-PRO,False
PRO15-PRO152,6.605000000000002,1.7763568394002505e-15,6.605,6.605,PRO-PRO,False
PRO15-PRO156,7.415999999999999,1.7763568394002505e-15,7.416,7.416,PRO-PRO,False
PRO15-PRO1273,9.624,0.0,9.624,9.624,PRO-PRO,False
PRO15-PRO1276,5.555999999999999,8.881784197001252e-16,5.556,5.556,PRO-PRO,False
PRO15-PRO1277,8.248,0.0,8.248,8.248,PRO-PRO,False
PRO15-PRO1436,9.107,0.0,9.107,9.107,PRO-PRO,False
PRO15-GTP,1.7840000000000003,2.220446049250313e-16,1.784,1.784,PRO-GTP,False
PRO16-PRO17,1.346,0.0,1.346,1.346,PRO-PRO,False
PRO16-PRO18,3.317,0.0,3.317,3.317,PRO-PRO,False
PRO16-PRO19,2.703,0.0,2.703,2.703,PRO-PRO,False
PRO16-PRO20,1.7910000000000001,2.220446049250313e-16,1.791,1.791,PRO-PRO,False
PRO16-PRO21,4.273,0.0,4.273,4.273,PRO-PRO,False
PRO16-PRO22,5.932000000000001,8.881784197001252e-16,5.932,5.932,PRO-PRO,False
PRO16-PRO23,6.755000000000001,8.881784197001252e-16,6.755,6.755,PRO-PRO,False
PRO16-PRO24,7.869999999999999,8.881784197001252e-16,7.87,7.87,PRO-PRO,False
PRO16-PRO25,9.881,0.0,9.881,9.881,PRO-PRO,False
PRO16-PRO27,9.224000000000002,1.7763568394002505e-15,9.224,9.224,PRO-PRO,False
PRO16-PRO28,7.894999999999998,1.7763568394002505e-15,7.895,7.895,PRO-PRO,False
PRO16-PRO29,8.318,0.0,8.318,8.318,PRO-PRO,False
PRO16-PRO33,8.096000000000002,1.7763568394002505e-15,8.096,8.096,PRO-PRO,False
PRO16-PRO34,7.957999999999999,8.881784197001252e-16,7.958,7.958,PRO-PRO,False
PRO16-PRO35,5.156,0.0,5.156,5.156,PRO-PRO,False
PRO16-PRO36,8.731,0.0,8.731,8.731,PRO-PRO,False
PRO16-PRO37,8.096000000000002,1.7763568394002505e-15,8.096,8.096,PRO-PRO,False
PRO16-PRO38,7.546,0.0,7.546,7.546,PRO-PRO,False
PRO16-PRO39,9.812,0.0,9.812,9.812,PRO-PRO,False
PRO16-PRO40,6.289000000000001,8.881784197001252e-16,6.289,6.289,PRO-PRO,False
PRO16-PRO55,6.692,0.0,6.692,6.692,PRO-PRO,False
PRO16-PRO56,6.005000000000001,8.881784197001252e-16,6.005,6.005,PRO-PRO,False
PRO16-PRO57,3.1179999999999994,4.440892098500626e-16,3.118,3.118,PRO-PRO,False
PRO16-PRO58,3.1170000000000004,4.440892098500626e-16,3.117,3.117,PRO-PRO,False
PRO16-PRO59,4.09,0.0,4.09,4.09,PRO-PRO,False
PRO16-PRO60,2.602,0.0,2.602,2.602,PRO-PRO,False
PRO16-PRO61,4.808,0.0,4.808,4.808,PRO-PRO,False
PRO16-PRO62,8.571696428571428,0.005703757041438188,8.539,8.573,PRO-PRO,True
PRO16-PRO64,7.881,0.0,7.881,7.881,PRO-PRO,False
PRO16-PRO68,5.682928571428571,1.3369200726342036,3.99,8.942,PRO-PRO,True
PRO16-PRO71,8.771,0.0,8.771,8.771,PRO-PRO,False
PRO16-PRO72,9.129,0.0,9.129,9.129,PRO-PRO,False
PRO16-PRO78,8.937,0.0,8.937,8.937,PRO-PRO,False
PRO16-PRO79,5.211999999999999,8.881784197001252e-16,5.212,5.212,PRO-PRO,False
PRO16-PRO80,6.471000000000002,1.7763568394002505e-15,6.471,6.471,PRO-PRO,False
PRO16-PRO81,2.695,0.0,2.695,2.695,PRO-PRO,False
PRO16-PRO82,6.133000000000001,8.881784197001252e-16,6.133,6.133,PRO-PRO,False
PRO16-PRO83,6.299999999999999,8.881784197001252e-16,6.3,6.3,PRO-PRO,False
PRO16-PRO84,9.893,0.0,9.893,9.893,PRO-PRO,False
PRO16-PRO86,7.105000000000002,1.7763568394002505e-15,7.105,7.105,PRO-PRO,False
PRO16-PRO88,7.784999999999998,1.7763568394002505e-15,7.785,7.785,PRO-PRO,False
PRO16-PRO89,6.278,0.0,6.278,6.278,PRO-PRO,False
PRO16-PRO92,7.86,0.0,7.86,7.86,PRO-PRO,False
PRO16-PRO93,7.380000000000001,8.881784197001252e-16,7.38,7.38,PRO-PRO,False
PRO16-PRO96,4.872482142857144,0.19555598313082959,4.496,5.648,PRO-PRO,True
PRO16-PRO112,9.64,0.0,9.64,9.64,PRO-PRO,False
PRO16-PRO113,9.473,0.0,9.473,9.473,PRO-PRO,False
PRO16-PRO114,6.356000000000001,8.881784197001252e-16,6.356,6.356,PRO-PRO,False
PRO16-PRO115,9.06,0.0,9.06,9.06,PRO-PRO,False
PRO16-PRO116,4.601999999999999,8.881784197001252e-16,4.602,4.602,PRO-PRO,False
PRO16-PRO117,6.03,0.0,6.03,6.03,PRO-PRO,False
PRO16-PRO144,7.232999999999999,8.881784197001252e-16,7.233,7.233,PRO-PRO,False
PRO16-PRO145,9.296000000000001,1.7763568394002505e-15,9.296,9.296,PRO-PRO,False
PRO16-PRO146,6.299999999999999,8.881784197001252e-16,6.3,6.3,PRO-PRO,False
PRO16-PRO147,9.559,0.0,9.559,9.559,PRO-PRO,False
PRO16-PRO152,6.991999999999999,8.881784197001252e-16,6.992,6.992,PRO-PRO,False
PRO16-PRO155,8.97,0.0,8.97,8.97,PRO-PRO,False
PRO16-PRO156,5.186,0.0,5.186,5.186,PRO-PRO,False
PRO16-PRO1275,9.729,0.0,9.729,9.729,PRO-PRO,False
PRO16-PRO1276,5.457999999999999,8.881784197001252e-16,5.458,5.458,PRO-PRO,False
PRO16-PRO1277,7.680999999999999,8.881784197001252e-16,7.681,7.681,PRO-PRO,False
PRO16-PRO1278,9.149,0.0,9.149,9.149,PRO-PRO,False
PRO16-PRO1390,8.364000000000003,1.7763568394002505e-15,8.364,8.364,PRO-PRO,False
PRO16-PRO1436,7.441000000000001,8.881784197001252e-16,7.441,7.441,PRO-PRO,False
PRO16-GTP,1.6820000000000002,2.220446049250313e-16,1.682,1.682,PRO-GTP,False
PRO17-PRO18,1.349,0.0,1.349,1.349,PRO-PRO,False
PRO17-PRO19,3.3210000000000006,4.440892098500626e-16,3.321,3.321,PRO-PRO,False
PRO17-PRO20,2.6269999999999993,4.440892098500626e-16,2.627,2.627,PRO-PRO,False
PRO17-PRO21,1.8949999999999998,2.220446049250313e-16,1.895,1.895,PRO-PRO,False
PRO17-PRO22,4.009999999999999,8.881784197001252e-16,4.01,4.01,PRO-PRO,False
PRO17-PRO23,6.026000000000001,8.881784197001252e-16,6.026,6.026,PRO-PRO,False
PRO17-PRO24,6.534999999999998,1.7763568394002505e-15,6.535,6.535,PRO-PRO,False
PRO17-PRO25,7.451999999999999,8.881784197001252e-16,7.452,7.452,PRO-PRO,False
PRO17-PRO26,8.738,0.0,8.738,8.738,PRO-PRO,False
PRO17-PRO27,6.408,0.0,6.408,6.408,PRO-PRO,False
PRO17-PRO28,6.622999999999999,8.881784197001252e-16,6.623,6.623,PRO-PRO,False
PRO17-PRO29,5.456000000000001,8.881784197001252e-16,5.456,5.456,PRO-PRO,False
PRO17-PRO30,8.87,0.0,8.87,8.87,PRO-PRO,False
PRO17-PRO31,7.1259999999999994,8.881784197001252e-16,7.126,7.126,PRO-PRO,False
PRO17-PRO32,7.584000000000001,1.7763568394002505e-15,7.584,7.584,PRO-PRO,False
PRO17-PRO33,4.594,0.0,4.594,4.594,PRO-PRO,False
PRO17-PRO34,6.427,0.0,6.427,6.427,PRO-PRO,False
PRO17-PRO35,2.753,0.0,2.753,2.753,PRO-PRO,False
PRO17-PRO36,6.997999999999999,8.881784197001252e-16,6.998,6.998,PRO-PRO,False
PRO17-PRO37,6.894999999999998,1.7763568394002505e-15,6.895,6.895,PRO-PRO,False
PRO17-PRO38,4.194,0.0,4.194,4.194,PRO-PRO,False
PRO17-PRO39,8.001,0.0,8.001,8.001,PRO-PRO,False
PRO17-PRO40,4.284,0.0,4.284,4.284,PRO-PRO,False
PRO17-PRO55,7.034999999999998,1.7763568394002505e-15,7.035,7.035,PRO-PRO,False
PRO17-PRO56,7.165,0.0,7.165,7.165,PRO-PRO,False
PRO17-PRO57,1.49,0.0,1.49,1.49,PRO-PRO,False
PRO17-PRO58,4.902,0.0,4.902,4.902,PRO-PRO,False
PRO17-PRO59,6.502000000000001,8.881784197001252e-16,6.502,6.502,PRO-PRO,False
PRO17-PRO60,6.924,0.0,6.924,6.924,PRO-PRO,False
PRO17-PRO61,8.388,0.0,8.388,8.388,PRO-PRO,False
PRO17-PRO79,7.875,0.0,7.875,7.875,PRO-PRO,False
PRO17-PRO81,6.883000000000001,8.881784197001252e-16,6.883,6.883,PRO-PRO,False
PRO17-PRO83,9.207000000000003,1.7763568394002505e-15,9.207,9.207,PRO-PRO,False
PRO17-PRO114,9.488,0.0,9.488,9.488,PRO-PRO,False
PRO17-PRO116,7.134999999999999,8.881784197001252e-16,7.135,7.135,PRO-PRO,False
PRO17-PRO117,7.957,0.0,7.957,7.957,PRO-PRO,False
PRO17-PRO144,9.726,0.0,9.726,9.726,PRO-PRO,False
PRO17-PRO146,6.183,0.0,6.183,6.183,PRO-PRO,False
PRO17-PRO147,9.655,0.0,9.655,9.655,PRO-PRO,False
PRO17-PRO152,7.515999999999999,8.881784197001252e-16,7.516,7.516,PRO-PRO,False
PRO17-PRO156,6.9129999999999985,1.7763568394002505e-15,6.913,6.913,PRO-PRO,False
PRO17-PRO1276,4.991,0.0,4.991,4.991,PRO-PRO,False
PRO17-PRO1390,9.63,0.0,9.63,9.63,PRO-PRO,False
PRO17-PRO1423,7.982999999999999,8.881784197001252e-16,7.983,7.983,PRO-PRO,False
PRO17-PRO1436,3.148,0.0,3.148,3.148,PRO-PRO,False
PRO17-PRO1437,9.048,0.0,9.048,9.048,PRO-PRO,False
PRO17-GTP,2.089,0.0,2.089,2.089,PRO-GTP,False
PRO18-PRO19,1.3450000000000002,2.220446049250313e-16,1.345,1.345,PRO-PRO,False
PRO18-PRO20,3.259,0.0,3.259,3.259,PRO-PRO,False
PRO18-PRO21,2.1490000000000005,4.440892098500626e-16,2.149,2.149,PRO-PRO,False
PRO18-PRO22,2.032,0.0,2.032,2.032,PRO-PRO,False
PRO18-PRO23,4.45,0.0,4.45,4.45,PRO-PRO,False
PRO18-PRO24,6.256999999999999,8.881784197001252e-16,6.257,6.257,PRO-PRO,False
PRO18-PRO25,6.887,0.0,6.887,6.887,PRO-PRO,False
PRO18-PRO26,7.079,0.0,7.079,7.079,PRO-PRO,False
PRO18-PRO27,4.441,0.0,4.441,4.441,PRO-PRO,False
PRO18-PRO28,2.73,0.0,2.73,2.73,PRO-PRO,False
PRO18-PRO29,3.3930000000000002,4.440892098500626e-16,3.393,3.393,PRO-PRO,False
PRO18-PRO30,6.015999999999999,8.881784197001252e-16,6.016,6.016,PRO-PRO,False
PRO18-PRO31,6.5870000000000015,1.7763568394002505e-15,6.587,6.587,PRO-PRO,False
PRO18-PRO32,7.846000000000002,1.7763568394002505e-15,7.846,7.846,PRO-PRO,False
PRO18-PRO33,6.542000000000001,8.881784197001252e-16,6.542,6.542,PRO-PRO,False
PRO18-PRO34,9.466,0.0,9.466,9.466,PRO-PRO,False
PRO18-PRO35,6.581000000000001,8.881784197001252e-16,6.581,6.581,PRO-PRO,False
PRO18-PRO38,8.059,0.0,8.059,8.059,PRO-PRO,False
PRO18-PRO40,6.6629999999999985,1.7763568394002505e-15,6.663,6.663,PRO-PRO,False
PRO18-PRO55,9.173999999999998,1.7763568394002505e-15,9.174,9.174,PRO-PRO,False
PRO18-PRO57,5.677,0.0,5.677,5.677,PRO-PRO,False
PRO18-PRO58,8.775999999999998,1.7763568394002505e-15,8.776,8.776,PRO-PRO,False
PRO18-PRO60,9.649,0.0,9.649,9.649,PRO-PRO,False
PRO18-PRO79,8.911,0.0,8.911,8.911,PRO-PRO,False
PRO18-PRO81,7.518999999999999,8.881784197001252e-16,7.519,7.519,PRO-PRO,False
PRO18-PRO83,8.534999999999998,1.7763568394002505e-15,8.535,8.535,PRO-PRO,False
PRO18-PRO114,9.156,0.0,9.156,9.156,PRO-PRO,False
PRO18-PRO116,4.128,0.0,4.128,4.128,PRO-PRO,False
PRO18-PRO117,5.357,0.0,5.357,5.357,PRO-PRO,False
PRO18-PRO118,9.789,0.0,9.789,9.789,PRO-PRO,False
PRO18-PRO119,8.746,0.0,8.746,8.746,PRO-PRO,False
PRO18-PRO120,9.881,0.0,9.881,9.881,PRO-PRO,False
PRO18-PRO144,7.6610000000000005,8.881784197001252e-16,7.661,7.661,PRO-PRO,False
PRO18-PRO145,7.027,0.0,7.027,7.027,PRO-PRO,False
PRO18-PRO146,2.8479999999999994,4.440892098500626e-16,2.848,2.848,PRO-PRO,False
PRO18-PRO147,5.438000000000001,8.881784197001252e-16,5.438,5.438,PRO-PRO,False
PRO18-PRO148,8.242000000000003,1.7763568394002505e-15,8.242,8.242,PRO-PRO,False
PRO18-PRO149,7.680999999999999,8.881784197001252e-16,7.681,7.681,PRO-PRO,False
PRO18-PRO150,8.899,0.0,8.899,8.899,PRO-PRO,False
PRO18-PRO152,5.038000000000001,8.881784197001252e-16,5.038,5.038,PRO-PRO,False
PRO18-PRO153,9.525,0.0,9.525,9.525,PRO-PRO,False
PRO18-PRO156,6.509,0.0,6.509,6.509,PRO-PRO,False
PRO18-PRO1276,6.152,0.0,6.152,6.152,PRO-PRO,False
PRO18-PRO1436,5.8149999999999995,8.881784197001252e-16,5.815,5.815,PRO-PRO,False
PRO18-GTP,1.9339999999999997,2.220446049250313e-16,1.934,1.934,PRO-GTP,False
PRO19-PRO20,1.3469999999999998,2.220446049250313e-16,1.347,1.347,PRO-PRO,False
PRO19-PRO21,3.3739999999999997,4.440892098500626e-16,3.374,3.374,PRO-PRO,False
PRO19-PRO22,2.565,0.0,2.565,2.565,PRO-PRO,False
PRO19-PRO23,2.206,0.0,2.206,2.206,PRO-PRO,False
PRO19-PRO24,4.542000000000001,8.881784197001252e-16,4.542,4.542,PRO-PRO,False
PRO19-PRO25,6.521999999999999,8.881784197001252e-16,6.522,6.522,PRO-PRO,False
PRO19-PRO26,6.723,0.0,6.723,6.723,PRO-PRO,False
PRO19-PRO27,6.670000000000001,8.881784197001252e-16,6.67,6.67,PRO-PRO,False
PRO19-PRO28,5.336999999999999,8.881784197001252e-16,5.337,5.337,PRO-PRO,False
PRO19-PRO29,6.203000000000001,8.881784197001252e-16,6.203,6.203,PRO-PRO,False
PRO19-PRO30,9.456000000000001,1.7763568394002505e-15,9.456,9.456,PRO-PRO,False
PRO19-PRO33,9.339,0.0,9.339,9.339,PRO-PRO,False
PRO19-PRO35,8.993,0.0,8.993,8.993,PRO-PRO,False
PRO19-PRO38,9.927000000000001,1.7763568394002505e-15,9.927,9.927,PRO-PRO,False
PRO19-PRO40,7.518999999999999,8.881784197001252e-16,7.519,7.519,PRO-PRO,False
PRO19-PRO55,5.438000000000001,8.881784197001252e-16,5.438,5.438,PRO-PRO,False
PRO19-PRO56,8.016999999999998,1.7763568394002505e-15,8.017,8.017,PRO-PRO,False
PRO19-PRO57,6.639000000000001,8.881784197001252e-16,6.639,6.639,PRO-PRO,False
PRO19-PRO58,9.246,0.0,9.246,9.246,PRO-PRO,False
PRO19-PRO78,9.207000000000003,1.7763568394002505e-15,9.207,9.207,PRO-PRO,False
PRO19-PRO79,2.379,0.0,2.379,2.379,PRO-PRO,False
PRO19-PRO80,7.509,0.0,7.509,7.509,PRO-PRO,False
PRO19-PRO81,3.267,0.0,3.267,3.267,PRO-PRO,False
PRO19-PRO82,6.5360000000000005,8.881784197001252e-16,6.536,6.536,PRO-PRO,False
PRO19-PRO83,7.653,0.0,7.653,7.653,PRO-PRO,False
PRO19-PRO84,9.034,0.0,9.034,9.034,PRO-PRO,False
PRO19-PRO93,9.641999999999998,1.7763568394002505e-15,9.642,9.642,PRO-PRO,False
PRO19-PRO112,7.578000000000001,8.881784197001252e-16,7.578,7.578,PRO-PRO,False
PRO19-PRO113,8.078000000000001,1.7763568394002505e-15,8.078,8.078,PRO-PRO,False
PRO19-PRO114,2.584,0.0,2.584,2.584,PRO-PRO,False
PRO19-PRO115,6.377000000000001,8.881784197001252e-16,6.377,6.377,PRO-PRO,False
PRO19-PRO116,2.974,0.0,2.974,2.974,PRO-PRO,False
PRO19-PRO117,5.311,0.0,5.311,5.311,PRO-PRO,False
PRO19-PRO118,7.066000000000001,8.881784197001252e-16,7.066,7.066,PRO-PRO,False
PRO19-PRO119,8.409,0.0,8.409,8.409,PRO-PRO,False
PRO19-PRO142,5.576999999999999,8.881784197001252e-16,5.577,5.577,PRO-PRO,False
PRO19-PRO143,6.795000000000001,8.881784197001252e-16,6.795,6.795,PRO-PRO,False
PRO19-PRO144,2.6170000000000004,4.440892098500626e-16,2.617,2.617,PRO-PRO,False
PRO19-PRO145,4.890999999999999,8.881784197001252e-16,4.891,4.891,PRO-PRO,False
PRO19-PRO146,2.438,0.0,2.438,2.438,PRO-PRO,False
PRO19-PRO147,6.261000000000001,8.881784197001252e-16,6.261,6.261,PRO-PRO,False
PRO19-PRO148,8.351,0.0,8.351,8.351,PRO-PRO,False
PRO19-PRO149,6.808,0.0,6.808,6.808,PRO-PRO,False
PRO19-PRO150,5.668,0.0,5.668,5.668,PRO-PRO,False
PRO19-PRO151,5.089999999999999,8.881784197001252e-16,5.09,5.09,PRO-PRO,False
PRO19-PRO152,2.241,0.0,2.241,2.241,PRO-PRO,False
PRO19-PRO153,6.048000000000001,8.881784197001252e-16,6.048,6.048,PRO-PRO,False
PRO19-PRO154,7.576999999999999,8.881784197001252e-16,7.577,7.577,PRO-PRO,False
PRO19-PRO155,3.8530000000000006,4.440892098500626e-16,3.853,3.853,PRO-PRO,False
PRO19-PRO156,2.3730000000000007,4.440892098500626e-16,2.373,2.373,PRO-PRO,False
PRO19-PRO159,7.459000000000001,1.7763568394002505e-15,7.459,7.459,PRO-PRO,False
PRO19-PRO1276,8.679,0.0,8.679,8.679,PRO-PRO,False
PRO19-PRO1436,8.125,0.0,8.125,8.125,PRO-PRO,False
PRO19-GTP,4.46,0.0,4.46,4.46,PRO-GTP,False
PRO20-PRO21,1.3510000000000002,2.220446049250313e-16,1.351,1.351,PRO-PRO,False
PRO20-PRO22,3.1059999999999994,4.440892098500626e-16,3.106,3.106,PRO-PRO,False
PRO20-PRO23,2.661,0.0,2.661,2.661,PRO-PRO,False
PRO20-PRO24,2.006,0.0,2.006,2.006,PRO-PRO,False
PRO20-PRO25,4.438,0.0,4.438,4.438,PRO-PRO,False
PRO20-PRO26,5.659,0.0,5.659,5.659,PRO-PRO,False
PRO20-PRO27,6.533,0.0,6.533,6.533,PRO-PRO,False
PRO20-PRO28,7.668,0.0,7.668,7.668,PRO-PRO,False
PRO20-PRO29,7.521999999999999,8.881784197001252e-16,7.522,7.522,PRO-PRO,False
PRO20-PRO33,8.583,0.0,8.583,8.583,PRO-PRO,False
PRO20-PRO35,6.8740000000000006,8.881784197001252e-16,6.874,6.874,PRO-PRO,False
PRO20-PRO37,8.695,0.0,8.695,8.695,PRO-PRO,False
PRO20-PRO38,5.25,0.0,5.25,5.25,PRO-PRO,False
PRO20-PRO39,5.4110000000000005,8.881784197001252e-16,5.411,5.411,PRO-PRO,False
PRO20-PRO40,2.6230000000000007,4.440892098500626e-16,2.623,2.623,PRO-PRO,False
PRO20-PRO55,2.35,0.0,2.35,2.35,PRO-PRO,False
PRO20-PRO56,4.710999999999999,8.881784197001252e-16,4.711,4.711,PRO-PRO,False
PRO20-PRO57,2.7220000000000004,4.440892098500626e-16,2.722,2.722,PRO-PRO,False
PRO20-PRO58,6.607,0.0,6.607,6.607,PRO-PRO,False
PRO20-PRO60,10.319,0.0,10.319,10.319,PRO-PRO,False
PRO20-PRO79,5.421999999999999,8.881784197001252e-16,5.422,5.422,PRO-PRO,False
PRO20-PRO81,5.916000000000001,8.881784197001252e-16,5.916,5.916,PRO-PRO,False
PRO20-PRO114,7.896,0.0,7.896,7.896,PRO-PRO,False
PRO20-PRO116,7.008000000000001,8.881784197001252e-16,7.008,7.008,PRO-PRO,False
PRO20-PRO117,9.604,0.0,9.604,9.604,PRO-PRO,False
PRO20-PRO144,8.268,0.0,8.268,8.268,PRO-PRO,False
PRO20-PRO145,8.83,0.0,8.83,8.83,PRO-PRO,False
PRO20-PRO146,5.482999999999999,8.881784197001252e-16,5.483,5.483,PRO-PRO,False
PRO20-PRO147,9.373,0.0,9.373,9.373,PRO-PRO,False
PRO20-PRO149,9.695000000000002,1.7763568394002505e-15,9.695,9.695,PRO-PRO,False
PRO20-PRO151,9.647999999999998,1.7763568394002505e-15,9.648,9.648,PRO-PRO,False
PRO20-PRO152,4.687,0.0,4.687,4.687,PRO-PRO,False
PRO20-PRO153,8.124,0.0,8.124,8.124,PRO-PRO,False
PRO20-PRO155,7.741,0.0,7.741,7.741,PRO-PRO,False
PRO20-PRO156,2.759,0.0,2.759,2.759,PRO-PRO,False
PRO20-PRO159,8.821,0.0,8.821,8.821,PRO-PRO,False
PRO20-PRO1423,9.242000000000003,1.7763568394002505e-15,9.242,9.242,PRO-PRO,False
PRO20-PRO1436,5.826,0.0,5.826,5.826,PRO-PRO,False
PRO20-PRO1437,9.159999999999998,1.7763568394002505e-15,9.16,9.16,PRO-PRO,False
PRO20-GTP,6.130000000000001,8.881784197001252e-16,6.13,6.13,PRO-GTP,False
PRO21-PRO22,1.353,0.0,1.353,1.353,PRO-PRO,False
PRO21-PRO23,3.295000000000001,8.881784197001252e-16,3.295,3.295,PRO-PRO,False
PRO21-PRO24,2.2130000000000005,4.440892098500626e-16,2.213,2.213,PRO-PRO,False
PRO21-PRO25,1.9179999999999997,2.220446049250313e-16,1.918,1.918,PRO-PRO,False
PRO21-PRO26,2.9430000000000005,4.440892098500626e-16,2.943,2.943,PRO-PRO,False
PRO21-PRO27,2.427,0.0,2.427,2.427,PRO-PRO,False
PRO21-PRO28,3.6849999999999996,4.440892098500626e-16,3.685,3.685,PRO-PRO,False
PRO21-PRO29,2.34,0.0,2.34,2.34,PRO-PRO,False
PRO21-PRO30,6.959000000000001,1.7763568394002505e-15,6.959,6.959,PRO-PRO,False
PRO21-PRO31,7.787,0.0,7.787,7.787,PRO-PRO,False
PRO21-PRO32,9.775999999999998,1.7763568394002505e-15,9.776,9.776,PRO-PRO,False
PRO21-PRO33,6.554000000000001,8.881784197001252e-16,6.554,6.554,PRO-PRO,False
PRO21-PRO35,7.683,0.0,7.683,7.683,PRO-PRO,False
PRO21-PRO38,5.618000000000001,8.881784197001252e-16,5.618,5.618,PRO-PRO,False
PRO21-PRO39,7.78,0.0,7.78,7.78,PRO-PRO,False
PRO21-PRO40,2.6669999999999994,4.440892098500626e-16,2.667,2.667,PRO-PRO,False
PRO21-PRO55,6.579999999999999,8.881784197001252e-16,6.58,6.58,PRO-PRO,False
PRO21-PRO56,9.171000000000001,1.7763568394002505e-15,9.171,9.171,PRO-PRO,False
PRO21-PRO57,5.941000000000001,8.881784197001252e-16,5.941,5.941,PRO-PRO,False
PRO21-PRO58,9.62,0.0,9.62,9.62,PRO-PRO,False
PRO21-PRO79,8.937,0.0,8.937,8.937,PRO-PRO,False
PRO21-PRO81,9.475,0.0,9.475,9.475,PRO-PRO,False
PRO21-PRO116,8.62,0.0,8.62,8.62,PRO-PRO,False
PRO21-PRO145,9.658,0.0,9.658,9.658,PRO-PRO,False
PRO21-PRO146,5.211999999999999,8.881784197001252e-16,5.212,5.212,PRO-PRO,False
PRO21-PRO147,8.619,0.0,8.619,8.619,PRO-PRO,False
PRO21-PRO149,8.543999999999999,1.7763568394002505e-15,8.544,8.544,PRO-PRO,False
PRO21-PRO152,5.665,0.0,5.665,5.665,PRO-PRO,False
PRO21-PRO153,9.588,0.0,9.588,9.588,PRO-PRO,False
PRO21-PRO156,5.688000000000001,8.881784197001252e-16,5.688,5.688,PRO-PRO,False
PRO21-PRO1276,9.757999999999997,1.7763568394002505e-15,9.758,9.758,PRO-PRO,False
PRO21-PRO1423,8.187,0.0,8.187,8.187,PRO-PRO,False
PRO21-PRO1435,6.643,0.0,6.643,6.643,PRO-PRO,False
PRO21-PRO1436,2.384,0.0,2.384,2.384,PRO-PRO,False
PRO21-PRO1437,5.729,0.0,5.729,5.729,PRO-PRO,False
PRO21-GTP,5.9990000000000006,8.881784197001252e-16,5.999,5.999,PRO-GTP,False
PRO22-PRO23,1.352,0.0,1.352,1.352,PRO-PRO,False
PRO22-PRO24,3.3990000000000005,4.440892098500626e-16,3.399,3.399,PRO-PRO,False
PRO22-PRO25,3.6200000000000006,4.440892098500626e-16,3.62,3.62,PRO-PRO,False
PRO22-PRO26,2.278,0.0,2.278,2.278,PRO-PRO,False
PRO22-PRO27,2.445,0.0,2.445,2.445,PRO-PRO,False
PRO22-PRO28,2.408,0.0,2.408,2.408,PRO-PRO,False
PRO22-PRO29,5.066,0.0,5.066,5.066,PRO-PRO,False
PRO22-PRO30,8.481,0.0,8.481,8.481,PRO-PRO,False
PRO22-PRO38,9.959000000000001,1.7763568394002505e-15,9.959,9.959,PRO-PRO,False
PRO22-PRO40,7.418999999999999,8.881784197001252e-16,7.419,7.419,PRO-PRO,False
PRO22-PRO55,7.905,0.0,7.905,7.905,PRO-PRO,False
PRO22-PRO57,8.525,0.0,8.525,8.525,PRO-PRO,False
PRO22-PRO79,8.72,0.0,8.72,8.72,PRO-PRO,False
PRO22-PRO81,9.653,0.0,9.653,9.653,PRO-PRO,False
PRO22-PRO114,9.059,0.0,9.059,9.059,PRO-PRO,False
PRO22-PRO116,7.453000000000001,8.881784197001252e-16,7.453,7.453,PRO-PRO,False
PRO22-PRO117,8.932,0.0,8.932,8.932,PRO-PRO,False
PRO22-PRO119,9.019,0.0,9.019,9.019,PRO-PRO,False
PRO22-PRO144,6.585999999999999,8.881784197001252e-16,6.586,6.586,PRO-PRO,False
PRO22-PRO145,4.158,0.0,4.158,4.158,PRO-PRO,False
PRO22-PRO146,2.08,0.0,2.08,2.08,PRO-PRO,False
PRO22-PRO147,4.198,0.0,4.198,4.198,PRO-PRO,False
PRO22-PRO148,5.533,0.0,5.533,5.533,PRO-PRO,False
PRO22-PRO149,2.661,0.0,2.661,2.661,PRO-PRO,False
PRO22-PRO150,4.947,0.0,4.947,4.947,PRO-PRO,False
PRO22-PRO151,7.200000000000001,8.881784197001252e-16,7.2,7.2,PRO-PRO,False
PRO22-PRO152,2.4729999999999994,4.440892098500626e-16,2.473,2.473,PRO-PRO,False
PRO22-PRO153,5.429000000000001,8.881784197001252e-16,5.429,5.429,PRO-PRO,False
PRO22-PRO154,8.168999999999999,1.7763568394002505e-15,8.169,8.169,PRO-PRO,False
PRO22-PRO155,8.368,0.0,8.368,8.368,PRO-PRO,False
PRO22-PRO156,5.333999999999999,8.881784197001252e-16,5.334,5.334,PRO-PRO,False
PRO22-PRO1436,6.920000000000001,8.881784197001252e-16,6.92,6.92,PRO-PRO,False
PRO22-GTP,6.920000000000001,8.881784197001252e-16,6.92,6.92,PRO-GTP,False
PRO23-PRO24,1.3499999999999999,2.220446049250313e-16,1.35,1.35,PRO-PRO,False
PRO23-PRO25,3.3329999999999993,8.881784197001252e-16,3.333,3.333,PRO-PRO,False
PRO23-PRO26,3.4750000000000005,4.440892098500626e-16,3.475,3.475,PRO-PRO,False
PRO23-PRO27,5.222,0.0,5.222,5.222,PRO-PRO,False
PRO23-PRO28,7.272999999999998,1.7763568394002505e-15,7.273,7.273,PRO-PRO,False
PRO23-PRO29,8.236000000000002,1.7763568394002505e-15,8.236,8.236,PRO-PRO,False
PRO23-PRO39,9.755,0.0,9.755,9.755,PRO-PRO,False
PRO23-PRO40,5.740000000000001,8.881784197001252e-16,5.74,5.74,PRO-PRO,False
PRO23-PRO55,2.5820000000000003,4.440892098500626e-16,2.582,2.582,PRO-PRO,False
PRO23-PRO56,8.708,0.0,8.708,8.708,PRO-PRO,False
PRO23-PRO57,8.293999999999999,1.7763568394002505e-15,8.294,8.294,PRO-PRO,False
PRO23-PRO79,6.366,0.0,6.366,6.366,PRO-PRO,False
PRO23-PRO81,9.565,0.0,9.565,9.565,PRO-PRO,False
PRO23-PRO114,8.729,0.0,8.729,8.729,PRO-PRO,False
PRO23-PRO116,9.473,0.0,9.473,9.473,PRO-PRO,False
PRO23-PRO142,9.458,0.0,9.458,9.458,PRO-PRO,False
PRO23-PRO144,7.9399999999999995,8.881784197001252e-16,7.94,7.94,PRO-PRO,False
PRO23-PRO145,8.309,0.0,8.309,8.309,PRO-PRO,False
PRO23-PRO146,6.208999999999999,8.881784197001252e-16,6.209,6.209,PRO-PRO,False
PRO23-PRO147,9.222,0.0,9.222,9.222,PRO-PRO,False
PRO23-PRO149,7.445,0.0,7.445,7.445,PRO-PRO,False
PRO23-PRO150,8.701,0.0,8.701,8.701,PRO-PRO,False
PRO23-PRO151,6.753,0.0,6.753,6.753,PRO-PRO,False
PRO23-PRO152,2.2680000000000002,4.440892098500626e-16,2.268,2.268,PRO-PRO,False
PRO23-PRO153,2.411,0.0,2.411,2.411,PRO-PRO,False
PRO23-PRO154,5.639000000000001,8.881784197001252e-16,5.639,5.639,PRO-PRO,False
PRO23-PRO155,6.265,0.0,6.265,6.265,PRO-PRO,False
PRO23-PRO156,2.493,0.0,2.493,2.493,PRO-PRO,False
PRO23-PRO159,7.8389999999999995,8.881784197001252e-16,7.839,7.839,PRO-PRO,False
PRO23-PRO1436,8.859,0.0,8.859,8.859,PRO-PRO,False
PRO23-GTP,9.87,0.0,9.87,9.87,PRO-GTP,False
PRO24-PRO25,1.346,0.0,1.346,1.346,PRO-PRO,False
PRO24-PRO26,3.387999999999999,8.881784197001252e-16,3.388,3.388,PRO-PRO,False
PRO24-PRO27,5.461999999999999,8.881784197001252e-16,5.462,5.462,PRO-PRO,False
PRO24-PRO28,8.61,0.0,8.61,8.61,PRO-PRO,False
PRO24-PRO29,8.028999999999998,1.7763568394002505e-15,8.029,8.029,PRO-PRO,False
PRO24-PRO38,6.924999999999999,8.881784197001252e-16,6.925,6.925,PRO-PRO,False
PRO24-PRO39,6.244,0.0,6.244,6.244,PRO-PRO,False
PRO24-PRO40,2.47,0.0,2.47,2.47,PRO-PRO,False
PRO24-PRO55,2.289,0.0,2.289,2.289,PRO-PRO,False
PRO24-PRO56,6.921,0.0,6.921,6.921,PRO-PRO,False
PRO24-PRO57,6.860999999999999,8.881784197001252e-16,6.861,6.861,PRO-PRO,False
PRO24-PRO79,8.641,0.0,8.641,8.641,PRO-PRO,False
PRO24-PRO146,8.56,0.0,8.56,8.56,PRO-PRO,False
PRO24-PRO152,5.4799999999999995,8.881784197001252e-16,5.48,5.48,PRO-PRO,False
PRO24-PRO153,7.707999999999999,8.881784197001252e-16,7.708,7.708,PRO-PRO,False
PRO24-PRO156,5.412,0.0,5.412,5.412,PRO-PRO,False
PRO24-PRO1435,9.784999999999998,1.7763568394002505e-15,9.785,9.785,PRO-PRO,False
PRO24-PRO1436,6.177,0.0,6.177,6.177,PRO-PRO,False
PRO24-PRO1437,6.845,0.0,6.845,6.845,PRO-PRO,False
PRO25-PRO26,1.3499999999999999,2.220446049250313e-16,1.35,1.35,PRO-PRO,False
PRO25-PRO27,2.429,0.0,2.429,2.429,PRO-PRO,False
PRO25-PRO28,5.884,0.0,5.884,5.884,PRO-PRO,False
PRO25-PRO29,5.607999999999999,8.881784197001252e-16,5.608,5.608,PRO-PRO,False
PRO25-PRO30,9.715000000000002,1.7763568394002505e-15,9.715,9.715,PRO-PRO,False
PRO25-PRO33,10.109,0.0,10.109,10.109,PRO-PRO,False
PRO25-PRO38,9.185,0.0,9.185,9.185,PRO-PRO,False
PRO25-PRO39,9.477000000000002,1.7763568394002505e-15,9.477,9.477,PRO-PRO,False
PRO25-PRO40,4.799,0.0,4.799,4.799,PRO-PRO,False
PRO25-PRO55,7.683999999999999,8.881784197001252e-16,7.684,7.684,PRO-PRO,False
PRO25-PRO146,8.983000000000002,1.7763568394002505e-15,8.983,8.983,PRO-PRO,False
PRO25-PRO149,7.640999999999999,8.881784197001252e-16,7.641,7.641,PRO-PRO,False
PRO25-PRO152,7.0379999999999985,1.7763568394002505e-15,7.038,7.038,PRO-PRO,False
PRO25-PRO153,9.257999999999997,1.7763568394002505e-15,9.258,9.258,PRO-PRO,False
PRO25-PRO156,8.159,0.0,8.159,8.159,PRO-PRO,False
PRO25-PRO1434,9.234,0.0,9.234,9.234,PRO-PRO,False
PRO25-PRO1435,5.081,0.0,5.081,5.081,PRO-PRO,False
PRO25-PRO1436,3.3410000000000006,4.440892098500626e-16,3.341,3.341,PRO-PRO,False
PRO25-PRO1437,5.491,0.0,5.491,5.491,PRO-PRO,False
PRO26-PRO27,1.346,0.0,1.346,1.346,PRO-PRO,False
PRO26-PRO28,4.28,0.0,4.28,4.28,PRO-PRO,False
PRO26-PRO29,7.299999999999999,8.881784197001252e-16,7.3,7.3,PRO-PRO,False
PRO26-PRO40,9.251,0.0,9.251,9.251,PRO-PRO,False
PRO26-PRO55,8.900999999999998,1.7763568394002505e-15,8.901,8.901,PRO-PRO,False
PRO26-PRO145,9.056,0.0,9.056,9.056,PRO-PRO,False
PRO26-PRO146,7.102000000000002,1.7763568394002505e-15,7.102,7.102,PRO-PRO,False
PRO26-PRO147,8.53,0.0,8.53,8.53,PRO-PRO,False
PRO26-PRO148,9.371,0.0,9.371,9.371,PRO-PRO,False
PRO26-PRO149,4.317,0.0,4.317,4.317,PRO-PRO,False
PRO26-PRO150,8.843000000000002,1.7763568394002505e-15,8.843,8.843,PRO-PRO,False
PRO26-PRO151,9.708,0.0,9.708,9.708,PRO-PRO,False
PRO26-PRO152,6.207,0.0,6.207,6.207,PRO-PRO,False
PRO26-PRO153,5.777,0.0,5.777,5.777,PRO-PRO,False
PRO26-PRO154,9.506,0.0,9.506,9.506,PRO-PRO,False
PRO26-PRO156,8.487,0.0,8.487,8.487,PRO-PRO,False
PRO26-PRO1436,8.771,0.0,8.771,8.771,PRO-PRO,False
PRO27-PRO28,1.3439999999999999,2.220446049250313e-16,1.344,1.344,PRO-PRO,False
PRO27-PRO29,2.5979999999999994,4.440892098500626e-16,2.598,2.598,PRO-PRO,False
PRO27-PRO30,4.817,0.0,4.817,4.817,PRO-PRO,False
PRO27-PRO31,5.756999999999999,8.881784197001252e-16,5.757,5.757,PRO-PRO,False
PRO27-PRO32,9.586,0.0,9.586,9.586,PRO-PRO,False
PRO27-PRO33,8.482,0.0,8.482,8.482,PRO-PRO,False
PRO27-PRO40,8.414,0.0,8.414,8.414,PRO-PRO,False
PRO27-PRO145,9.193,0.0,9.193,9.193,PRO-PRO,False
PRO27-PRO146,5.539000000000001,8.881784197001252e-16,5.539,5.539,PRO-PRO,False
PRO27-PRO147,7.027,0.0,7.027,7.027,PRO-PRO,False
PRO27-PRO148,9.304999999999998,1.7763568394002505e-15,9.305,9.305,PRO-PRO,False
PRO27-PRO149,5.253,0.0,5.253,5.253,PRO-PRO,False
PRO27-PRO150,10.174999999999999,1.7763568394002505e-15,10.175,10.175,PRO-PRO,False
PRO27-PRO152,7.229,0.0,7.229,7.229,PRO-PRO,False
PRO27-PRO156,9.644999999999998,1.7763568394002505e-15,9.645,9.645,PRO-PRO,False
PRO27-PRO1433,9.985,0.0,9.985,9.985,PRO-PRO,False
PRO27-PRO1434,9.807,0.0,9.807,9.807,PRO-PRO,False
PRO27-PRO1435,5.2299999999999995,8.881784197001252e-16,5.23,5.23,PRO-PRO,False
PRO27-PRO1436,4.611,0.0,4.611,4.611,PRO-PRO,False
PRO27-PRO1437,8.497,0.0,8.497,8.497,PRO-PRO,False
PRO27-GTP,7.881999999999999,8.881784197001252e-16,7.882,7.882,PRO-GTP,False
PRO28-PRO29,1.3480000000000003,2.220446049250313e-16,1.348,1.348,PRO-PRO,False
PRO28-PRO30,2.8790000000000004,4.440892098500626e-16,2.879,2.879,PRO-PRO,False
PRO28-PRO31,5.389000000000001,8.881784197001252e-16,5.389,5.389,PRO-PRO,False
PRO28-PRO32,9.098,0.0,9.098,9.098,PRO-PRO,False
PRO28-PRO33,9.129,0.0,9.129,9.129,PRO-PRO,False
PRO28-PRO81,9.994,0.0,9.994,9.994,PRO-PRO,False
PRO28-PRO83,9.769,0.0,9.769,9.769,PRO-PRO,False
PRO28-PRO85,9.238,0.0,9.238,9.238,PRO-PRO,False
PRO28-PRO116,4.997,0.0,4.997,4.997,PRO-PRO,False
PRO28-PRO117,5.612000000000001,8.881784197001252e-16,5.612,5.612,PRO-PRO,False
PRO28-PRO118,8.752,0.0,8.752,8.752,PRO-PRO,False
PRO28-PRO119,6.183,0.0,6.183,6.183,PRO-PRO,False
PRO28-PRO120,6.877000000000001,8.881784197001252e-16,6.877,6.877,PRO-PRO,False
PRO28-PRO144,8.213,0.0,8.213,8.213,PRO-PRO,False
PRO28-PRO145,5.886000000000001,8.881784197001252e-16,5.886,5.886,PRO-PRO,False
PRO28-PRO146,2.3910000000000005,4.440892098500626e-16,2.391,2.391,PRO-PRO,False
PRO28-PRO147,2.631,0.0,2.631,2.631,PRO-PRO,False
PRO28-PRO148,5.825000000000001,8.881784197001252e-16,5.825,5.825,PRO-PRO,False
PRO28-PRO149,4.3,0.0,4.3,4.3,PRO-PRO,False
PRO28-PRO150,7.609000000000001,8.881784197001252e-16,7.609,7.609,PRO-PRO,False
PRO28-PRO152,6.115000000000001,8.881784197001252e-16,6.115,6.115,PRO-PRO,False
PRO28-PRO156,10.025999999999998,1.7763568394002505e-15,10.026,10.026,PRO-PRO,False
PRO28-PRO1273,8.757,0.0,8.757,8.757,PRO-PRO,False
PRO28-PRO1276,8.741,0.0,8.741,8.741,PRO-PRO,False
PRO28-PRO1435,8.915,0.0,8.915,8.915,PRO-PRO,False
PRO28-PRO1436,7.783,0.0,7.783,7.783,PRO-PRO,False
PRO28-GTP,2.7660000000000005,4.440892098500626e-16,2.766,2.766,PRO-GTP,False
PRO29-PRO30,1.3439999999999999,2.220446049250313e-16,1.344,1.344,PRO-PRO,False
PRO29-PRO31,2.5689999999999995,4.440892098500626e-16,2.569,2.569,PRO-PRO,False
PRO29-PRO32,4.642,0.0,4.642,4.642,PRO-PRO,False
PRO29-PRO33,3.4810000000000008,8.881784197001252e-16,3.481,3.481,PRO-PRO,False
PRO29-PRO34,7.823,0.0,7.823,7.823,PRO-PRO,False
PRO29-PRO35,7.89,0.0,7.89,7.89,PRO-PRO,False
PRO29-PRO38,7.777,0.0,7.777,7.777,PRO-PRO,False
PRO29-PRO40,6.582,0.0,6.582,6.582,PRO-PRO,False
PRO29-PRO57,8.715000000000002,1.7763568394002505e-15,8.715,8.715,PRO-PRO,False
PRO29-PRO116,8.93,0.0,8.93,8.93,PRO-PRO,False
PRO29-PRO117,7.9129999999999985,1.7763568394002505e-15,7.913,7.913,PRO-PRO,False
PRO29-PRO145,9.575000000000001,1.7763568394002505e-15,9.575,9.575,PRO-PRO,False
PRO29-PRO146,5.222,0.0,5.222,5.222,PRO-PRO,False
PRO29-PRO147,6.621000000000001,8.881784197001252e-16,6.621,6.621,PRO-PRO,False
PRO29-PRO148,9.668999999999999,1.7763568394002505e-15,9.669,9.669,PRO-PRO,False
PRO29-PRO149,8.417,0.0,8.417,8.417,PRO-PRO,False
PRO29-PRO152,8.818,0.0,8.818,8.818,PRO-PRO,False
PRO29-PRO1272,9.028999999999998,1.7763568394002505e-15,9.029,9.029,PRO-PRO,False
PRO29-PRO1273,8.956000000000001,1.7763568394002505e-15,8.956,8.956,PRO-PRO,False
PRO29-PRO1276,6.602000000000002,1.7763568394002505e-15,6.602,6.602,PRO-PRO,False
PRO29-PRO1430,7.977000000000002,1.7763568394002505e-15,7.977,7.977,PRO-PRO,False
PRO29-PRO1432,7.9990000000000006,8.881784197001252e-16,7.999,7.999,PRO-PRO,False
PRO29-PRO1433,8.983000000000002,1.7763568394002505e-15,8.983,8.983,PRO-PRO,False
PRO29-PRO1434,8.921999999999999,1.7763568394002505e-15,8.922,8.922,PRO-PRO,False
PRO29-PRO1435,5.518999999999999,8.881784197001252e-16,5.519,5.519,PRO-PRO,False
PRO29-PRO1436,2.8990000000000005,4.440892098500626e-16,2.899,2.899,PRO-PRO,False
PRO29-PRO1437,8.219,0.0,8.219,8.219,PRO-PRO,False
PRO29-GTP,1.8900000000000001,2.220446049250313e-16,1.89,1.89,PRO-GTP,False
PRO30-PRO31,1.3420000000000003,2.220446049250313e-16,1.342,1.342,PRO-PRO,False
PRO30-PRO32,4.005,0.0,4.005,4.005,PRO-PRO,False
PRO30-PRO33,6.03,0.0,6.03,6.03,PRO-PRO,False
PRO30-PRO34,8.855000000000002,1.7763568394002505e-15,8.855,8.855,PRO-PRO,False
PRO30-PRO116,9.917999999999997,1.7763568394002505e-15,9.918,9.918,PRO-PRO,False
PRO30-PRO117,7.740000000000001,8.881784197001252e-16,7.74,7.74,PRO-PRO,False
PRO30-PRO119,9.765,0.0,9.765,9.765,PRO-PRO,False
PRO30-PRO120,9.763,0.0,9.763,9.763,PRO-PRO,False
PRO30-PRO146,7.826999999999999,8.881784197001252e-16,7.827,7.827,PRO-PRO,False
PRO30-PRO147,5.210999999999999,8.881784197001252e-16,5.211,5.211,PRO-PRO,False
PRO30-PRO1270,7.706000000000001,8.881784197001252e-16,7.706,7.706,PRO-PRO,False
PRO30-PRO1272,6.598,0.0,6.598,6.598,PRO-PRO,False
PRO30-PRO1273,6.241999999999999,8.881784197001252e-16,6.242,6.242,PRO-PRO,False
PRO30-PRO1276,5.856000000000001,8.881784197001252e-16,5.856,5.856,PRO-PRO,False
PRO30-PRO1430,8.984,0.0,8.984,8.984,PRO-PRO,False
PRO30-PRO1432,9.194,0.0,9.194,9.194,PRO-PRO,False
PRO30-PRO1435,8.156,0.0,8.156,8.156,PRO-PRO,False
PRO30-PRO1436,8.443,0.0,8.443,8.443,PRO-PRO,False
PRO30-GTP,2.0979999999999994,4.440892098500626e-16,2.098,2.098,PRO-GTP,False
PRO31-PRO32,1.352,0.0,1.352,1.352,PRO-PRO,False
PRO31-PRO33,3.0770000000000004,4.440892098500626e-16,3.077,3.077,PRO-PRO,False
PRO31-PRO34,6.014000000000001,8.881784197001252e-16,6.014,6.014,PRO-PRO,False
PRO31-PRO35,8.452,0.0,8.452,8.452,PRO-PRO,False
PRO31-PRO117,9.214,0.0,9.214,9.214,PRO-PRO,False
PRO31-PRO147,8.714,0.0,8.714,8.714,PRO-PRO,False
PRO31-PRO1270,7.869,0.0,7.869,7.869,PRO-PRO,False
PRO31-PRO1272,5.393999999999999,8.881784197001252e-16,5.394,5.394,PRO-PRO,False
PRO31-PRO1273,6.846000000000002,1.7763568394002505e-15,6.846,6.846,PRO-PRO,False
PRO31-PRO1276,4.623,0.0,4.623,4.623,PRO-PRO,False
PRO31-PRO1379,9.943,0.0,9.943,9.943,PRO-PRO,False
PRO31-PRO1427,9.681,0.0,9.681,9.681,PRO-PRO,False
PRO31-PRO1430,5.4350000000000005,8.881784197001252e-16,5.435,5.435,PRO-PRO,False
PRO31-PRO1431,7.746000000000001,8.881784197001252e-16,7.746,7.746,PRO-PRO,False
PRO31-PRO1432,4.651000000000001,8.881784197001252e-16,4.651,4.651,PRO-PRO,False
PRO31-PRO1433,6.860999999999999,8.881784197001252e-16,6.861,6.861,PRO-PRO,False
PRO31-PRO1434,9.308000000000002,1.7763568394002505e-15,9.308,9.308,PRO-PRO,False
PRO31-PRO1435,5.591,0.0,5.591,5.591,PRO-PRO,False
PRO31-PRO1436,7.268,0.0,7.268,7.268,PRO-PRO,False
PRO31-GTP,4.198,0.0,4.198,4.198,PRO-GTP,False
PRO32-PRO33,1.352,0.0,1.352,1.352,PRO-PRO,False
PRO32-PRO34,2.8359999999999994,4.440892098500626e-16,2.836,2.836,PRO-PRO,False
PRO32-PRO35,5.5009999999999994,8.881784197001252e-16,5.501,5.501,PRO-PRO,False
PRO32-PRO36,8.242000000000003,1.7763568394002505e-15,8.242,8.242,PRO-PRO,False
PRO32-PRO38,9.662999999999998,1.7763568394002505e-15,9.663,9.663,PRO-PRO,False
PRO32-PRO59,8.449,0.0,8.449,8.449,PRO-PRO,False
PRO32-PRO61,4.72,0.0,4.72,4.72,PRO-PRO,False
PRO32-PRO64,8.71,0.0,8.71,8.71,PRO-PRO,False
PRO32-PRO117,8.774,0.0,8.774,8.774,PRO-PRO,False
PRO32-PRO1270,6.768,0.0,6.768,6.768,PRO-PRO,False
PRO32-PRO1271,5.239,0.0,5.239,5.239,PRO-PRO,False
PRO32-PRO1272,2.6359999999999997,4.440892098500626e-16,2.636,2.636,PRO-PRO,False
PRO32-PRO1273,5.049,0.0,5.049,5.049,PRO-PRO,False
PRO32-PRO1274,6.051000000000001,8.881784197001252e-16,6.051,6.051,PRO-PRO,False
PRO32-PRO1275,4.067,0.0,4.067,4.067,PRO-PRO,False
PRO32-PRO1276,2.3559999999999994,4.440892098500626e-16,2.356,2.356,PRO-PRO,False
PRO32-PRO1277,6.959000000000001,1.7763568394002505e-15,6.959,6.959,PRO-PRO,False
PRO32-PRO1282,9.062,0.0,9.062,9.062,PRO-PRO,False
PRO32-PRO1285,7.778999999999998,1.7763568394002505e-15,7.779,7.779,PRO-PRO,False
PRO32-PRO1289,9.644,0.0,9.644,9.644,PRO-PRO,False
PRO32-PRO1368,8.977000000000002,1.7763568394002505e-15,8.977,8.977,PRO-PRO,False
PRO32-PRO1379,7.540999999999999,1.7763568394002505e-15,7.541,7.541,PRO-PRO,False
PRO32-PRO1382,5.183,0.0,5.183,5.183,PRO-PRO,False
PRO32-PRO1383,4.698999999999999,8.881784197001252e-16,4.699,4.699,PRO-PRO,False
PRO32-PRO1384,7.57,0.0,7.57,7.57,PRO-PRO,False
PRO32-PRO1385,7.284999999999998,1.7763568394002505e-15,7.285,7.285,PRO-PRO,False
PRO32-PRO1386,3.11,0.0,3.11,3.11,PRO-PRO,False
PRO32-PRO1387,5.262999999999999,8.881784197001252e-16,5.263,5.263,PRO-PRO,False
PRO32-PRO1388,8.290999999999999,1.7763568394002505e-15,8.291,8.291,PRO-PRO,False
PRO32-PRO1389,8.406,0.0,8.406,8.406,PRO-PRO,False
PRO32-PRO1390,3.0040000000000004,4.440892098500626e-16,3.004,3.004,PRO-PRO,False
PRO32-PRO1391,5.217,0.0,5.217,5.217,PRO-PRO,False
PRO32-PRO1392,9.999,0.0,9.999,9.999,PRO-PRO,False
PRO32-PRO1394,8.874,0.0,8.874,8.874,PRO-PRO,False
PRO32-PRO1423,9.772999999999998,1.7763568394002505e-15,9.773,9.773,PRO-PRO,False
PRO32-PRO1426,5.738,0.0,5.738,5.738,PRO-PRO,False
PRO32-PRO1427,7.045000000000001,8.881784197001252e-16,7.045,7.045,PRO-PRO,False
PRO32-PRO1429,7.924999999999999,8.881784197001252e-16,7.925,7.925,PRO-PRO,False
PRO32-PRO1430,2.334,0.0,2.334,2.334,PRO-PRO,False
PRO32-PRO1431,7.927999999999999,8.881784197001252e-16,7.928,7.928,PRO-PRO,False
PRO32-PRO1432,4.181,0.0,4.181,4.181,PRO-PRO,False
PRO32-PRO1433,8.465000000000002,1.7763568394002505e-15,8.465,8.465,PRO-PRO,False
PRO32-PRO1434,9.236000000000002,1.7763568394002505e-15,9.236,9.236,PRO-PRO,False
PRO32-PRO1435,8.317,0.0,8.317,8.317,PRO-PRO,False
PRO32-PRO1436,7.256,0.0,7.256,7.256,PRO-PRO,False
PRO32-GTP,4.242,0.0,4.242,4.242,PRO-GTP,False
PRO33-PRO34,1.329,0.0,1.329,1.329,PRO-PRO,False
PRO33-PRO35,3.023,0.0,3.023,3.023,PRO-PRO,False
PRO33-PRO36,5.795000000000001,8.881784197001252e-16,5.795,5.795,PRO-PRO,False
PRO33-PRO37,7.259,0.0,7.259,7.259,PRO-PRO,False
PRO33-PRO38,4.087,0.0,4.087,4.087,PRO-PRO,False
PRO33-PRO39,9.509,0.0,9.509,9.509,PRO-PRO,False
PRO33-PRO40,5.598,0.0,5.598,5.598,PRO-PRO,False
PRO33-PRO57,6.534999999999998,1.7763568394002505e-15,6.535,6.535,PRO-PRO,False
PRO33-PRO58,8.016999999999998,1.7763568394002505e-15,8.017,8.017,PRO-PRO,False
PRO33-PRO59,7.192999999999999,8.881784197001252e-16,7.193,7.193,PRO-PRO,False
PRO33-PRO60,7.893,0.0,7.893,7.893,PRO-PRO,False
PRO33-PRO61,6.548000000000001,8.881784197001252e-16,6.548,6.548,PRO-PRO,False
PRO33-PRO1272,6.665999999999999,1.7763568394002505e-15,6.666,6.666,PRO-PRO,False
PRO33-PRO1273,7.649,0.0,7.649,7.649,PRO-PRO,False
PRO33-PRO1276,3.1179999999999994,4.440892098500626e-16,3.118,3.118,PRO-PRO,False
PRO33-PRO1386,7.215000000000002,1.7763568394002505e-15,7.215,7.215,PRO-PRO,False
PRO33-PRO1390,5.929000000000001,8.881784197001252e-16,5.929,5.929,PRO-PRO,False
PRO33-PRO1394,8.89,0.0,8.89,8.89,PRO-PRO,False
PRO33-PRO1422,8.677999999999999,1.7763568394002505e-15,8.678,8.678,PRO-PRO,False
PRO33-PRO1423,5.976999999999999,8.881784197001252e-16,5.977,5.977,PRO-PRO,False
PRO33-PRO1424,8.986000000000002,1.7763568394002505e-15,8.986,8.986,PRO-PRO,False
PRO33-PRO1426,5.53,0.0,5.53,5.53,PRO-PRO,False
PRO33-PRO1427,6.079999999999999,8.881784197001252e-16,6.08,6.08,PRO-PRO,False
PRO33-PRO1429,9.569,0.0,9.569,9.569,PRO-PRO,False
PRO33-PRO1430,3.4789999999999996,4.440892098500626e-16,3.479,3.479,PRO-PRO,False
PRO33-PRO1431,8.751,0.0,8.751,8.751,PRO-PRO,False
PRO33-PRO1432,4.69,0.0,4.69,4.69,PRO-PRO,False
PRO33-PRO1433,8.189,0.0,8.189,8.189,PRO-PRO,False
PRO33-PRO1434,6.183999999999999,8.881784197001252e-16,6.184,6.184,PRO-PRO,False
PRO33-PRO1435,6.942,0.0,6.942,6.942,PRO-PRO,False
PRO33-PRO1436,1.574,0.0,1.574,1.574,PRO-PRO,False
PRO33-PRO1437,7.061999999999999,8.881784197001252e-16,7.062,7.062,PRO-PRO,False
PRO33-GTP,4.170000000000001,8.881784197001252e-16,4.17,4.17,PRO-GTP,False
PRO34-PRO35,1.3480000000000003,2.220446049250313e-16,1.348,1.348,PRO-PRO,False
PRO34-PRO36,3.163,0.0,3.163,3.163,PRO-PRO,False
PRO34-PRO37,5.301000000000001,8.881784197001252e-16,5.301,5.301,PRO-PRO,False
PRO34-PRO38,5.994999999999999,8.881784197001252e-16,5.995,5.995,PRO-PRO,False
PRO34-PRO40,8.948,0.0,8.948,8.948,PRO-PRO,False
PRO34-PRO57,7.581000000000001,8.881784197001252e-16,7.581,7.581,PRO-PRO,False
PRO34-PRO58,7.307000000000001,8.881784197001252e-16,7.307,7.307,PRO-PRO,False
PRO34-PRO59,5.938000000000001,8.881784197001252e-16,5.938,5.938,PRO-PRO,False
PRO34-PRO60,6.896999999999999,8.881784197001252e-16,6.897,6.897,PRO-PRO,False
PRO34-PRO61,4.731000000000001,8.881784197001252e-16,4.731,4.731,PRO-PRO,False
PRO34-PRO63,9.662,0.0,9.662,9.662,PRO-PRO,False
PRO34-PRO64,6.045000000000001,8.881784197001252e-16,6.045,6.045,PRO-PRO,False
PRO34-PRO1271,9.219,0.0,9.219,9.219,PRO-PRO,False
PRO34-PRO1272,6.387,0.0,6.387,6.387,PRO-PRO,False
PRO34-PRO1273,8.465000000000002,1.7763568394002505e-15,8.465,8.465,PRO-PRO,False
PRO34-PRO1274,9.435999999999998,1.7763568394002505e-15,9.436,9.436,PRO-PRO,False
PRO34-PRO1275,7.194000000000001,8.881784197001252e-16,7.194,7.194,PRO-PRO,False
PRO34-PRO1276,4.6499999999999995,8.881784197001252e-16,4.65,4.65,PRO-PRO,False
PRO34-PRO1277,9.5,0.0,9.5,9.5,PRO-PRO,False
PRO34-PRO1382,7.4750000000000005,8.881784197001252e-16,7.475,7.475,PRO-PRO,False
PRO34-PRO1383,8.405,0.0,8.405,8.405,PRO-PRO,False
PRO34-PRO1384,9.577,0.0,9.577,9.577,PRO-PRO,False
PRO34-PRO1385,7.468000000000002,1.7763568394002505e-15,7.468,7.468,PRO-PRO,False
PRO34-PRO1386,3.0249999999999995,4.440892098500626e-16,3.025,3.025,PRO-PRO,False
PRO34-PRO1387,6.478000000000001,8.881784197001252e-16,6.478,6.478,PRO-PRO,False
PRO34-PRO1388,8.683,0.0,8.683,8.683,PRO-PRO,False
PRO34-PRO1389,6.223999999999999,8.881784197001252e-16,6.224,6.224,PRO-PRO,False
PRO34-PRO1390,2.099,0.0,2.099,2.099,PRO-PRO,False
PRO34-PRO1391,6.307000000000001,8.881784197001252e-16,6.307,6.307,PRO-PRO,False
PRO34-PRO1392,8.63,0.0,8.63,8.63,PRO-PRO,False
PRO34-PRO1394,4.93,0.0,4.93,4.93,PRO-PRO,False
PRO34-PRO1395,8.257,0.0,8.257,8.257,PRO-PRO,False
PRO34-PRO1398,9.156,0.0,9.156,9.156,PRO-PRO,False
PRO34-PRO1419,8.714,0.0,8.714,8.714,PRO-PRO,False
PRO34-PRO1420,9.671000000000001,1.7763568394002505e-15,9.671,9.671,PRO-PRO,False
PRO34-PRO1422,6.5870000000000015,1.7763568394002505e-15,6.587,6.587,PRO-PRO,False
PRO34-PRO1423,5.265999999999999,8.881784197001252e-16,5.266,5.266,PRO-PRO,False
PRO34-PRO1424,8.431,0.0,8.431,8.431,PRO-PRO,False
PRO34-PRO1425,7.860999999999999,8.881784197001252e-16,7.861,7.861,PRO-PRO,False
PRO34-PRO1426,2.151,0.0,2.151,2.151,PRO-PRO,False
PRO34-PRO1427,5.336999999999999,8.881784197001252e-16,5.337,5.337,PRO-PRO,False
PRO34-PRO1429,6.107,0.0,6.107,6.107,PRO-PRO,False
PRO34-PRO1430,2.7600000000000002,4.440892098500626e-16,2.76,2.76,PRO-PRO,False
PRO34-PRO1431,7.521999999999999,8.881784197001252e-16,7.522,7.522,PRO-PRO,False
PRO34-PRO1432,4.820999999999999,8.881784197001252e-16,4.821,4.821,PRO-PRO,False
PRO34-PRO1433,9.325000000000001,1.7763568394002505e-15,9.325,9.325,PRO-PRO,False
PRO34-PRO1434,7.32,0.0,7.32,7.32,PRO-PRO,False
PRO34-PRO1436,6.1899999999999995,8.881784197001252e-16,6.19,6.19,PRO-PRO,False
PRO34-PRO1437,9.211,0.0,9.211,9.211,PRO-PRO,False
PRO34-GTP,4.636,0.0,4.636,4.636,PRO-GTP,False
PRO35-PRO36,1.3409999999999997,2.220446049250313e-16,1.341,1.341,PRO-PRO,False
PRO35-PRO37,2.8270000000000004,4.440892098500626e-16,2.827,2.827,PRO-PRO,False
PRO35-PRO38,2.9259999999999997,4.440892098500626e-16,2.926,2.926,PRO-PRO,False
PRO35-PRO39,6.457,0.0,6.457,6.457,PRO-PRO,False
PRO35-PRO40,5.472,0.0,5.472,5.472,PRO-PRO,False
PRO35-PRO55,8.736000000000002,1.7763568394002505e-15,8.736,8.736,PRO-PRO,False
PRO35-PRO56,6.3759999999999994,8.881784197001252e-16,6.376,6.376,PRO-PRO,False
PRO35-PRO57,2.785,0.0,2.785,2.785,PRO-PRO,False
PRO35-PRO58,2.227,0.0,2.227,2.227,PRO-PRO,False
PRO35-PRO59,2.475,0.0,2.475,2.475,PRO-PRO,False
PRO35-PRO60,4.369,0.0,4.369,4.369,PRO-PRO,False
PRO35-PRO61,4.764,0.0,4.764,4.764,PRO-PRO,False
PRO35-PRO62,9.769,0.0,9.769,9.769,PRO-PRO,False
PRO35-PRO63,8.912999999999998,1.7763568394002505e-15,8.913,8.913,PRO-PRO,False
PRO35-PRO64,5.450000000000001,8.881784197001252e-16,5.45,5.45,PRO-PRO,False
PRO35-PRO67,8.499160714285715,0.34255504129084935,6.215,9.091,PRO-PRO,True
PRO35-PRO68,8.808178571428572,1.0962611150624468,7.518,11.027,PRO-PRO,True
PRO35-PRO71,6.793,0.0,6.793,6.793,PRO-PRO,False
PRO35-PRO1276,4.94,0.0,4.94,4.94,PRO-PRO,False
PRO35-PRO1386,8.298,0.0,8.298,8.298,PRO-PRO,False
PRO35-PRO1389,9.44,0.0,9.44,9.44,PRO-PRO,False
PRO35-PRO1390,4.335999999999999,8.881784197001252e-16,4.336,4.336,PRO-PRO,False
PRO35-PRO1391,8.132,0.0,8.132,8.132,PRO-PRO,False
PRO35-PRO1394,6.3500000000000005,8.881784197001252e-16,6.35,6.35,PRO-PRO,False
PRO35-PRO1395,8.107,0.0,8.107,8.107,PRO-PRO,False
PRO35-PRO1398,6.677,0.0,6.677,6.677,PRO-PRO,False
PRO35-PRO1416,9.466,0.0,9.466,9.466,PRO-PRO,False
PRO35-PRO1419,8.141,0.0,8.141,8.141,PRO-PRO,False
PRO35-PRO1420,9.689000000000002,1.7763568394002505e-15,9.689,9.689,PRO-PRO,False
PRO35-PRO1422,7.1899999999999995,8.881784197001252e-16,7.19,7.19,PRO-PRO,False
PRO35-PRO1423,5.115000000000001,8.881784197001252e-16,5.115,5.115,PRO-PRO,False
PRO35-PRO1424,9.638999999999998,1.7763568394002505e-15,9.639,9.639,PRO-PRO,False
PRO35-PRO1426,5.342,0.0,5.342,5.342,PRO-PRO,False
PRO35-PRO1427,8.409,0.0,8.409,8.409,PRO-PRO,False
PRO35-PRO1430,7.872999999999999,8.881784197001252e-16,7.873,7.873,PRO-PRO,False
PRO35-PRO1432,9.375,0.0,9.375,9.375,PRO-PRO,False
PRO35-PRO1434,8.116,0.0,8.116,8.116,PRO-PRO,False
PRO35-PRO1436,4.171,0.0,4.171,4.171,PRO-PRO,False
PRO35-PRO1437,7.744,0.0,7.744,7.744,PRO-PRO,False
PRO35-GTP,2.988,0.0,2.988,2.988,PRO-GTP,False
PRO36-PRO37,1.3510000000000002,2.220446049250313e-16,1.351,1.351,PRO-PRO,False
PRO36-PRO38,4.509999999999999,8.881784197001252e-16,4.51,4.51,PRO-PRO,False
PRO36-PRO39,8.009,0.0,8.009,8.009,PRO-PRO,False
PRO36-PRO40,8.272,0.0,8.272,8.272,PRO-PRO,False
PRO36-PRO56,6.485,0.0,6.485,6.485,PRO-PRO,False
PRO36-PRO57,5.357,0.0,5.357,5.357,PRO-PRO,False
PRO36-PRO58,3.451,0.0,3.451,3.451,PRO-PRO,False
PRO36-PRO59,2.9550000000000005,4.440892098500626e-16,2.955,2.955,PRO-PRO,False
PRO36-PRO60,6.988999999999999,8.881784197001252e-16,6.989,6.989,PRO-PRO,False
PRO36-PRO61,5.72,0.0,5.72,5.72,PRO-PRO,False
PRO36-PRO63,8.019999999999998,1.7763568394002505e-15,8.02,8.02,PRO-PRO,False
PRO36-PRO64,2.6,0.0,2.6,2.6,PRO-PRO,False
PRO36-PRO67,5.836250000000001,0.46558247888301935,4.309,6.44,PRO-PRO,True
PRO36-PRO68,8.655928571428571,0.597962458721964,7.687,9.515,PRO-PRO,True
PRO36-PRO70,9.786,0.0,9.786,9.786,PRO-PRO,False
PRO36-PRO71,4.096,0.0,4.096,4.096,PRO-PRO,False
PRO36-PRO1276,8.862,0.0,8.862,8.862,PRO-PRO,False
PRO36-PRO1385,9.304,0.0,9.304,9.304,PRO-PRO,False
PRO36-PRO1386,6.808999999999999,8.881784197001252e-16,6.809,6.809,PRO-PRO,False
PRO36-PRO1387,8.397,0.0,8.397,8.397,PRO-PRO,False
PRO36-PRO1388,8.667,0.0,8.667,8.667,PRO-PRO,False
PRO36-PRO1389,5.387999999999999,8.881784197001252e-16,5.388,5.388,PRO-PRO,False
PRO36-PRO1390,2.648,0.0,2.648,2.648,PRO-PRO,False
PRO36-PRO1391,6.6899999999999995,8.881784197001252e-16,6.69,6.69,PRO-PRO,False
PRO36-PRO1392,7.268999999999999,8.881784197001252e-16,7.269,7.269,PRO-PRO,False
PRO36-PRO1393,7.1000000000000005,8.881784197001252e-16,7.1,7.1,PRO-PRO,False
PRO36-PRO1394,2.049,0.0,2.049,2.049,PRO-PRO,False
PRO36-PRO1395,5.002,0.0,5.002,5.002,PRO-PRO,False
PRO36-PRO1398,2.557,0.0,2.557,2.557,PRO-PRO,False
PRO36-PRO1399,7.603000000000001,8.881784197001252e-16,7.603,7.603,PRO-PRO,False
PRO36-PRO1416,8.016999999999998,1.7763568394002505e-15,8.017,8.017,PRO-PRO,False
PRO36-PRO1419,3.785,0.0,3.785,3.785,PRO-PRO,False
PRO36-PRO1420,6.158,0.0,6.158,6.158,PRO-PRO,False
PRO36-PRO1422,2.3410000000000006,4.440892098500626e-16,2.341,2.341,PRO-PRO,False
PRO36-PRO1423,3.237000000000001,8.881784197001252e-16,3.237,3.237,PRO-PRO,False
PRO36-PRO1424,6.387,0.0,6.387,6.387,PRO-PRO,False
PRO36-PRO1425,6.157000000000001,8.881784197001252e-16,6.157,6.157,PRO-PRO,False
PRO36-PRO1426,2.9179999999999997,4.440892098500626e-16,2.918,2.918,PRO-PRO,False
PRO36-PRO1427,6.615000000000001,8.881784197001252e-16,6.615,6.615,PRO-PRO,False
PRO36-PRO1429,7.887,0.0,7.887,7.887,PRO-PRO,False
PRO36-PRO1430,7.817,0.0,7.817,7.817,PRO-PRO,False
PRO36-PRO1432,9.51,0.0,9.51,9.51,PRO-PRO,False
PRO36-PRO1434,7.313000000000001,8.881784197001252e-16,7.313,7.313,PRO-PRO,False
PRO36-PRO1436,6.542000000000001,8.881784197001252e-16,6.542,6.542,PRO-PRO,False
PRO36-PRO1437,7.996000000000001,8.881784197001252e-16,7.996,7.996,PRO-PRO,False
PRO36-GTP,6.554000000000001,8.881784197001252e-16,6.554,6.554,PRO-GTP,False
PRO37-PRO38,1.346,0.0,1.346,1.346,PRO-PRO,False
PRO37-PRO39,3.5650000000000004,4.440892098500626e-16,3.565,3.565,PRO-PRO,False
PRO37-PRO40,6.8759999999999994,8.881784197001252e-16,6.876,6.876,PRO-PRO,False
PRO37-PRO55,7.549999999999999,8.881784197001252e-16,7.55,7.55,PRO-PRO,False
PRO37-PRO56,3.047,0.0,3.047,3.047,PRO-PRO,False
PRO37-PRO57,2.64,0.0,2.64,2.64,PRO-PRO,False
PRO37-PRO58,2.2979999999999996,4.440892098500626e-16,2.298,2.298,PRO-PRO,False
PRO37-PRO59,4.072,0.0,4.072,4.072,PRO-PRO,False
PRO37-PRO60,8.058,0.0,8.058,8.058,PRO-PRO,False
PRO37-PRO61,8.622,0.0,8.622,8.622,PRO-PRO,False
PRO37-PRO64,6.154000000000001,8.881784197001252e-16,6.154,6.154,PRO-PRO,False
PRO37-PRO67,5.321071428571428,1.2681553371664187,3.194,6.342,PRO-PRO,True
PRO37-PRO68,8.6275,0.18711121597289973,8.189,8.753,PRO-PRO,True
PRO37-PRO70,6.688000000000001,8.881784197001252e-16,6.688,6.688,PRO-PRO,False
PRO37-PRO71,1.66,0.0,1.66,1.66,PRO-PRO,False
PRO37-PRO72,9.626,0.0,9.626,9.626,PRO-PRO,False
PRO37-PRO74,7.052999999999999,8.881784197001252e-16,7.053,7.053,PRO-PRO,False
PRO37-PRO1390,7.726,0.0,7.726,7.726,PRO-PRO,False
PRO37-PRO1394,7.731000000000001,8.881784197001252e-16,7.731,7.731,PRO-PRO,False
PRO37-PRO1395,8.909,0.0,8.909,8.909,PRO-PRO,False
PRO37-PRO1398,5.366999999999999,8.881784197001252e-16,5.367,5.367,PRO-PRO,False
PRO37-PRO1399,9.284999999999998,1.7763568394002505e-15,9.285,9.285,PRO-PRO,False
PRO37-PRO1409,9.831000000000001,1.7763568394002505e-15,9.831,9.831,PRO-PRO,False
PRO37-PRO1416,3.9140000000000006,4.440892098500626e-16,3.914,3.914,PRO-PRO,False
PRO37-PRO1419,1.7750000000000001,2.220446049250313e-16,1.775,1.775,PRO-PRO,False
PRO37-PRO1420,5.9110000000000005,8.881784197001252e-16,5.911,5.911,PRO-PRO,False
PRO37-PRO1422,5.987000000000001,8.881784197001252e-16,5.987,5.987,PRO-PRO,False
PRO37-PRO1423,2.439,0.0,2.439,2.439,PRO-PRO,False
PRO37-PRO1424,9.018,0.0,9.018,9.018,PRO-PRO,False
PRO37-PRO1426,7.36,0.0,7.36,7.36,PRO-PRO,False
PRO37-PRO1427,9.427999999999999,1.7763568394002505e-15,9.428,9.428,PRO-PRO,False
PRO37-PRO1434,8.528999999999998,1.7763568394002505e-15,8.529,8.529,PRO-PRO,False
PRO37-PRO1436,6.703000000000001,8.881784197001252e-16,6.703,6.703,PRO-PRO,False
PRO37-PRO1437,5.878999999999999,8.881784197001252e-16,5.879,5.879,PRO-PRO,False
PRO37-GTP,7.869,0.0,7.869,7.869,PRO-GTP,False
PRO38-PRO39,1.3390000000000002,2.220446049250313e-16,1.339,1.339,PRO-PRO,False
PRO38-PRO40,2.765,0.0,2.765,2.765,PRO-PRO,False
PRO38-PRO55,4.207,0.0,4.207,4.207,PRO-PRO,False
PRO38-PRO56,2.855,0.0,2.855,2.855,PRO-PRO,False
PRO38-PRO57,1.8160000000000003,2.220446049250313e-16,1.816,1.816,PRO-PRO,False
PRO38-PRO58,3.201,0.0,3.201,3.201,PRO-PRO,False
PRO38-PRO59,5.649,0.0,5.649,5.649,PRO-PRO,False
PRO38-PRO60,8.915999999999999,1.7763568394002505e-15,8.916,8.916,PRO-PRO,False
PRO38-PRO64,9.468000000000002,1.7763568394002505e-15,9.468,9.468,PRO-PRO,False
PRO38-PRO71,6.021999999999999,8.881784197001252e-16,6.022,6.022,PRO-PRO,False
PRO38-PRO74,8.61,0.0,8.61,8.61,PRO-PRO,False
PRO38-PRO156,9.207000000000003,1.7763568394002505e-15,9.207,9.207,PRO-PRO,False
PRO38-PRO1276,9.554999999999998,1.7763568394002505e-15,9.555,9.555,PRO-PRO,False
PRO38-PRO1398,9.150999999999998,1.7763568394002505e-15,9.151,9.151,PRO-PRO,False
PRO38-PRO1416,5.204,0.0,5.204,5.204,PRO-PRO,False
PRO38-PRO1419,6.950000000000001,8.881784197001252e-16,6.95,6.95,PRO-PRO,False
PRO38-PRO1420,6.686999999999999,8.881784197001252e-16,6.687,6.687,PRO-PRO,False
PRO38-PRO1422,8.337000000000002,1.7763568394002505e-15,8.337,8.337,PRO-PRO,False
PRO38-PRO1423,1.632,0.0,1.632,1.632,PRO-PRO,False
PRO38-PRO1424,9.135,0.0,9.135,9.135,PRO-PRO,False
PRO38-PRO1426,8.724000000000002,1.7763568394002505e-15,8.724,8.724,PRO-PRO,False
PRO38-PRO1427,8.709000000000001,1.7763568394002505e-15,8.709,8.709,PRO-PRO,False
PRO38-PRO1434,6.778,0.0,6.778,6.778,PRO-PRO,False
PRO38-PRO1435,9.121,0.0,9.121,9.121,PRO-PRO,False
PRO38-PRO1436,1.772,0.0,1.772,1.772,PRO-PRO,False
PRO38-PRO1437,4.1499999999999995,8.881784197001252e-16,4.15,4.15,PRO-PRO,False
PRO38-GTP,7.707,0.0,7.707,7.707,PRO-GTP,False
PRO39-PRO40,1.3420000000000003,2.220446049250313e-16,1.342,1.342,PRO-PRO,False
PRO39-PRO55,2.613,0.0,2.613,2.613,PRO-PRO,False
PRO39-PRO56,2.416,0.0,2.416,2.416,PRO-PRO,False
PRO39-PRO57,3.215,0.0,3.215,3.215,PRO-PRO,False
PRO39-PRO58,6.552,0.0,6.552,6.552,PRO-PRO,False
PRO39-PRO59,9.459000000000001,1.7763568394002505e-15,9.459,9.459,PRO-PRO,False
PRO39-PRO71,5.585,0.0,5.585,5.585,PRO-PRO,False
PRO39-PRO74,5.860999999999999,8.881784197001252e-16,5.861,5.861,PRO-PRO,False
PRO39-PRO75,8.650999999999998,1.7763568394002505e-15,8.651,8.651,PRO-PRO,False
PRO39-PRO156,9.126,0.0,9.126,9.126,PRO-PRO,False
PRO39-PRO1416,4.334,0.0,4.334,4.334,PRO-PRO,False
PRO39-PRO1419,6.585,0.0,6.585,6.585,PRO-PRO,False
PRO39-PRO1420,7.176000000000001,8.881784197001252e-16,7.176,7.176,PRO-PRO,False
PRO39-PRO1423,3.448,0.0,3.448,3.448,PRO-PRO,False
PRO39-PRO1436,6.503,0.0,6.503,6.503,PRO-PRO,False
PRO39-PRO1437,4.459,0.0,4.459,4.459,PRO-PRO,False
PRO40-PRO55,1.7409999999999999,2.220446049250313e-16,1.741,1.741,PRO-PRO,False
PRO40-PRO56,3.523,0.0,3.523,3.523,PRO-PRO,False
PRO40-PRO57,2.8910000000000005,4.440892098500626e-16,2.891,2.891,PRO-PRO,False
PRO40-PRO58,6.854,0.0,6.854,6.854,PRO-PRO,False
PRO40-PRO59,9.840000000000002,1.7763568394002505e-15,9.84,9.84,PRO-PRO,False
PRO40-PRO71,9.271,0.0,9.271,9.271,PRO-PRO,False
PRO40-PRO74,8.857,0.0,8.857,8.857,PRO-PRO,False
PRO40-PRO79,9.53,0.0,9.53,9.53,PRO-PRO,False
PRO40-PRO156,6.677,0.0,6.677,6.677,PRO-PRO,False
PRO40-PRO1416,7.697000000000001,8.881784197001252e-16,7.697,7.697,PRO-PRO,False
PRO40-PRO1423,5.804000000000001,8.881784197001252e-16,5.804,5.804,PRO-PRO,False
PRO40-PRO1434,9.179999999999998,1.7763568394002505e-15,9.18,9.18,PRO-PRO,False
PRO40-PRO1435,8.147999999999998,1.7763568394002505e-15,8.148,8.148,PRO-PRO,False
PRO40-PRO1436,2.584,0.0,2.584,2.584,PRO-PRO,False
PRO40-PRO1437,3.7549999999999994,4.440892098500626e-16,3.755,3.755,PRO-PRO,False
PRO40-GTP,8.147999999999998,1.7763568394002505e-15,8.148,8.148,PRO-GTP,False
PRO55-PRO56,1.3480000000000003,2.220446049250313e-16,1.348,1.348,PRO-PRO,False
PRO55-PRO57,3.927,0.0,3.927,3.927,PRO-PRO,False
PRO55-PRO58,7.433999999999999,8.881784197001252e-16,7.434,7.434,PRO-PRO,False
PRO55-PRO71,8.215000000000002,1.7763568394002505e-15,8.215,8.215,PRO-PRO,False
PRO55-PRO74,7.224000000000002,1.7763568394002505e-15,7.224,7.224,PRO-PRO,False
PRO55-PRO75,7.069000000000001,8.881784197001252e-16,7.069,7.069,PRO-PRO,False
PRO55-PRO76,7.650999999999998,1.7763568394002505e-15,7.651,7.651,PRO-PRO,False
PRO55-PRO77,6.933999999999999,8.881784197001252e-16,6.934,6.934,PRO-PRO,False
PRO55-PRO78,7.506,0.0,7.506,7.506,PRO-PRO,False
PRO55-PRO79,5.185,0.0,5.185,5.185,PRO-PRO,False
PRO55-PRO80,9.543999999999999,1.7763568394002505e-15,9.544,9.544,PRO-PRO,False
PRO55-PRO81,8.382999999999997,1.7763568394002505e-15,8.383,8.383,PRO-PRO,False
PRO55-PRO112,9.953999999999999,1.7763568394002505e-15,9.954,9.954,PRO-PRO,False
PRO55-PRO114,9.262,0.0,9.262,9.262,PRO-PRO,False
PRO55-PRO152,7.0870000000000015,1.7763568394002505e-15,7.087,7.087,PRO-PRO,False
PRO55-PRO153,7.659999999999998,1.7763568394002505e-15,7.66,7.66,PRO-PRO,False
PRO55-PRO155,7.920000000000001,8.881784197001252e-16,7.92,7.92,PRO-PRO,False
PRO55-PRO156,2.522,0.0,2.522,2.522,PRO-PRO,False
PRO55-PRO159,5.595,0.0,5.595,5.595,PRO-PRO,False
PRO55-PRO1416,9.552000000000001,1.7763568394002505e-15,9.552,9.552,PRO-PRO,False
PRO55-PRO1423,8.843000000000002,1.7763568394002505e-15,8.843,8.843,PRO-PRO,False
PRO55-PRO1436,9.469,0.0,9.469,9.469,PRO-PRO,False
PRO55-PRO1437,9.207000000000003,1.7763568394002505e-15,9.207,9.207,PRO-PRO,False
PRO56-PRO57,1.3420000000000003,2.220446049250313e-16,1.342,1.342,PRO-PRO,False
PRO56-PRO58,2.3300000000000005,4.440892098500626e-16,2.33,2.33,PRO-PRO,False
PRO56-PRO59,6.046999999999999,8.881784197001252e-16,6.047,6.047,PRO-PRO,False
PRO56-PRO60,8.841,0.0,8.841,8.841,PRO-PRO,False
PRO56-PRO64,8.766,0.0,8.766,8.766,PRO-PRO,False
PRO56-PRO67,6.734428571428571,0.624616363891322,4.603,7.208,PRO-PRO,True
PRO56-PRO68,6.783660714285714,0.0978357363838771,6.367,6.837,PRO-PRO,True
PRO56-PRO69,8.525,0.0,8.525,8.525,PRO-PRO,False
PRO56-PRO70,5.984000000000001,8.881784197001252e-16,5.984,5.984,PRO-PRO,False
PRO56-PRO71,2.2839999999999994,4.440892098500626e-16,2.284,2.284,PRO-PRO,False
PRO56-PRO72,6.216,0.0,6.216,6.216,PRO-PRO,False
PRO56-PRO73,7.939,0.0,7.939,7.939,PRO-PRO,False
PRO56-PRO74,2.875,0.0,2.875,2.875,PRO-PRO,False
PRO56-PRO75,5.819000000000001,8.881784197001252e-16,5.819,5.819,PRO-PRO,False
PRO56-PRO76,7.697000000000001,8.881784197001252e-16,7.697,7.697,PRO-PRO,False
PRO56-PRO77,6.792000000000001,8.881784197001252e-16,6.792,6.792,PRO-PRO,False
PRO56-PRO78,6.561,0.0,6.561,6.561,PRO-PRO,False
PRO56-PRO79,6.393999999999999,8.881784197001252e-16,6.394,6.394,PRO-PRO,False
PRO56-PRO80,9.47,0.0,9.47,9.47,PRO-PRO,False
PRO56-PRO81,7.993000000000001,8.881784197001252e-16,7.993,7.993,PRO-PRO,False
PRO56-PRO96,9.252928571428571,0.3918287644012942,9.08,10.631,PRO-PRO,True
PRO56-PRO104,9.828999999999999,1.7763568394002505e-15,9.829,9.829,PRO-PRO,False
PRO56-PRO156,5.472,0.0,5.472,5.472,PRO-PRO,False
PRO56-PRO159,7.417000000000001,8.881784197001252e-16,7.417,7.417,PRO-PRO,False
PRO56-PRO1398,8.815,0.0,8.815,8.815,PRO-PRO,False
PRO56-PRO1416,7.649,0.0,7.649,7.649,PRO-PRO,False
PRO56-PRO1419,5.053,0.0,5.053,5.053,PRO-PRO,False
PRO56-PRO1423,7.734000000000001,8.881784197001252e-16,7.734,7.734,PRO-PRO,False
PRO56-PRO1436,9.156999999999998,1.7763568394002505e-15,9.157,9.157,PRO-PRO,False
PRO56-PRO1437,9.444,0.0,9.444,9.444,PRO-PRO,False
PRO56-GTP,9.546999999999999,1.7763568394002505e-15,9.547,9.547,PRO-GTP,False
PRO57-PRO58,1.343,0.0,1.343,1.343,PRO-PRO,False
PRO57-PRO59,4.805,0.0,4.805,4.805,PRO-PRO,False
PRO57-PRO60,6.497,0.0,6.497,6.497,PRO-PRO,False
PRO57-PRO61,8.888,0.0,8.888,8.888,PRO-PRO,False
PRO57-PRO64,9.152,0.0,9.152,9.152,PRO-PRO,False
PRO57-PRO67,8.879392857142857,0.6938467739085231,5.779,9.436,PRO-PRO,True
PRO57-PRO68,8.302142857142856,0.7155944688701494,7.185,9.534,PRO-PRO,True
PRO57-PRO71,5.5649999999999995,8.881784197001252e-16,5.565,5.565,PRO-PRO,False
PRO57-PRO74,8.18,0.0,8.18,8.18,PRO-PRO,False
PRO57-PRO75,9.608000000000002,1.7763568394002505e-15,9.608,9.608,PRO-PRO,False
PRO57-PRO77,9.998,0.0,9.998,9.998,PRO-PRO,False
PRO57-PRO78,8.962000000000002,1.7763568394002505e-15,8.962,8.962,PRO-PRO,False
PRO57-PRO79,7.427999999999999,8.881784197001252e-16,7.428,7.428,PRO-PRO,False
PRO57-PRO80,9.833,0.0,9.833,9.833,PRO-PRO,False
PRO57-PRO81,7.552,0.0,7.552,7.552,PRO-PRO,False
PRO57-PRO96,9.101017857142859,0.431513262959198,8.865,10.734,PRO-PRO,True
PRO57-PRO156,5.787,0.0,5.787,5.787,PRO-PRO,False
PRO57-PRO1276,8.234,0.0,8.234,8.234,PRO-PRO,False
PRO57-PRO1398,9.578000000000001,1.7763568394002505e-15,9.578,9.578,PRO-PRO,False
PRO57-PRO1416,8.752,0.0,8.752,8.752,PRO-PRO,False
PRO57-PRO1419,7.905,0.0,7.905,7.905,PRO-PRO,False
PRO57-PRO1423,6.6499999999999995,8.881784197001252e-16,6.65,6.65,PRO-PRO,False
PRO57-PRO1436,4.628,0.0,4.628,4.628,PRO-PRO,False
PRO57-PRO1437,8.787,0.0,8.787,8.787,PRO-PRO,False
PRO57-GTP,4.569,0.0,4.569,4.569,PRO-GTP,False
PRO58-PRO59,1.3439999999999999,2.220446049250313e-16,1.344,1.344,PRO-PRO,False
PRO58-PRO60,3.477,0.0,3.477,3.477,PRO-PRO,False
PRO58-PRO61,5.585999999999999,8.881784197001252e-16,5.586,5.586,PRO-PRO,False
PRO58-PRO62,8.650999999999998,1.7763568394002505e-15,8.651,8.651,PRO-PRO,False
PRO58-PRO63,9.321,0.0,9.321,9.321,PRO-PRO,False
PRO58-PRO64,5.241,0.0,5.241,5.241,PRO-PRO,False
PRO58-PRO65,7.284,0.0,7.284,7.284,PRO-PRO,False
PRO58-PRO66,8.976,0.0,8.976,8.976,PRO-PRO,False
PRO58-PRO67,4.647321428571429,0.5863941296219651,1.504,5.106,PRO-PRO,True
PRO58-PRO68,3.7229642857142857,0.6412163932793704,2.805,4.746,PRO-PRO,True
PRO58-PRO69,7.732999999999999,8.881784197001252e-16,7.733,7.733,PRO-PRO,False
PRO58-PRO70,7.377000000000001,8.881784197001252e-16,7.377,7.377,PRO-PRO,False
PRO58-PRO71,2.2839999999999994,4.440892098500626e-16,2.284,2.284,PRO-PRO,False
PRO58-PRO72,6.973,0.0,6.973,6.973,PRO-PRO,False
PRO58-PRO73,9.592,0.0,9.592,9.592,PRO-PRO,False
PRO58-PRO74,8.174,0.0,8.174,8.174,PRO-PRO,False
PRO58-PRO75,9.254,0.0,9.254,9.254,PRO-PRO,False
PRO58-PRO78,8.347,0.0,8.347,8.347,PRO-PRO,False
PRO58-PRO79,8.725,0.0,8.725,8.725,PRO-PRO,False
PRO58-PRO80,9.724000000000002,1.7763568394002505e-15,9.724,9.724,PRO-PRO,False
PRO58-PRO81,8.512,0.0,8.512,8.512,PRO-PRO,False
PRO58-PRO96,5.735410714285714,0.4394311573250824,5.539,7.336,PRO-PRO,True
PRO58-PRO156,9.042,0.0,9.042,9.042,PRO-PRO,False
PRO58-PRO1276,7.758000000000001,8.881784197001252e-16,7.758,7.758,PRO-PRO,False
PRO58-PRO1390,7.596000000000002,1.7763568394002505e-15,7.596,7.596,PRO-PRO,False
PRO58-PRO1394,9.384,0.0,9.384,9.384,PRO-PRO,False
PRO58-PRO1395,9.098,0.0,9.098,9.098,PRO-PRO,False
PRO58-PRO1398,5.740000000000001,8.881784197001252e-16,5.74,5.74,PRO-PRO,False
PRO58-PRO1399,9.856,0.0,9.856,9.856,PRO-PRO,False
PRO58-PRO1416,9.581000000000001,1.7763568394002505e-15,9.581,9.581,PRO-PRO,False
PRO58-PRO1419,5.811999999999999,8.881784197001252e-16,5.812,5.812,PRO-PRO,False
PRO58-PRO1422,9.528,0.0,9.528,9.528,PRO-PRO,False
PRO58-PRO1423,7.252000000000001,8.881784197001252e-16,7.252,7.252,PRO-PRO,False
PRO58-PRO1436,7.869,0.0,7.869,7.869,PRO-PRO,False
PRO58-GTP,4.253,0.0,4.253,4.253,PRO-GTP,False
PRO59-PRO60,1.353,0.0,1.353,1.353,PRO-PRO,False
PRO59-PRO61,2.4819999999999998,4.440892098500626e-16,2.482,2.482,PRO-PRO,False
PRO59-PRO62,5.9799999999999995,8.881784197001252e-16,5.98,5.98,PRO-PRO,False
PRO59-PRO63,5.732,0.0,5.732,5.732,PRO-PRO,False
PRO59-PRO64,2.8030000000000004,4.440892098500626e-16,2.803,2.803,PRO-PRO,False
PRO59-PRO65,6.271,0.0,6.271,6.271,PRO-PRO,False
PRO59-PRO66,8.463,0.0,8.463,8.463,PRO-PRO,False
PRO59-PRO67,5.464821428571429,0.2830398197088465,3.383,5.668,PRO-PRO,True
PRO59-PRO68,3.4778571428571428,1.359540461077243,1.899,6.815,PRO-PRO,True
PRO59-PRO71,4.954,0.0,4.954,4.954,PRO-PRO,False
PRO59-PRO72,8.882,0.0,8.882,8.882,PRO-PRO,False
PRO59-PRO88,9.015,0.0,9.015,9.015,PRO-PRO,False
PRO59-PRO92,9.343000000000002,1.7763568394002505e-15,9.343,9.343,PRO-PRO,False
PRO59-PRO96,4.985785714285714,0.3634765523133958,4.842,6.625,PRO-PRO,True
PRO59-PRO1276,6.655,0.0,6.655,6.655,PRO-PRO,False
PRO59-PRO1389,9.153,0.0,9.153,9.153,PRO-PRO,False
PRO59-PRO1390,4.182000000000001,8.881784197001252e-16,4.182,4.182,PRO-PRO,False
PRO59-PRO1391,6.067999999999999,8.881784197001252e-16,6.068,6.068,PRO-PRO,False
PRO59-PRO1392,9.451000000000002,1.7763568394002505e-15,9.451,9.451,PRO-PRO,False
PRO59-PRO1394,6.566000000000001,8.881784197001252e-16,6.566,6.566,PRO-PRO,False
PRO59-PRO1395,6.454999999999999,8.881784197001252e-16,6.455,6.455,PRO-PRO,False
PRO59-PRO1398,5.784,0.0,5.784,5.784,PRO-PRO,False
PRO59-PRO1399,9.976,0.0,9.976,9.976,PRO-PRO,False
PRO59-PRO1419,7.756999999999999,8.881784197001252e-16,7.757,7.757,PRO-PRO,False
PRO59-PRO1422,8.181,0.0,8.181,8.181,PRO-PRO,False
PRO59-PRO1423,8.62,0.0,8.62,8.62,PRO-PRO,False
PRO59-PRO1426,8.022999999999998,1.7763568394002505e-15,8.023,8.023,PRO-PRO,False
PRO59-PRO1436,9.494,0.0,9.494,9.494,PRO-PRO,False
PRO59-GTP,3.734000000000001,8.881784197001252e-16,3.734,3.734,PRO-GTP,False
PRO60-PRO61,1.343,0.0,1.343,1.343,PRO-PRO,False
PRO60-PRO62,3.740000000000001,8.881784197001252e-16,3.74,3.74,PRO-PRO,False
PRO60-PRO63,5.836999999999999,8.881784197001252e-16,5.837,5.837,PRO-PRO,False
PRO60-PRO64,4.723999999999999,8.881784197001252e-16,4.724,4.724,PRO-PRO,False
PRO60-PRO65,5.757339285714286,0.31548614848389805,5.211,5.956,PRO-PRO,True
PRO60-PRO66,9.159,0.0,9.159,9.159,PRO-PRO,False
PRO60-PRO67,8.243482142857143,0.2517432075315347,6.411,8.422,PRO-PRO,True
PRO60-PRO68,3.368910714285714,1.4271426907934623,2.093,7.456,PRO-PRO,True
PRO60-PRO71,7.936,0.0,7.936,7.936,PRO-PRO,False
PRO60-PRO72,8.848,0.0,8.848,8.848,PRO-PRO,False
PRO60-PRO80,9.78,0.0,9.78,9.78,PRO-PRO,False
PRO60-PRO81,8.082,0.0,8.082,8.082,PRO-PRO,False
PRO60-PRO82,8.912,0.0,8.912,8.912,PRO-PRO,False
PRO60-PRO86,7.585,0.0,7.585,7.585,PRO-PRO,False
PRO60-PRO88,5.164000000000001,8.881784197001252e-16,5.164,5.164,PRO-PRO,False
PRO60-PRO89,7.769999999999998,1.7763568394002505e-15,7.77,7.77,PRO-PRO,False
PRO60-PRO92,5.933999999999999,8.881784197001252e-16,5.934,5.934,PRO-PRO,False
PRO60-PRO96,3.6205892857142854,0.14549383599924606,3.455,4.311,PRO-PRO,True
PRO60-PRO1275,9.266,0.0,9.266,9.266,PRO-PRO,False
PRO60-PRO1276,5.905,0.0,5.905,5.905,PRO-PRO,False
PRO60-PRO1277,7.384,0.0,7.384,7.384,PRO-PRO,False
PRO60-PRO1278,7.644999999999998,1.7763568394002505e-15,7.645,7.645,PRO-PRO,False
PRO60-PRO1282,9.619,0.0,9.619,9.619,PRO-PRO,False
PRO60-PRO1283,7.924999999999999,8.881784197001252e-16,7.925,7.925,PRO-PRO,False
PRO60-PRO1390,6.171999999999999,8.881784197001252e-16,6.172,6.172,PRO-PRO,False
PRO60-PRO1391,7.484000000000001,8.881784197001252e-16,7.484,7.484,PRO-PRO,False
PRO60-PRO1395,9.505,0.0,9.505,9.505,PRO-PRO,False
PRO60-PRO1398,9.923999999999998,1.7763568394002505e-15,9.924,9.924,PRO-PRO,False
PRO60-GTP,2.2130000000000005,4.440892098500626e-16,2.213,2.213,PRO-GTP,False
PRO60-LIG,7.3894642857142845,1.2437007127963722,5.011,10.409,PRO-LIG,True
PRO61-PRO62,1.28,0.0,1.28,1.28,PRO-PRO,False
PRO61-PRO63,2.379,0.0,2.379,2.379,PRO-PRO,False
PRO61-PRO64,2.1679999999999997,4.440892098500626e-16,2.168,2.168,PRO-PRO,False
PRO61-PRO65,3.847857142857143,0.026936054284326157,3.705,3.857,PRO-PRO,True
PRO61-PRO66,6.505000000000001,8.881784197001252e-16,6.505,6.505,PRO-PRO,False
PRO61-PRO67,6.524464285714286,0.1379127524774934,6.106,6.703,PRO-PRO,True
PRO61-PRO68,3.600482142857143,1.2948605549726115,1.983,6.892,PRO-PRO,True
PRO61-PRO71,8.042,0.0,8.042,8.042,PRO-PRO,False
PRO61-PRO86,8.263,0.0,8.263,8.263,PRO-PRO,False
PRO61-PRO88,5.582999999999999,8.881784197001252e-16,5.583,5.583,PRO-PRO,False
PRO61-PRO89,9.415999999999999,1.7763568394002505e-15,9.416,9.416,PRO-PRO,False
PRO61-PRO92,7.676000000000001,8.881784197001252e-16,7.676,7.676,PRO-PRO,False
PRO61-PRO96,6.040607142857143,0.1279601889221002,5.522,6.512,PRO-PRO,True
PRO61-PRO1237,9.15325,0.4011353196152852,8.226,9.789,PRO-PRO,True
PRO61-PRO1272,9.216,0.0,9.216,9.216,PRO-PRO,False
PRO61-PRO1273,9.200000000000001,1.7763568394002505e-15,9.2,9.2,PRO-PRO,False
PRO61-PRO1274,8.879,0.0,8.879,8.879,PRO-PRO,False
PRO61-PRO1275,4.457999999999999,8.881784197001252e-16,4.458,4.458,PRO-PRO,False
PRO61-PRO1276,3.9089999999999994,4.440892098500626e-16,3.909,3.909,PRO-PRO,False
PRO61-PRO1277,4.917000000000001,8.881784197001252e-16,4.917,4.917,PRO-PRO,False
PRO61-PRO1278,6.392000000000001,8.881784197001252e-16,6.392,6.392,PRO-PRO,False
PRO61-PRO1279,8.171999999999999,1.7763568394002505e-15,8.172,8.172,PRO-PRO,False
PRO61-PRO1282,6.234000000000001,8.881784197001252e-16,6.234,6.234,PRO-PRO,False
PRO61-PRO1283,6.398000000000001,8.881784197001252e-16,6.398,6.398,PRO-PRO,False
PRO61-PRO1285,7.394999999999998,1.7763568394002505e-15,7.395,7.395,PRO-PRO,False
PRO61-PRO1286,5.910000000000001,8.881784197001252e-16,5.91,5.91,PRO-PRO,False
PRO61-PRO1289,8.518,0.0,8.518,8.518,PRO-PRO,False
PRO61-PRO1290,7.338357142857144,0.37564132914692083,7.221,8.691,PRO-PRO,True
PRO61-PRO1386,7.835,0.0,7.835,7.835,PRO-PRO,False
PRO61-PRO1387,7.262999999999999,8.881784197001252e-16,7.263,7.263,PRO-PRO,False
PRO61-PRO1388,9.708,0.0,9.708,9.708,PRO-PRO,False
PRO61-PRO1389,8.345,0.0,8.345,8.345,PRO-PRO,False
PRO61-PRO1390,2.936,0.0,2.936,2.936,PRO-PRO,False
PRO61-PRO1391,2.5429999999999997,4.440892098500626e-16,2.543,2.543,PRO-PRO,False
PRO61-PRO1392,7.502000000000001,8.881784197001252e-16,7.502,7.502,PRO-PRO,False
PRO61-PRO1394,7.603000000000001,8.881784197001252e-16,7.603,7.603,PRO-PRO,False
PRO61-PRO1395,6.160000000000001,8.881784197001252e-16,6.16,6.16,PRO-PRO,False
PRO61-PRO1398,8.418999999999999,1.7763568394002505e-15,8.419,8.419,PRO-PRO,False
PRO61-PRO1426,8.604,0.0,8.604,8.604,PRO-PRO,False
PRO61-GTP,2.5019999999999993,4.440892098500626e-16,2.502,2.502,PRO-GTP,False
PRO61-LIG,6.635053571428571,0.7240110106612148,4.972,9.252,PRO-LIG,True
PRO62-PRO63,1.4380000000000002,2.220446049250313e-16,1.438,1.438,PRO-PRO,False
PRO62-PRO64,2.6849999999999996,4.440892098500626e-16,2.685,2.685,PRO-PRO,False
PRO62-PRO65,2.0903214285714284,0.22642691245449043,1.613,2.68,PRO-PRO,True
PRO62-PRO66,4.881,0.0,4.881,4.881,PRO-PRO,False
PRO62-PRO67,6.809553571428572,0.1273287252467375,5.909,6.85,PRO-PRO,True
PRO62-PRO68,3.8818750000000004,1.2328822800729424,2.503,6.987,PRO-PRO,True
PRO62-PRO71,9.746,0.0,9.746,9.746,PRO-PRO,False
PRO62-PRO86,7.988625,0.3880317808458845,7.365,9.125,PRO-PRO,True
PRO62-PRO88,1.5834107142857141,0.7352402614302765,1.166,3.705,PRO-PRO,True
PRO62-PRO89,7.409410714285714,0.4932304147435165,7.056,8.817,PRO-PRO,True
PRO62-PRO91,7.935464285714287,0.7690875847458494,7.589,10.236,PRO-PRO,True
PRO62-PRO92,4.531625,0.49531662177194447,4.181,5.952,PRO-PRO,True
PRO62-PRO95,6.938142857142858,0.6181213885802757,6.209,8.471,PRO-PRO,True
PRO62-PRO96,5.7863750000000005,0.22203889319055276,4.971,6.261,PRO-PRO,True
PRO62-PRO1233,6.676035714285715,0.2094051067297304,6.244,7.622,PRO-PRO,True
PRO62-PRO1234,5.151017857142857,0.39738724775855916,4.917,6.426,PRO-PRO,True
PRO62-PRO1235,7.873892857142857,0.04953270152543833,7.772,8.035,PRO-PRO,True
PRO62-PRO1236,6.787857142857143,0.12307379153688779,6.463,7.048,PRO-PRO,True
PRO62-PRO1237,3.7889285714285714,0.2095098750777682,3.125,4.227,PRO-PRO,True
PRO62-PRO1238,7.711607142857143,0.1728860771238254,7.122,8.012,PRO-PRO,True
PRO62-PRO1240,8.903357142857145,0.504344320754731,7.006,9.215,PRO-PRO,True
PRO62-PRO1241,7.157642857142856,0.5949388452537258,5.792,9.133,PRO-PRO,True
PRO62-PRO1275,8.571232142857143,0.005694580981162644,8.529,8.572,PRO-PRO,True
PRO62-PRO1276,9.351,0.0,9.351,9.351,PRO-PRO,False
PRO62-PRO1277,7.661964285714286,0.155797139654391,7.151,8.154,PRO-PRO,True
PRO62-PRO1278,4.5151964285714286,0.28683889328598833,3.562,4.927,PRO-PRO,True
PRO62-PRO1279,6.89994642857143,0.4769095983383485,5.161,7.547,PRO-PRO,True
PRO62-PRO1280,8.716535714285714,0.4623066763634332,7.375,9.231,PRO-PRO,True
PRO62-PRO1282,5.990249999999999,0.5770788894448117,3.829,6.264,PRO-PRO,True
PRO62-PRO1283,1.31325,0.29621458498383035,0.355,1.571,PRO-PRO,True
PRO62-PRO1285,9.090714285714286,0.30618211867435763,7.984,9.195,PRO-PRO,True
PRO62-PRO1286,5.042535714285714,0.3979900377560488,3.684,5.242,PRO-PRO,True
PRO62-PRO1287,8.856928571428572,0.48971189989417163,7.082,9.098,PRO-PRO,True
PRO62-PRO1290,4.684357142857143,0.5715828720245532,3.585,6.39,PRO-PRO,True
PRO62-PRO1390,7.781999999999998,1.7763568394002505e-15,7.782,7.782,PRO-PRO,False
PRO62-PRO1391,4.412428571428572,0.19592043366257297,3.801,4.48,PRO-PRO,True
PRO62-PRO1392,9.929999999999998,1.7763568394002505e-15,9.93,9.93,PRO-PRO,False
PRO62-PRO1395,6.918999999999999,8.881784197001252e-16,6.919,6.919,PRO-PRO,False
PRO62-PRO1402,9.232,0.0,9.232,9.232,PRO-PRO,False
PRO62-GTP,7.973,0.0,7.973,7.973,PRO-GTP,False
PRO62-LIG,3.2539642857142854,0.7386583388696243,1.862,5.748,PRO-LIG,True
PRO63-PRO64,1.346,0.0,1.346,1.346,PRO-PRO,False
PRO63-PRO65,2.9229999999999996,4.440892098500626e-16,2.923,2.923,PRO-PRO,False
PRO63-PRO66,4.142,0.0,4.142,4.142,PRO-PRO,False
PRO63-PRO67,4.637589285714286,1.0063234494362159,3.072,5.995,PRO-PRO,True
PRO63-PRO68,6.282035714285714,0.8337264660265147,4.759,7.814,PRO-PRO,True
PRO63-PRO71,8.821,0.0,8.821,8.821,PRO-PRO,False
PRO63-PRO88,7.938000000000001,8.881784197001252e-16,7.938,7.938,PRO-PRO,False
PRO63-PRO96,9.152535714285714,0.1478718031034356,8.482,9.458,PRO-PRO,True
PRO63-PRO1237,7.460178571428572,0.462872903997525,6.209,8.012,PRO-PRO,True
PRO63-PRO1240,9.217,0.0,9.217,9.217,PRO-PRO,False
PRO63-PRO1241,8.986160714285713,0.14533837080434475,8.437,9.587,PRO-PRO,True
PRO63-PRO1275,7.869999999999999,8.881784197001252e-16,7.87,7.87,PRO-PRO,False
PRO63-PRO1277,9.04,0.0,9.04,9.04,PRO-PRO,False
PRO63-PRO1278,7.756999999999999,8.881784197001252e-16,7.757,7.757,PRO-PRO,False
PRO63-PRO1279,7.878,0.0,7.878,7.878,PRO-PRO,False
PRO63-PRO1280,9.423,0.0,9.423,9.423,PRO-PRO,False
PRO63-PRO1281,8.519,0.0,8.519,8.519,PRO-PRO,False
PRO63-PRO1282,4.906,0.0,4.906,4.906,PRO-PRO,False
PRO63-PRO1283,4.243000000000001,8.881784197001252e-16,4.243,4.243,PRO-PRO,False
PRO63-PRO1284,7.997999999999999,8.881784197001252e-16,7.998,7.998,PRO-PRO,False
PRO63-PRO1285,5.854,0.0,5.854,5.854,PRO-PRO,False
PRO63-PRO1286,1.679,0.0,1.679,1.679,PRO-PRO,False
PRO63-PRO1287,6.198999999999999,8.881784197001252e-16,6.199,6.199,PRO-PRO,False
PRO63-PRO1289,4.994,0.0,4.994,4.994,PRO-PRO,False
PRO63-PRO1290,2.4066785714285714,0.3585964757188213,2.295,3.777,PRO-PRO,True
PRO63-PRO1386,9.662,0.0,9.662,9.662,PRO-PRO,False
PRO63-PRO1387,7.003999999999999,8.881784197001252e-16,7.004,7.004,PRO-PRO,False
PRO63-PRO1388,8.052,0.0,8.052,8.052,PRO-PRO,False
PRO63-PRO1389,7.659999999999998,1.7763568394002505e-15,7.66,7.66,PRO-PRO,False
PRO63-PRO1390,4.765999999999999,8.881784197001252e-16,4.766,4.766,PRO-PRO,False
PRO63-PRO1391,1.7859999999999998,2.220446049250313e-16,1.786,1.786,PRO-PRO,False
PRO63-PRO1392,4.752,0.0,4.752,4.752,PRO-PRO,False
PRO63-PRO1393,7.506999999999999,8.881784197001252e-16,7.507,7.507,PRO-PRO,False
PRO63-PRO1394,6.793,0.0,6.793,6.793,PRO-PRO,False
PRO63-PRO1395,2.4759999999999995,4.440892098500626e-16,2.476,2.476,PRO-PRO,False
PRO63-PRO1398,6.799,0.0,6.799,6.799,PRO-PRO,False
PRO63-PRO1399,7.070999999999999,8.881784197001252e-16,7.071,7.071,PRO-PRO,False
PRO63-PRO1402,6.5360000000000005,8.881784197001252e-16,6.536,6.536,PRO-PRO,False
PRO63-GTP,9.227000000000002,1.7763568394002505e-15,9.227,9.227,PRO-GTP,False
PRO63-LIG,4.470357142857143,1.3006201876216514,2.015,7.638,PRO-LIG,True
PRO64-PRO65,1.14,0.0,1.14,1.14,PRO-PRO,False
PRO64-PRO66,3.1299999999999994,4.440892098500626e-16,3.13,3.13,PRO-PRO,False
PRO64-PRO67,2.2678214285714287,0.06919540321820962,1.891,2.282,PRO-PRO,True
PRO64-PRO68,3.2840892857142854,0.4475389957784091,2.087,3.585,PRO-PRO,True
PRO64-PRO69,6.335999999999999,8.881784197001252e-16,6.336,6.336,PRO-PRO,False
PRO64-PRO70,7.713,0.0,7.713,7.713,PRO-PRO,False
PRO64-PRO71,4.424,0.0,4.424,4.424,PRO-PRO,False
PRO64-PRO72,8.485,0.0,8.485,8.485,PRO-PRO,False
PRO64-PRO88,8.852000000000002,1.7763568394002505e-15,8.852,8.852,PRO-PRO,False
PRO64-PRO96,6.938839285714287,0.10965396494455286,6.598,7.356,PRO-PRO,True
PRO64-PRO1275,9.505,0.0,9.505,9.505,PRO-PRO,False
PRO64-PRO1276,9.822999999999999,1.7763568394002505e-15,9.823,9.823,PRO-PRO,False
PRO64-PRO1282,9.608000000000002,1.7763568394002505e-15,9.608,9.608,PRO-PRO,False
PRO64-PRO1283,7.323999999999999,8.881784197001252e-16,7.324,7.324,PRO-PRO,False
PRO64-PRO1285,8.787999999999998,1.7763568394002505e-15,8.788,8.788,PRO-PRO,False
PRO64-PRO1286,7.009999999999999,8.881784197001252e-16,7.01,7.01,PRO-PRO,False
PRO64-PRO1289,8.382999999999997,1.7763568394002505e-15,8.383,8.383,PRO-PRO,False
PRO64-PRO1290,6.591678571428572,0.18561558847164067,6.54,7.388,PRO-PRO,True
PRO64-PRO1385,9.897999999999998,1.7763568394002505e-15,9.898,9.898,PRO-PRO,False
PRO64-PRO1386,7.155,0.0,7.155,7.155,PRO-PRO,False
PRO64-PRO1387,6.769999999999998,1.7763568394002505e-15,6.77,6.77,PRO-PRO,False
PRO64-PRO1388,7.144999999999998,1.7763568394002505e-15,7.145,7.145,PRO-PRO,False
PRO64-PRO1389,4.4110000000000005,8.881784197001252e-16,4.411,4.411,PRO-PRO,False
PRO64-PRO1390,1.8420000000000003,2.220446049250313e-16,1.842,1.842,PRO-PRO,False
PRO64-PRO1391,3.3509999999999995,4.440892098500626e-16,3.351,3.351,PRO-PRO,False
PRO64-PRO1392,4.808,0.0,4.808,4.808,PRO-PRO,False
PRO64-PRO1393,6.140999999999999,8.881784197001252e-16,6.141,6.141,PRO-PRO,False
PRO64-PRO1394,2.56,0.0,2.56,2.56,PRO-PRO,False
PRO64-PRO1395,2.3910000000000005,4.440892098500626e-16,2.391,2.391,PRO-PRO,False
PRO64-PRO1398,2.329,0.0,2.329,2.329,PRO-PRO,False
PRO64-PRO1399,6.317,0.0,6.317,6.317,PRO-PRO,False
PRO64-PRO1402,6.418,0.0,6.418,6.418,PRO-PRO,False
PRO64-PRO1409,9.726,0.0,9.726,9.726,PRO-PRO,False
PRO64-PRO1419,6.204999999999999,8.881784197001252e-16,6.205,6.205,PRO-PRO,False
PRO64-PRO1422,5.910000000000001,8.881784197001252e-16,5.91,5.91,PRO-PRO,False
PRO64-PRO1423,8.82,0.0,8.82,8.82,PRO-PRO,False
PRO64-PRO1425,9.418999999999999,1.7763568394002505e-15,9.419,9.419,PRO-PRO,False
PRO64-PRO1426,5.752000000000001,8.881784197001252e-16,5.752,5.752,PRO-PRO,False
PRO64-GTP,7.924,0.0,7.924,7.924,PRO-GTP,False
PRO64-LIG,5.786875,0.8818559783308481,3.941,7.149,PRO-LIG,True
PRO65-PRO66,1.6400000000000001,2.220446049250313e-16,1.64,1.64,PRO-PRO,False
PRO65-PRO67,2.371,0.0,2.371,2.371,PRO-PRO,False
PRO65-PRO68,2.3138928571428568,0.1419844909251193,1.68,2.417,PRO-PRO,True
PRO65-PRO69,4.346,0.0,4.346,4.346,PRO-PRO,False
PRO65-PRO70,6.717,0.0,6.717,6.717,PRO-PRO,False
PRO65-PRO71,6.479,0.0,6.479,6.479,PRO-PRO,False
PRO65-PRO72,7.167000000000001,8.881784197001252e-16,7.167,7.167,PRO-PRO,False
PRO65-PRO88,6.668,0.2677000587010981,6.167,6.91,PRO-PRO,True
PRO65-PRO92,7.880285714285714,0.35539443451133645,7.23,8.202,PRO-PRO,True
PRO65-PRO95,8.102446428571428,0.07312780388833386,7.964,8.276,PRO-PRO,True
PRO65-PRO96,5.491071428571429,0.0744299424057994,5.055,5.516,PRO-PRO,True
PRO65-PRO99,6.677982142857142,0.00013243211584103821,6.677,6.678,PRO-PRO,True
PRO65-PRO103,8.576,0.0,8.576,8.576,PRO-PRO,False
PRO65-PRO1237,7.274982142857143,0.5907038323375474,6.525,8.256,PRO-PRO,True
PRO65-PRO1241,9.165232142857144,0.31437613908180057,8.425,9.968,PRO-PRO,True
PRO65-PRO1283,6.487232142857143,0.24204493318622156,5.934,6.726,PRO-PRO,True
PRO65-PRO1286,8.230392857142856,0.14049767138022334,8.004,8.421,PRO-PRO,True
PRO65-PRO1290,6.178303571428572,0.550603983939548,5.679,7.725,PRO-PRO,True
PRO65-PRO1390,9.673999999999998,1.7763568394002505e-15,9.674,9.674,PRO-PRO,False
PRO65-PRO1391,8.320000000000002,0.023903825157134295,8.215,8.328,PRO-PRO,True
PRO65-PRO1395,6.256999999999999,8.881784197001252e-16,6.257,6.257,PRO-PRO,False
PRO65-PRO1398,7.968000000000002,1.7763568394002505e-15,7.968,7.968,PRO-PRO,False
PRO65-PRO1399,8.574,0.0,8.574,8.574,PRO-PRO,False
PRO65-PRO1402,6.906,0.0,6.906,6.906,PRO-PRO,False
PRO65-PRO1409,9.397999999999998,1.7763568394002505e-15,9.398,9.398,PRO-PRO,False
PRO65-LIG,2.7108214285714287,0.32185944731595284,1.995,3.797,PRO-LIG,True
PRO66-PRO67,1.43,0.0,1.43,1.43,PRO-PRO,False
PRO66-PRO68,3.046,0.0,3.046,3.046,PRO-PRO,False
PRO66-PRO69,4.281,0.0,4.281,4.281,PRO-PRO,False
PRO66-PRO70,5.018,0.0,5.018,5.018,PRO-PRO,False
PRO66-PRO71,6.637999999999999,8.881784197001252e-16,6.638,6.638,PRO-PRO,False
PRO66-PRO72,8.496,0.0,8.496,8.496,PRO-PRO,False
PRO66-PRO73,9.542,0.0,9.542,9.542,PRO-PRO,False
PRO66-PRO96,8.580517857142857,0.04357300567988835,8.507,8.798,PRO-PRO,True
PRO66-PRO99,7.967,0.0,7.967,7.967,PRO-PRO,False
PRO66-PRO103,9.268,0.0,9.268,9.268,PRO-PRO,False
PRO66-PRO1290,7.752428571428571,0.1695351688275555,6.902,8.166,PRO-PRO,True
PRO66-PRO1395,6.673000000000001,8.881784197001252e-16,6.673,6.673,PRO-PRO,False
PRO66-PRO1398,6.829999999999999,8.881784197001252e-16,6.83,6.83,PRO-PRO,False
PRO66-PRO1399,5.256999999999999,8.881784197001252e-16,5.257,5.257,PRO-PRO,False
PRO66-PRO1401,6.700000000000001,8.881784197001252e-16,6.7,6.7,PRO-PRO,False
PRO66-PRO1402,2.706,0.0,2.706,2.706,PRO-PRO,False
PRO66-PRO1409,5.098,0.0,5.098,5.098,PRO-PRO,False
PRO66-PRO1419,9.771,0.0,9.771,9.771,PRO-PRO,False
PRO66-LIG,3.78075,1.2517836880969948,1.862,5.972,PRO-LIG,True
PRO67-PRO68,1.3439999999999999,2.220446049250313e-16,1.344,1.344,PRO-PRO,False
PRO67-PRO69,3.047,0.0,3.047,3.047,PRO-PRO,False
PRO67-PRO70,2.8186250000000004,0.2246562105672322,1.686,2.873,PRO-PRO,True
PRO67-PRO71,2.271410714285714,0.43720650468897065,0.69,2.718,PRO-PRO,True
PRO67-PRO72,4.922,0.0,4.922,4.922,PRO-PRO,False
PRO67-PRO73,6.631999999999999,8.881784197001252e-16,6.632,6.632,PRO-PRO,False
PRO67-PRO74,7.257375000000001,0.2201600523726187,6.581,7.366,PRO-PRO,True
PRO67-PRO75,8.891999999999998,1.7763568394002505e-15,8.892,8.892,PRO-PRO,False
PRO67-PRO78,9.194,0.0,9.194,9.194,PRO-PRO,False
PRO67-PRO96,7.555660714285714,0.1354523211826787,7.284,8.112,PRO-PRO,True
PRO67-PRO99,8.998,0.0,8.998,8.998,PRO-PRO,False
PRO67-PRO103,7.8500000000000005,8.881784197001252e-16,7.85,7.85,PRO-PRO,False
PRO67-PRO1290,9.393732142857145,1.097766669377153,7.268,10.959,PRO-PRO,True
PRO67-PRO1389,10.953374999999998,1.1221937151735435,9.578,12.553,PRO-PRO,True
PRO67-PRO1390,9.112142857142857,0.8898619962943579,7.84,10.323,PRO-PRO,True
PRO67-PRO1391,9.821232142857143,0.9896212477341202,8.511,11.145,PRO-PRO,True
PRO67-PRO1392,9.732017857142855,1.4996436301796052,7.947,11.687,PRO-PRO,True
PRO67-PRO1393,9.272660714285715,1.407085187247353,7.746,11.196,PRO-PRO,True
PRO67-PRO1394,6.404714285714285,1.1320448109865762,5.03,8.176,PRO-PRO,True
PRO67-PRO1395,4.3832321428571435,1.3643326860603138,2.884,6.166,PRO-PRO,True
PRO67-PRO1398,2.5559821428571428,0.3187172667266301,1.633,3.135,PRO-PRO,True
PRO67-PRO1399,3.1631964285714282,1.0566069079105946,1.726,4.937,PRO-PRO,True
PRO67-PRO1401,7.46369642857143,0.9793432369203,5.694,8.817,PRO-PRO,True
PRO67-PRO1402,4.076910714285715,1.1581192307972215,2.089,5.501,PRO-PRO,True
PRO67-PRO1409,5.287374999999999,0.19038593909102489,3.932,5.33,PRO-PRO,True
PRO67-PRO1419,4.742857142857143,1.5217642889161276,2.104,6.124,PRO-PRO,True
PRO67-PRO1422,9.121625,0.39574624637241607,8.049,9.774,PRO-PRO,True
PRO67-LIG,6.289892857142858,1.1315417528842708,3.146,8.159,PRO-LIG,True
PRO68-PRO69,1.3540000000000003,2.220446049250313e-16,1.354,1.354,PRO-PRO,False
PRO68-PRO70,3.198,0.0,3.198,3.198,PRO-PRO,False
PRO68-PRO71,2.189,0.0,2.189,2.189,PRO-PRO,False
PRO68-PRO72,1.8626964285714291,0.054164735378966544,1.461,1.87,PRO-PRO,True
PRO68-PRO73,4.345,0.0,4.345,4.345,PRO-PRO,False
PRO68-PRO74,5.75,0.0,5.75,5.75,PRO-PRO,False
PRO68-PRO75,6.630000000000001,8.881784197001252e-16,6.63,6.63,PRO-PRO,False
PRO68-PRO78,6.168999999999999,8.881784197001252e-16,6.169,6.169,PRO-PRO,False
PRO68-PRO81,8.822589285714285,0.8464502511916144,6.074,10.55,PRO-PRO,True
PRO68-PRO86,10.773053571428571,1.2194199355730408,9.271,14.567,PRO-PRO,True
PRO68-PRO88,6.396928571428572,0.7109873631874514,5.453,8.416,PRO-PRO,True
PRO68-PRO89,8.892071428571429,0.9945301269792625,7.205,11.655,PRO-PRO,True
PRO68-PRO91,10.121732142857143,0.7521208938507404,8.308,11.761,PRO-PRO,True
PRO68-PRO92,5.864107142857143,0.7387075991837615,4.277,7.563,PRO-PRO,True
PRO68-PRO93,8.882178571428572,0.8908181453653966,5.83,9.869,PRO-PRO,True
PRO68-PRO95,6.477624999999999,1.066988980437474,2.982,7.406,PRO-PRO,True
PRO68-PRO96,1.9057857142857142,0.5148529510690308,0.702,2.956,PRO-PRO,True
PRO68-PRO97,8.564464285714285,0.6773501933555313,5.571,9.273,PRO-PRO,True
PRO68-PRO98,8.705785714285714,1.0358133745703304,4.722,9.467,PRO-PRO,True
PRO68-PRO99,4.424446428571429,1.0640593250050028,0.979,5.085,PRO-PRO,True
PRO68-PRO100,6.019875,0.5291948420039366,3.954,6.841,PRO-PRO,True
PRO68-PRO102,7.933749999999999,0.9729700525783338,4.908,8.438,PRO-PRO,True
PRO68-PRO103,4.915821428571428,0.23433866725188085,3.986,4.992,PRO-PRO,True
PRO68-PRO104,8.078339285714287,0.03887492617618809,7.791,8.084,PRO-PRO,True
PRO68-PRO1234,10.147464285714287,0.617694502747507,8.713,11.503,PRO-PRO,True
PRO68-PRO1278,9.851392857142857,1.0960654907207779,8.698,13.22,PRO-PRO,True
PRO68-PRO1283,8.38455357142857,0.9391463053456516,7.156,10.731,PRO-PRO,True
PRO68-PRO1391,9.717910714285713,1.2669817378995318,8.281,13.105,PRO-PRO,True
PRO68-PRO1395,9.002285714285714,0.664845436234342,7.714,9.635,PRO-PRO,True
PRO68-PRO1398,7.840375000000001,0.02688371951572182,7.641,7.844,PRO-PRO,True
PRO68-PRO1399,8.396,0.0,8.396,8.396,PRO-PRO,False
PRO68-PRO1402,7.5,0.0,7.5,7.5,PRO-PRO,False
PRO68-PRO1409,8.082,0.0,8.082,8.082,PRO-PRO,False
PRO68-PRO1419,9.687,0.0,9.687,9.687,PRO-PRO,False
PRO68-GTP,7.70175,1.4658783477346076,6.206,11.526,PRO-GTP,True
PRO68-LIG,3.878339285714286,1.3002835168419689,1.961,7.344,PRO-LIG,True
PRO69-PRO70,1.4179999999999997,2.220446049250313e-16,1.418,1.418,PRO-PRO,False
PRO69-PRO71,3.0850000000000004,4.440892098500626e-16,3.085,3.085,PRO-PRO,False
PRO69-PRO72,2.3009999999999997,4.440892098500626e-16,2.301,2.301,PRO-PRO,False
PRO69-PRO73,1.5820000000000003,2.220446049250313e-16,1.582,1.582,PRO-PRO,False
PRO69-PRO74,3.8640000000000003,4.440892098500626e-16,3.864,3.864,PRO-PRO,False
PRO69-PRO75,5.75,0.0,5.75,5.75,PRO-PRO,False
PRO69-PRO76,9.590000000000002,1.7763568394002505e-15,9.59,9.59,PRO-PRO,False
PRO69-PRO78,6.602000000000002,1.7763568394002505e-15,6.602,6.602,PRO-PRO,False
PRO69-PRO96,7.430749999999999,0.22369560392257537,7.335,8.116,PRO-PRO,True
PRO69-PRO98,8.976,0.0,8.976,8.976,PRO-PRO,False
PRO69-PRO99,4.481000000000001,8.881784197001252e-16,4.481,4.481,PRO-PRO,False
PRO69-PRO100,6.511000000000001,8.881784197001252e-16,6.511,6.511,PRO-PRO,False
PRO69-PRO101,9.156999999999998,1.7763568394002505e-15,9.157,9.157,PRO-PRO,False
PRO69-PRO102,6.076,0.0,6.076,6.076,PRO-PRO,False
PRO69-PRO103,2.6840000000000006,4.440892098500626e-16,2.684,2.684,PRO-PRO,False
PRO69-PRO104,6.465000000000002,1.7763568394002505e-15,6.465,6.465,PRO-PRO,False
PRO69-PRO1398,9.540000000000001,1.7763568394002505e-15,9.54,9.54,PRO-PRO,False
PRO69-PRO1399,9.094,0.0,9.094,9.094,PRO-PRO,False
PRO69-PRO1402,8.452,0.0,8.452,8.452,PRO-PRO,False
PRO69-PRO1409,6.787,0.0,6.787,6.787,PRO-PRO,False
PRO69-LIG,6.803410714285714,1.2171854650437524,3.93,9.32,PRO-LIG,True
PRO70-PRO71,1.3480000000000003,2.220446049250313e-16,1.348,1.348,PRO-PRO,False
PRO70-PRO72,3.2860000000000005,4.440892098500626e-16,3.286,3.286,PRO-PRO,False
PRO70-PRO73,2.653,0.0,2.653,2.653,PRO-PRO,False
PRO70-PRO74,2.0270000000000006,4.440892098500626e-16,2.027,2.027,PRO-PRO,False
PRO70-PRO75,4.5,0.0,4.5,4.5,PRO-PRO,False
PRO70-PRO76,8.752,0.0,8.752,8.752,PRO-PRO,False
PRO70-PRO78,6.784,0.0,6.784,6.784,PRO-PRO,False
PRO70-PRO99,8.708,0.0,8.708,8.708,PRO-PRO,False
PRO70-PRO100,9.408,0.0,9.408,9.408,PRO-PRO,False
PRO70-PRO103,5.619,0.0,5.619,5.619,PRO-PRO,False
PRO70-PRO104,7.14,0.0,7.14,7.14,PRO-PRO,False
PRO70-PRO1398,7.365000000000001,8.881784197001252e-16,7.365,7.365,PRO-PRO,False
PRO70-PRO1399,7.0,0.0,7.0,7.0,PRO-PRO,False
PRO70-PRO1401,8.942,0.0,8.942,8.942,PRO-PRO,False
PRO70-PRO1402,8.055,0.0,8.055,8.055,PRO-PRO,False
PRO70-PRO1409,4.042000000000001,8.881784197001252e-16,4.042,4.042,PRO-PRO,False
PRO70-PRO1419,5.738999999999999,8.881784197001252e-16,5.739,5.739,PRO-PRO,False
PRO71-PRO72,1.3480000000000003,2.220446049250313e-16,1.348,1.348,PRO-PRO,False
PRO71-PRO73,3.328,0.0,3.328,3.328,PRO-PRO,False
PRO71-PRO74,2.294,0.0,2.294,2.294,PRO-PRO,False
PRO71-PRO75,2.045,0.0,2.045,2.045,PRO-PRO,False
PRO71-PRO76,6.182000000000001,8.881784197001252e-16,6.182,6.182,PRO-PRO,False
PRO71-PRO77,7.232999999999999,8.881784197001252e-16,7.233,7.233,PRO-PRO,False
PRO71-PRO78,3.420000000000001,8.881784197001252e-16,3.42,3.42,PRO-PRO,False
PRO71-PRO79,8.572000000000001,1.7763568394002505e-15,8.572,8.572,PRO-PRO,False
PRO71-PRO96,6.661017857142857,0.31190071056756363,6.531,7.794,PRO-PRO,True
PRO71-PRO99,8.819,0.0,8.819,8.819,PRO-PRO,False
PRO71-PRO100,7.207,0.0,7.207,7.207,PRO-PRO,False
PRO71-PRO103,5.514000000000001,8.881784197001252e-16,5.514,5.514,PRO-PRO,False
PRO71-PRO104,5.592,0.0,5.592,5.592,PRO-PRO,False
PRO71-PRO109,9.153999999999998,1.7763568394002505e-15,9.154,9.154,PRO-PRO,False
PRO71-PRO1394,9.609,0.0,9.609,9.609,PRO-PRO,False
PRO71-PRO1395,8.571,0.0,8.571,8.571,PRO-PRO,False
PRO71-PRO1398,4.729,0.0,4.729,4.729,PRO-PRO,False
PRO71-PRO1399,8.1,0.0,8.1,8.1,PRO-PRO,False
PRO71-PRO1402,9.578000000000001,1.7763568394002505e-15,9.578,9.578,PRO-PRO,False
PRO71-PRO1409,8.716,0.0,8.716,8.716,PRO-PRO,False
PRO71-PRO1416,7.478000000000001,8.881784197001252e-16,7.478,7.478,PRO-PRO,False
PRO71-PRO1419,3.201,0.0,3.201,3.201,PRO-PRO,False
PRO71-PRO1420,8.995,0.0,8.995,8.995,PRO-PRO,False
PRO71-PRO1422,8.802999999999999,1.7763568394002505e-15,8.803,8.803,PRO-PRO,False
PRO71-PRO1423,7.993000000000001,8.881784197001252e-16,7.993,7.993,PRO-PRO,False
PRO72-PRO73,1.3499999999999999,2.220446049250313e-16,1.35,1.35,PRO-PRO,False
PRO72-PRO74,3.1410000000000005,4.440892098500626e-16,3.141,3.141,PRO-PRO,False
PRO72-PRO75,3.0399999999999996,4.440892098500626e-16,3.04,3.04,PRO-PRO,False
PRO72-PRO76,5.345,0.0,5.345,5.345,PRO-PRO,False
PRO72-PRO77,6.8370000000000015,1.7763568394002505e-15,6.837,6.837,PRO-PRO,False
PRO72-PRO78,2.275,0.0,2.275,2.275,PRO-PRO,False
PRO72-PRO79,7.325000000000001,8.881784197001252e-16,7.325,7.325,PRO-PRO,False
PRO72-PRO80,6.247,0.0,6.247,6.247,PRO-PRO,False
PRO72-PRO81,8.054,0.0,8.054,8.054,PRO-PRO,False
PRO72-PRO92,7.546,0.0,7.546,7.546,PRO-PRO,False
PRO72-PRO93,7.75,0.0,7.75,7.75,PRO-PRO,False
PRO72-PRO94,8.655,0.0,8.655,8.655,PRO-PRO,False
PRO72-PRO95,5.613,0.0,5.613,5.613,PRO-PRO,False
PRO72-PRO96,2.51775,0.18962324017452534,2.436,3.011,PRO-PRO,True
PRO72-PRO97,5.948999999999999,8.881784197001252e-16,5.949,5.949,PRO-PRO,False
PRO72-PRO98,6.476,0.0,6.476,6.476,PRO-PRO,False
PRO72-PRO99,3.1900000000000004,4.440892098500626e-16,3.19,3.19,PRO-PRO,False
PRO72-PRO100,2.7549999999999994,4.440892098500626e-16,2.755,2.755,PRO-PRO,False
PRO72-PRO101,6.381,0.0,6.381,6.381,PRO-PRO,False
PRO72-PRO102,6.268,0.0,6.268,6.268,PRO-PRO,False
PRO72-PRO103,2.167,0.0,2.167,2.167,PRO-PRO,False
PRO72-PRO104,2.422,0.0,2.422,2.422,PRO-PRO,False
PRO72-PRO105,7.969,0.0,7.969,7.969,PRO-PRO,False
PRO72-PRO106,9.397,0.0,9.397,9.397,PRO-PRO,False
PRO72-PRO109,6.528999999999998,1.7763568394002505e-15,6.529,6.529,PRO-PRO,False
PRO72-PRO110,9.01,0.0,9.01,9.01,PRO-PRO,False
PRO72-PRO111,7.639000000000001,8.881784197001252e-16,7.639,7.639,PRO-PRO,False
PRO72-PRO159,9.786,0.0,9.786,9.786,PRO-PRO,False
PRO73-PRO74,1.3510000000000002,2.220446049250313e-16,1.351,1.351,PRO-PRO,False
PRO73-PRO75,3.3030000000000004,4.440892098500626e-16,3.303,3.303,PRO-PRO,False
PRO73-PRO76,5.692,0.0,5.692,5.692,PRO-PRO,False
PRO73-PRO77,7.878999999999999,8.881784197001252e-16,7.879,7.879,PRO-PRO,False
PRO73-PRO78,4.628999999999999,8.881784197001252e-16,4.629,4.629,PRO-PRO,False
PRO73-PRO99,7.521,0.0,7.521,7.521,PRO-PRO,False
PRO73-PRO100,6.957999999999999,8.881784197001252e-16,6.958,6.958,PRO-PRO,False
PRO73-PRO101,7.097,0.0,7.097,7.097,PRO-PRO,False
PRO73-PRO102,4.256,0.0,4.256,4.256,PRO-PRO,False
PRO73-PRO103,2.221,0.0,2.221,2.221,PRO-PRO,False
PRO73-PRO104,2.8569999999999998,4.440892098500626e-16,2.857,2.857,PRO-PRO,False
PRO73-PRO105,5.118000000000001,8.881784197001252e-16,5.118,5.118,PRO-PRO,False
PRO73-PRO106,8.543,0.0,8.543,8.543,PRO-PRO,False
PRO73-PRO109,8.19,0.0,8.19,8.19,PRO-PRO,False
PRO73-PRO1409,8.918,0.0,8.918,8.918,PRO-PRO,False
PRO74-PRO75,1.3510000000000002,2.220446049250313e-16,1.351,1.351,PRO-PRO,False
PRO74-PRO76,4.108,0.0,4.108,4.108,PRO-PRO,False
PRO74-PRO77,6.064,0.0,6.064,6.064,PRO-PRO,False
PRO74-PRO78,5.242,0.0,5.242,5.242,PRO-PRO,False
PRO74-PRO79,9.854,0.0,9.854,9.854,PRO-PRO,False
PRO74-PRO100,9.007,0.0,9.007,9.007,PRO-PRO,False
PRO74-PRO103,5.399,0.0,5.399,5.399,PRO-PRO,False
PRO74-PRO104,4.331,0.0,4.331,4.331,PRO-PRO,False
PRO74-PRO109,9.521,0.0,9.521,9.521,PRO-PRO,False
PRO74-PRO110,10.0,0.0,10.0,10.0,PRO-PRO,False
PRO74-PRO1416,9.749,0.0,9.749,9.749,PRO-PRO,False
PRO74-PRO1419,7.480000000000002,1.7763568394002505e-15,7.48,7.48,PRO-PRO,False
PRO75-PRO76,1.3480000000000003,2.220446049250313e-16,1.348,1.348,PRO-PRO,False
PRO75-PRO77,3.3470000000000004,4.440892098500626e-16,3.347,3.347,PRO-PRO,False
PRO75-PRO78,2.9119999999999995,4.440892098500626e-16,2.912,2.912,PRO-PRO,False
PRO75-PRO79,7.045000000000001,8.881784197001252e-16,7.045,7.045,PRO-PRO,False
PRO75-PRO80,9.876,0.0,9.876,9.876,PRO-PRO,False
PRO75-PRO100,6.789000000000001,8.881784197001252e-16,6.789,6.789,PRO-PRO,False
PRO75-PRO103,6.085,0.0,6.085,6.085,PRO-PRO,False
PRO75-PRO104,1.7669999999999997,2.220446049250313e-16,1.767,1.767,PRO-PRO,False
PRO75-PRO109,6.189,0.0,6.189,6.189,PRO-PRO,False
PRO75-PRO110,6.923000000000001,8.881784197001252e-16,6.923,6.923,PRO-PRO,False
PRO75-PRO111,9.153999999999998,1.7763568394002505e-15,9.154,9.154,PRO-PRO,False
PRO75-PRO156,9.856,0.0,9.856,9.856,PRO-PRO,False
PRO75-PRO159,7.182000000000001,8.881784197001252e-16,7.182,7.182,PRO-PRO,False
PRO76-PRO77,1.353,0.0,1.353,1.353,PRO-PRO,False
PRO76-PRO78,3.933,0.0,3.933,3.933,PRO-PRO,False
PRO76-PRO79,7.730000000000002,1.7763568394002505e-15,7.73,7.73,PRO-PRO,False
PRO76-PRO80,9.402,0.0,9.402,9.402,PRO-PRO,False
PRO76-PRO100,6.738,0.0,6.738,6.738,PRO-PRO,False
PRO76-PRO103,7.344,0.0,7.344,7.344,PRO-PRO,False
PRO76-PRO104,3.0309999999999997,4.440892098500626e-16,3.031,3.031,PRO-PRO,False
PRO76-PRO106,9.103,0.0,9.103,9.103,PRO-PRO,False
PRO76-PRO109,3.703,0.0,3.703,3.703,PRO-PRO,False
PRO76-PRO110,2.5880000000000005,4.440892098500626e-16,2.588,2.588,PRO-PRO,False
PRO76-PRO111,6.6240000000000006,8.881784197001252e-16,6.624,6.624,PRO-PRO,False
PRO76-PRO112,8.894999999999998,1.7763568394002505e-15,8.895,8.895,PRO-PRO,False
PRO76-PRO156,9.646,0.0,9.646,9.646,PRO-PRO,False
PRO76-PRO159,5.582,0.0,5.582,5.582,PRO-PRO,False
PRO77-PRO78,1.346,0.0,1.346,1.346,PRO-PRO,False
PRO77-PRO79,3.858,0.0,3.858,3.858,PRO-PRO,False
PRO77-PRO80,6.3999999999999995,8.881784197001252e-16,6.4,6.4,PRO-PRO,False
PRO77-PRO81,9.199,0.0,9.199,9.199,PRO-PRO,False
PRO77-PRO96,9.728607142857143,0.018895084934815204,9.721,9.81,PRO-PRO,True
PRO77-PRO97,9.906,0.0,9.906,9.906,PRO-PRO,False
PRO77-PRO100,6.122,0.0,6.122,6.122,PRO-PRO,False
PRO77-PRO103,9.481,0.0,9.481,9.481,PRO-PRO,False
PRO77-PRO104,5.2139999999999995,8.881784197001252e-16,5.214,5.214,PRO-PRO,False
PRO77-PRO107,9.884,0.0,9.884,9.884,PRO-PRO,False
PRO77-PRO109,3.8419999999999996,4.440892098500626e-16,3.842,3.842,PRO-PRO,False
PRO77-PRO110,2.379,0.0,2.379,2.379,PRO-PRO,False
PRO77-PRO111,4.561,0.0,4.561,4.561,PRO-PRO,False
PRO77-PRO112,6.076,0.0,6.076,6.076,PRO-PRO,False
PRO77-PRO113,9.932,0.0,9.932,9.932,PRO-PRO,False
PRO77-PRO114,9.574,0.0,9.574,9.574,PRO-PRO,False
PRO77-PRO139,9.549999999999999,1.7763568394002505e-15,9.55,9.55,PRO-PRO,False
PRO77-PRO155,8.963,0.0,8.963,8.963,PRO-PRO,False
PRO77-PRO156,7.066000000000001,8.881784197001252e-16,7.066,7.066,PRO-PRO,False
PRO77-PRO159,2.855,0.0,2.855,2.855,PRO-PRO,False
PRO78-PRO79,1.3439999999999999,2.220446049250313e-16,1.344,1.344,PRO-PRO,False
PRO78-PRO80,2.6990000000000003,4.440892098500626e-16,2.699,2.699,PRO-PRO,False
PRO78-PRO81,6.442,0.0,6.442,6.442,PRO-PRO,False
PRO78-PRO93,8.081000000000001,1.7763568394002505e-15,8.081,8.081,PRO-PRO,False
PRO78-PRO95,9.546000000000001,1.7763568394002505e-15,9.546,9.546,PRO-PRO,False
PRO78-PRO96,5.352625000000001,0.023675305473968303,5.343,5.452,PRO-PRO,True
PRO78-PRO97,6.170000000000001,8.881784197001252e-16,6.17,6.17,PRO-PRO,False
PRO78-PRO98,9.306,0.0,9.306,9.306,PRO-PRO,False
PRO78-PRO99,7.631,0.0,7.631,7.631,PRO-PRO,False
PRO78-PRO100,2.567,0.0,2.567,2.567,PRO-PRO,False
PRO78-PRO101,7.006,0.0,7.006,7.006,PRO-PRO,False
PRO78-PRO102,8.915,0.0,8.915,8.915,PRO-PRO,False
PRO78-PRO103,4.956,0.0,4.956,4.956,PRO-PRO,False
PRO78-PRO104,2.361,0.0,2.361,2.361,PRO-PRO,False
PRO78-PRO105,8.24,0.0,8.24,8.24,PRO-PRO,False
PRO78-PRO106,7.994999999999999,8.881784197001252e-16,7.995,7.995,PRO-PRO,False
PRO78-PRO107,8.171,0.0,8.171,8.171,PRO-PRO,False
PRO78-PRO109,2.4,0.0,2.4,2.4,PRO-PRO,False
PRO78-PRO110,1.9950000000000006,4.440892098500626e-16,1.995,1.995,PRO-PRO,False
PRO78-PRO111,2.372,0.0,2.372,2.372,PRO-PRO,False
PRO78-PRO112,2.2839999999999994,4.440892098500626e-16,2.284,2.284,PRO-PRO,False
PRO78-PRO113,5.853000000000001,8.881784197001252e-16,5.853,5.853,PRO-PRO,False
PRO78-PRO114,5.841,0.0,5.841,5.841,PRO-PRO,False
PRO78-PRO137,9.653999999999998,1.7763568394002505e-15,9.654,9.654,PRO-PRO,False
PRO78-PRO139,6.7139999999999995,8.881784197001252e-16,6.714,6.714,PRO-PRO,False
PRO78-PRO141,9.522,0.0,9.522,9.522,PRO-PRO,False
PRO78-PRO142,8.585,0.0,8.585,8.585,PRO-PRO,False
PRO78-PRO155,7.457999999999999,8.881784197001252e-16,7.458,7.458,PRO-PRO,False
PRO78-PRO156,7.174999999999999,8.881784197001252e-16,7.175,7.175,PRO-PRO,False
PRO78-PRO159,2.374,0.0,2.374,2.374,PRO-PRO,False
PRO79-PRO80,1.3469999999999998,2.220446049250313e-16,1.347,1.347,PRO-PRO,False
PRO79-PRO81,2.5910000000000006,4.440892098500626e-16,2.591,2.591,PRO-PRO,False
PRO79-PRO82,6.878,0.0,6.878,6.878,PRO-PRO,False
PRO79-PRO93,6.3950000000000005,8.881784197001252e-16,6.395,6.395,PRO-PRO,False
PRO79-PRO96,6.682392857142857,0.013636451375722813,6.677,6.741,PRO-PRO,True
PRO79-PRO97,9.107,0.0,9.107,9.107,PRO-PRO,False
PRO79-PRO100,5.823999999999999,8.881784197001252e-16,5.824,5.824,PRO-PRO,False
PRO79-PRO104,9.697999999999999,1.7763568394002505e-15,9.698,9.698,PRO-PRO,False
PRO79-PRO109,7.966,0.0,7.966,7.966,PRO-PRO,False
PRO79-PRO110,5.692999999999999,8.881784197001252e-16,5.693,5.693,PRO-PRO,False
PRO79-PRO111,4.315,0.0,4.315,4.315,PRO-PRO,False
PRO79-PRO112,2.198,0.0,2.198,2.198,PRO-PRO,False
PRO79-PRO113,5.267,0.0,5.267,5.267,PRO-PRO,False
PRO79-PRO114,2.279,0.0,2.279,2.279,PRO-PRO,False
PRO79-PRO115,7.271999999999999,8.881784197001252e-16,7.272,7.272,PRO-PRO,False
PRO79-PRO116,6.6899999999999995,8.881784197001252e-16,6.69,6.69,PRO-PRO,False
PRO79-PRO117,9.869,0.0,9.869,9.869,PRO-PRO,False
PRO79-PRO139,7.322000000000001,8.881784197001252e-16,7.322,7.322,PRO-PRO,False
PRO79-PRO141,7.994,0.0,7.994,7.994,PRO-PRO,False
PRO79-PRO142,4.403,0.0,4.403,4.403,PRO-PRO,False
PRO79-PRO143,8.86,0.0,8.86,8.86,PRO-PRO,False
PRO79-PRO144,5.095,0.0,5.095,5.095,PRO-PRO,False
PRO79-PRO145,9.400999999999998,1.7763568394002505e-15,9.401,9.401,PRO-PRO,False
PRO79-PRO146,8.595,0.0,8.595,8.595,PRO-PRO,False
PRO79-PRO150,9.339,0.0,9.339,9.339,PRO-PRO,False
PRO79-PRO151,6.488999999999999,8.881784197001252e-16,6.489,6.489,PRO-PRO,False
PRO79-PRO152,5.407000000000001,8.881784197001252e-16,5.407,5.407,PRO-PRO,False
PRO79-PRO153,7.326,0.0,7.326,7.326,PRO-PRO,False
PRO79-PRO154,6.159,0.0,6.159,6.159,PRO-PRO,False
PRO79-PRO155,2.1619999999999995,4.440892098500626e-16,2.162,2.162,PRO-PRO,False
PRO79-PRO156,2.762,0.0,2.762,2.762,PRO-PRO,False
PRO79-PRO159,2.3159999999999994,4.440892098500626e-16,2.316,2.316,PRO-PRO,False
PRO79-GTP,9.352000000000002,1.7763568394002505e-15,9.352,9.352,PRO-GTP,False
PRO80-PRO81,1.3439999999999999,2.220446049250313e-16,1.344,1.344,PRO-PRO,False
PRO80-PRO82,3.971,0.0,3.971,3.971,PRO-PRO,False
PRO80-PRO83,7.752000000000001,8.881784197001252e-16,7.752,7.752,PRO-PRO,False
PRO80-PRO84,9.757999999999997,1.7763568394002505e-15,9.758,9.758,PRO-PRO,False
PRO80-PRO89,7.186,0.0,7.186,7.186,PRO-PRO,False
PRO80-PRO90,7.581000000000001,8.881784197001252e-16,7.581,7.581,PRO-PRO,False
PRO80-PRO91,9.117000000000003,1.7763568394002505e-15,9.117,9.117,PRO-PRO,False
PRO80-PRO92,6.390999999999999,8.881784197001252e-16,6.391,6.391,PRO-PRO,False
PRO80-PRO93,2.4229999999999996,4.440892098500626e-16,2.423,2.423,PRO-PRO,False
PRO80-PRO94,6.701,0.0,6.701,6.701,PRO-PRO,False
PRO80-PRO95,7.93,0.0,7.93,7.93,PRO-PRO,False
PRO80-PRO96,4.307660714285714,0.04142561180930849,4.156,4.325,PRO-PRO,True
PRO80-PRO97,5.278,0.0,5.278,5.278,PRO-PRO,False
PRO80-PRO98,8.184,0.0,8.184,8.184,PRO-PRO,False
PRO80-PRO99,8.891,0.0,8.891,8.891,PRO-PRO,False
PRO80-PRO100,3.5500000000000003,4.440892098500626e-16,3.55,3.55,PRO-PRO,False
PRO80-PRO101,8.763,0.0,8.763,8.763,PRO-PRO,False
PRO80-PRO104,9.917,0.0,9.917,9.917,PRO-PRO,False
PRO80-PRO109,7.36,0.0,7.36,7.36,PRO-PRO,False
PRO80-PRO110,5.756999999999999,8.881784197001252e-16,5.757,5.757,PRO-PRO,False
PRO80-PRO111,2.3249999999999997,4.440892098500626e-16,2.325,2.325,PRO-PRO,False
PRO80-PRO112,1.92,0.0,1.92,1.92,PRO-PRO,False
PRO80-PRO113,2.5820000000000003,4.440892098500626e-16,2.582,2.582,PRO-PRO,False
PRO80-PRO114,1.7810000000000001,2.220446049250313e-16,1.781,1.781,PRO-PRO,False
PRO80-PRO115,5.386000000000001,8.881784197001252e-16,5.386,5.386,PRO-PRO,False
PRO80-PRO116,6.613999999999999,8.881784197001252e-16,6.614,6.614,PRO-PRO,False
PRO80-PRO125,9.75,0.0,9.75,9.75,PRO-PRO,False
PRO80-PRO130,8.374,0.0,8.374,8.374,PRO-PRO,False
PRO80-PRO133,7.235999999999999,8.881784197001252e-16,7.236,7.236,PRO-PRO,False
PRO80-PRO134,8.010999999999997,1.7763568394002505e-15,8.011,8.011,PRO-PRO,False
PRO80-PRO137,6.893,0.0,6.893,6.893,PRO-PRO,False
PRO80-PRO139,4.245,0.0,4.245,4.245,PRO-PRO,False
PRO80-PRO141,6.380000000000001,8.881784197001252e-16,6.38,6.38,PRO-PRO,False
PRO80-PRO142,6.534999999999998,1.7763568394002505e-15,6.535,6.535,PRO-PRO,False
PRO80-PRO143,8.438,0.0,8.438,8.438,PRO-PRO,False
PRO80-PRO144,7.936999999999999,8.881784197001252e-16,7.937,7.937,PRO-PRO,False
PRO80-PRO155,6.482,0.0,6.482,6.482,PRO-PRO,False
PRO80-PRO156,8.103,0.0,8.103,8.103,PRO-PRO,False
PRO80-PRO159,5.085999999999999,8.881784197001252e-16,5.086,5.086,PRO-PRO,False
PRO81-PRO82,1.343,0.0,1.343,1.343,PRO-PRO,False
PRO81-PRO83,4.3500000000000005,8.881784197001252e-16,4.35,4.35,PRO-PRO,False
PRO81-PRO84,6.596000000000002,1.7763568394002505e-15,6.596,6.596,PRO-PRO,False
PRO81-PRO85,8.629,0.0,8.629,8.629,PRO-PRO,False
PRO81-PRO86,7.484000000000001,8.881784197001252e-16,7.484,7.484,PRO-PRO,False
PRO81-PRO87,9.283,0.0,9.283,9.283,PRO-PRO,False
PRO81-PRO88,7.793999999999999,8.881784197001252e-16,7.794,7.794,PRO-PRO,False
PRO81-PRO89,3.887999999999999,8.881784197001252e-16,3.888,3.888,PRO-PRO,False
PRO81-PRO90,5.795000000000001,8.881784197001252e-16,5.795,5.795,PRO-PRO,False
PRO81-PRO91,8.102000000000002,1.7763568394002505e-15,8.102,8.102,PRO-PRO,False
PRO81-PRO92,5.583999999999999,8.881784197001252e-16,5.584,5.584,PRO-PRO,False
PRO81-PRO93,2.8270000000000004,4.440892098500626e-16,2.827,2.827,PRO-PRO,False
PRO81-PRO94,8.769,0.0,8.769,8.769,PRO-PRO,False
PRO81-PRO95,9.781999999999998,1.7763568394002505e-15,9.782,9.782,PRO-PRO,False
PRO81-PRO96,5.098553571428572,0.1098245223141471,4.692,5.14,PRO-PRO,True
PRO81-PRO97,8.635999999999997,1.7763568394002505e-15,8.636,8.636,PRO-PRO,False
PRO81-PRO100,7.269999999999998,1.7763568394002505e-15,7.27,7.27,PRO-PRO,False
PRO81-PRO111,7.579999999999999,8.881784197001252e-16,7.58,7.58,PRO-PRO,False
PRO81-PRO112,5.264,0.0,5.264,5.264,PRO-PRO,False
PRO81-PRO113,4.082999999999999,8.881784197001252e-16,4.083,4.083,PRO-PRO,False
PRO81-PRO114,2.202,0.0,2.202,2.202,PRO-PRO,False
PRO81-PRO115,4.474,0.0,4.474,4.474,PRO-PRO,False
PRO81-PRO116,2.7630000000000003,4.440892098500626e-16,2.763,2.763,PRO-PRO,False
PRO81-PRO117,6.131,0.0,6.131,6.131,PRO-PRO,False
PRO81-PRO118,8.418999999999999,1.7763568394002505e-15,8.419,8.419,PRO-PRO,False
PRO81-PRO125,8.331000000000001,1.7763568394002505e-15,8.331,8.331,PRO-PRO,False
PRO81-PRO130,8.695,0.0,8.695,8.695,PRO-PRO,False
PRO81-PRO133,8.822000000000001,1.7763568394002505e-15,8.822,8.822,PRO-PRO,False
PRO81-PRO139,8.074,0.0,8.074,8.074,PRO-PRO,False
PRO81-PRO141,6.881999999999999,8.881784197001252e-16,6.882,6.882,PRO-PRO,False
PRO81-PRO142,6.2299999999999995,8.881784197001252e-16,6.23,6.23,PRO-PRO,False
PRO81-PRO143,6.893,0.0,6.893,6.893,PRO-PRO,False
PRO81-PRO144,4.685,0.0,4.685,4.685,PRO-PRO,False
PRO81-PRO145,8.299,0.0,8.299,8.299,PRO-PRO,False
PRO81-PRO146,7.244999999999999,8.881784197001252e-16,7.245,7.245,PRO-PRO,False
PRO81-PRO150,9.562,0.0,9.562,9.562,PRO-PRO,False
PRO81-PRO151,8.76,0.0,8.76,8.76,PRO-PRO,False
PRO81-PRO152,7.322000000000001,8.881784197001252e-16,7.322,7.322,PRO-PRO,False
PRO81-PRO155,5.621000000000001,8.881784197001252e-16,5.621,5.621,PRO-PRO,False
PRO81-PRO156,6.089999999999999,8.881784197001252e-16,6.09,6.09,PRO-PRO,False
PRO81-PRO159,6.948,0.0,6.948,6.948,PRO-PRO,False
PRO81-GTP,6.216,0.0,6.216,6.216,PRO-GTP,False
PRO82-PRO83,1.3439999999999999,2.220446049250313e-16,1.344,1.344,PRO-PRO,False
PRO82-PRO84,2.594,0.0,2.594,2.594,PRO-PRO,False
PRO82-PRO85,5.473999999999999,8.881784197001252e-16,5.474,5.474,PRO-PRO,False
PRO82-PRO86,4.253999999999999,8.881784197001252e-16,4.254,4.254,PRO-PRO,False
PRO82-PRO87,5.741999999999999,8.881784197001252e-16,5.742,5.742,PRO-PRO,False
PRO82-PRO88,5.811999999999999,8.881784197001252e-16,5.812,5.812,PRO-PRO,False
PRO82-PRO89,2.4229999999999996,4.440892098500626e-16,2.423,2.423,PRO-PRO,False
PRO82-PRO90,2.7070000000000003,4.440892098500626e-16,2.707,2.707,PRO-PRO,False
PRO82-PRO91,5.423000000000001,8.881784197001252e-16,5.423,5.423,PRO-PRO,False
PRO82-PRO92,5.476,0.0,5.476,5.476,PRO-PRO,False
PRO82-PRO93,2.2710000000000004,4.440892098500626e-16,2.271,2.271,PRO-PRO,False
PRO82-PRO94,7.107999999999999,8.881784197001252e-16,7.108,7.108,PRO-PRO,False
PRO82-PRO95,8.924999999999999,1.7763568394002505e-15,8.925,8.925,PRO-PRO,False
PRO82-PRO96,6.256785714285714,0.10355204252067708,5.834,6.299,PRO-PRO,True
PRO82-PRO97,9.268,0.0,9.268,9.268,PRO-PRO,False
PRO82-PRO111,9.725,0.0,9.725,9.725,PRO-PRO,False
PRO82-PRO112,6.997,0.0,6.997,6.997,PRO-PRO,False
PRO82-PRO113,2.27,0.0,2.27,2.27,PRO-PRO,False
PRO82-PRO114,1.907,0.0,1.907,1.907,PRO-PRO,False
PRO82-PRO115,2.8969999999999994,4.440892098500626e-16,2.897,2.897,PRO-PRO,False
PRO82-PRO116,1.808,0.0,1.808,1.808,PRO-PRO,False
PRO82-PRO117,5.249,0.0,5.249,5.249,PRO-PRO,False
PRO82-PRO118,7.28,0.0,7.28,7.28,PRO-PRO,False
PRO82-PRO119,9.769,0.0,9.769,9.769,PRO-PRO,False
PRO82-PRO120,9.01,0.0,9.01,9.01,PRO-PRO,False
PRO82-PRO122,9.325000000000001,1.7763568394002505e-15,9.325,9.325,PRO-PRO,False
PRO82-PRO123,3.3859999999999997,4.440892098500626e-16,3.386,3.386,PRO-PRO,False
PRO82-PRO124,6.894999999999998,1.7763568394002505e-15,6.895,6.895,PRO-PRO,False
PRO82-PRO125,2.6200000000000006,4.440892098500626e-16,2.62,2.62,PRO-PRO,False
PRO82-PRO127,4.303,0.0,4.303,4.303,PRO-PRO,False
PRO82-PRO129,6.698999999999999,8.881784197001252e-16,6.699,6.699,PRO-PRO,False
PRO82-PRO130,2.538,0.0,2.538,2.538,PRO-PRO,False
PRO82-PRO133,5.296,0.0,5.296,5.296,PRO-PRO,False
PRO82-PRO134,5.853000000000001,8.881784197001252e-16,5.853,5.853,PRO-PRO,False
PRO82-PRO137,8.74,0.0,8.74,8.74,PRO-PRO,False
PRO82-PRO139,6.954999999999999,8.881784197001252e-16,6.955,6.955,PRO-PRO,False
PRO82-PRO141,2.4580000000000006,4.440892098500626e-16,2.458,2.458,PRO-PRO,False
PRO82-PRO142,5.494,0.0,5.494,5.494,PRO-PRO,False
PRO82-PRO143,4.37,0.0,4.37,4.37,PRO-PRO,False
PRO82-PRO144,6.121000000000001,8.881784197001252e-16,6.121,6.121,PRO-PRO,False
PRO82-PRO145,8.499,0.0,8.499,8.499,PRO-PRO,False
PRO82-PRO146,8.952,0.0,8.952,8.952,PRO-PRO,False
PRO82-PRO152,9.851,0.0,9.851,9.851,PRO-PRO,False
PRO82-PRO155,8.674999999999999,1.7763568394002505e-15,8.675,8.675,PRO-PRO,False
PRO82-PRO1277,9.468000000000002,1.7763568394002505e-15,9.468,9.468,PRO-PRO,False
PRO82-GTP,7.896999999999999,8.881784197001252e-16,7.897,7.897,PRO-GTP,False
PRO83-PRO84,1.3439999999999999,2.220446049250313e-16,1.344,1.344,PRO-PRO,False
PRO83-PRO85,2.7319999999999998,4.440892098500626e-16,2.732,2.732,PRO-PRO,False
PRO83-PRO86,2.046,0.0,2.046,2.046,PRO-PRO,False
PRO83-PRO87,4.947,0.0,4.947,4.947,PRO-PRO,False
PRO83-PRO88,6.393999999999999,8.881784197001252e-16,6.394,6.394,PRO-PRO,False
PRO83-PRO89,1.9119999999999995,4.440892098500626e-16,1.912,1.912,PRO-PRO,False
PRO83-PRO90,4.381999999999999,8.881784197001252e-16,4.382,4.382,PRO-PRO,False
PRO83-PRO91,7.027,0.0,7.027,7.027,PRO-PRO,False
PRO83-PRO92,7.221000000000002,1.7763568394002505e-15,7.221,7.221,PRO-PRO,False
PRO83-PRO93,5.869,0.0,5.869,5.869,PRO-PRO,False
PRO83-PRO96,8.486035714285714,0.20815919082396953,7.771,8.574,PRO-PRO,True
PRO83-PRO113,7.695999999999999,8.881784197001252e-16,7.696,7.696,PRO-PRO,False
PRO83-PRO114,5.2749999999999995,8.881784197001252e-16,5.275,5.275,PRO-PRO,False
PRO83-PRO115,4.204999999999999,8.881784197001252e-16,4.205,4.205,PRO-PRO,False
PRO83-PRO116,2.4179999999999997,4.440892098500626e-16,2.418,2.418,PRO-PRO,False
PRO83-PRO117,2.8440000000000003,4.440892098500626e-16,2.844,2.844,PRO-PRO,False
PRO83-PRO118,6.313000000000001,8.881784197001252e-16,6.313,6.313,PRO-PRO,False
PRO83-PRO119,8.37,0.0,8.37,8.37,PRO-PRO,False
PRO83-PRO120,5.366,0.0,5.366,5.366,PRO-PRO,False
PRO83-PRO122,7.953000000000001,8.881784197001252e-16,7.953,7.953,PRO-PRO,False
PRO83-PRO123,6.148000000000001,8.881784197001252e-16,6.148,6.148,PRO-PRO,False
PRO83-PRO124,5.479,0.0,5.479,5.479,PRO-PRO,False
PRO83-PRO125,3.1430000000000002,4.440892098500626e-16,3.143,3.143,PRO-PRO,False
PRO83-PRO127,9.152,0.0,9.152,9.152,PRO-PRO,False
PRO83-PRO129,10.001,0.0,10.001,10.001,PRO-PRO,False
PRO83-PRO130,7.909,0.0,7.909,7.909,PRO-PRO,False
PRO83-PRO133,9.885,0.0,9.885,9.885,PRO-PRO,False
PRO83-PRO141,8.010999999999997,1.7763568394002505e-15,8.011,8.011,PRO-PRO,False
PRO83-PRO142,8.516999999999998,1.7763568394002505e-15,8.517,8.517,PRO-PRO,False
PRO83-PRO143,7.482,0.0,7.482,7.482,PRO-PRO,False
PRO83-PRO144,6.567,0.0,6.567,6.567,PRO-PRO,False
PRO83-PRO145,7.902,0.0,7.902,7.902,PRO-PRO,False
PRO83-PRO146,8.498,0.0,8.498,8.498,PRO-PRO,False
PRO83-PRO1276,8.455,0.0,8.455,8.455,PRO-PRO,False
PRO83-PRO1277,7.180999999999999,8.881784197001252e-16,7.181,7.181,PRO-PRO,False
PRO83-PRO1278,8.237,0.0,8.237,8.237,PRO-PRO,False
PRO83-GTP,6.524,0.0,6.524,6.524,PRO-GTP,False
PRO84-PRO85,1.3439999999999999,2.220446049250313e-16,1.344,1.344,PRO-PRO,False
PRO84-PRO86,2.924,0.0,2.924,2.924,PRO-PRO,False
PRO84-PRO87,5.619,0.0,5.619,5.619,PRO-PRO,False
PRO84-PRO88,8.463,0.0,8.463,8.463,PRO-PRO,False
PRO84-PRO89,5.39,0.0,5.39,5.39,PRO-PRO,False
PRO84-PRO90,5.331,0.0,5.331,5.331,PRO-PRO,False
PRO84-PRO91,9.007999999999997,1.7763568394002505e-15,9.008,9.008,PRO-PRO,False
PRO84-PRO93,8.808,0.0,8.808,8.808,PRO-PRO,False
PRO84-PRO113,8.124,0.0,8.124,8.124,PRO-PRO,False
PRO84-PRO114,6.153,0.0,6.153,6.153,PRO-PRO,False
PRO84-PRO115,3.317,0.0,3.317,3.317,PRO-PRO,False
PRO84-PRO116,2.033,0.0,2.033,2.033,PRO-PRO,False
PRO84-PRO117,2.19,0.0,2.19,2.19,PRO-PRO,False
PRO84-PRO118,2.3730000000000007,4.440892098500626e-16,2.373,2.373,PRO-PRO,False
PRO84-PRO119,5.057000000000001,8.881784197001252e-16,5.057,5.057,PRO-PRO,False
PRO84-PRO120,2.154,0.0,2.154,2.154,PRO-PRO,False
PRO84-PRO121,5.671,0.0,5.671,5.671,PRO-PRO,False
PRO84-PRO122,2.7309999999999994,4.440892098500626e-16,2.731,2.731,PRO-PRO,False
PRO84-PRO123,2.108,0.0,2.108,2.108,PRO-PRO,False
PRO84-PRO124,2.004,0.0,2.004,2.004,PRO-PRO,False
PRO84-PRO125,2.081,0.0,2.081,2.081,PRO-PRO,False
PRO84-PRO127,5.460999999999999,8.881784197001252e-16,5.461,5.461,PRO-PRO,False
PRO84-PRO129,8.576,0.0,8.576,8.576,PRO-PRO,False
PRO84-PRO130,5.762999999999999,8.881784197001252e-16,5.763,5.763,PRO-PRO,False
PRO84-PRO141,5.351999999999999,8.881784197001252e-16,5.352,5.352,PRO-PRO,False
PRO84-PRO142,7.180999999999999,8.881784197001252e-16,7.181,7.181,PRO-PRO,False
PRO84-PRO143,4.288,0.0,4.288,4.288,PRO-PRO,False
PRO84-PRO144,5.165,0.0,5.165,5.165,PRO-PRO,False
PRO84-PRO145,6.883000000000001,8.881784197001252e-16,6.883,6.883,PRO-PRO,False
PRO84-PRO146,8.458,0.0,8.458,8.458,PRO-PRO,False
PRO84-PRO147,8.823,0.0,8.823,8.823,PRO-PRO,False
PRO84-PRO148,9.778999999999998,1.7763568394002505e-15,9.779,9.779,PRO-PRO,False
PRO84-PRO150,9.821,0.0,9.821,9.821,PRO-PRO,False
PRO84-GTP,6.4750000000000005,8.881784197001252e-16,6.475,6.475,PRO-GTP,False
PRO85-PRO86,1.352,0.0,1.352,1.352,PRO-PRO,False
PRO85-PRO87,3.791,0.0,3.791,3.791,PRO-PRO,False
PRO85-PRO88,6.113999999999999,8.881784197001252e-16,6.114,6.114,PRO-PRO,False
PRO85-PRO89,5.279000000000001,8.881784197001252e-16,5.279,5.279,PRO-PRO,False
PRO85-PRO90,6.915,0.0,6.915,6.915,PRO-PRO,False
PRO85-PRO91,9.156,0.0,9.156,9.156,PRO-PRO,False
PRO85-PRO114,9.263999999999998,1.7763568394002505e-15,9.264,9.264,PRO-PRO,False
PRO85-PRO115,7.453000000000001,8.881784197001252e-16,7.453,7.453,PRO-PRO,False
PRO85-PRO116,4.56,0.0,4.56,4.56,PRO-PRO,False
PRO85-PRO117,2.898,0.0,2.898,2.898,PRO-PRO,False
PRO85-PRO118,6.917000000000001,8.881784197001252e-16,6.917,6.917,PRO-PRO,False
PRO85-PRO119,7.976,0.0,7.976,7.976,PRO-PRO,False
PRO85-PRO120,2.829,0.0,2.829,2.829,PRO-PRO,False
PRO85-PRO121,6.918999999999999,8.881784197001252e-16,6.919,6.919,PRO-PRO,False
PRO85-PRO122,3.5749999999999997,4.440892098500626e-16,3.575,3.575,PRO-PRO,False
PRO85-PRO123,3.1529999999999996,4.440892098500626e-16,3.153,3.153,PRO-PRO,False
PRO85-PRO124,2.264,0.0,2.264,2.264,PRO-PRO,False
PRO85-PRO125,3.7130000000000005,4.440892098500626e-16,3.713,3.713,PRO-PRO,False
PRO85-PRO127,9.472,0.0,9.472,9.472,PRO-PRO,False
PRO85-PRO130,9.559,0.0,9.559,9.559,PRO-PRO,False
PRO85-PRO143,9.615,0.0,9.615,9.615,PRO-PRO,False
PRO85-PRO144,8.951,0.0,8.951,8.951,PRO-PRO,False
PRO85-PRO145,9.522999999999998,1.7763568394002505e-15,9.523,9.523,PRO-PRO,False
PRO85-PRO147,9.525,0.0,9.525,9.525,PRO-PRO,False
PRO85-PRO1233,9.078000000000001,1.7763568394002505e-15,9.078,9.078,PRO-PRO,False
PRO85-PRO1236,9.519999999999998,1.7763568394002505e-15,9.52,9.52,PRO-PRO,False
PRO85-PRO1267,9.477000000000002,1.7763568394002505e-15,9.477,9.477,PRO-PRO,False
PRO85-PRO1269,8.375,0.0,8.375,8.375,PRO-PRO,False
PRO85-PRO1273,8.379,0.0,8.379,8.379,PRO-PRO,False
PRO85-PRO1276,7.985,0.0,7.985,7.985,PRO-PRO,False
PRO85-PRO1277,6.840000000000002,1.7763568394002505e-15,6.84,6.84,PRO-PRO,False
PRO85-PRO1278,8.059,0.0,8.059,8.059,PRO-PRO,False
PRO85-GTP,6.268,0.0,6.268,6.268,PRO-GTP,False
PRO86-PRO87,1.3510000000000002,2.220446049250313e-16,1.351,1.351,PRO-PRO,False
PRO86-PRO88,2.611,0.0,2.611,2.611,PRO-PRO,False
PRO86-PRO89,1.7189999999999999,2.220446049250313e-16,1.719,1.719,PRO-PRO,False
PRO86-PRO90,2.5449999999999995,4.440892098500626e-16,2.545,2.545,PRO-PRO,False
PRO86-PRO91,4.859000000000001,8.881784197001252e-16,4.859,4.859,PRO-PRO,False
PRO86-PRO92,6.474000000000002,1.7763568394002505e-15,6.474,6.474,PRO-PRO,False
PRO86-PRO93,7.093000000000002,1.7763568394002505e-15,7.093,7.093,PRO-PRO,False
PRO86-PRO96,8.54155357142857,0.17658758648764272,7.553,8.601,PRO-PRO,True
PRO86-PRO113,9.604,0.0,9.604,9.604,PRO-PRO,False
PRO86-PRO114,9.076,0.0,9.076,9.076,PRO-PRO,False
PRO86-PRO115,7.752000000000001,8.881784197001252e-16,7.752,7.752,PRO-PRO,False
PRO86-PRO116,6.2250000000000005,8.881784197001252e-16,6.225,6.225,PRO-PRO,False
PRO86-PRO117,5.691000000000001,8.881784197001252e-16,5.691,5.691,PRO-PRO,False
PRO86-PRO118,9.093000000000002,1.7763568394002505e-15,9.093,9.093,PRO-PRO,False
PRO86-PRO120,7.097,0.0,7.097,7.097,PRO-PRO,False
PRO86-PRO122,7.566000000000001,8.881784197001252e-16,7.566,7.566,PRO-PRO,False
PRO86-PRO123,5.881999999999999,8.881784197001252e-16,5.882,5.882,PRO-PRO,False
PRO86-PRO124,3.48,0.0,3.48,3.48,PRO-PRO,False
PRO86-PRO125,2.9520000000000004,4.440892098500626e-16,2.952,2.952,PRO-PRO,False
PRO86-PRO130,8.985,0.0,8.985,8.985,PRO-PRO,False
PRO86-PRO1233,6.229,0.0,6.229,6.229,PRO-PRO,False
PRO86-PRO1234,8.385,0.0,8.385,8.385,PRO-PRO,False
PRO86-PRO1236,7.7879999999999985,1.7763568394002505e-15,7.788,7.788,PRO-PRO,False
PRO86-PRO1273,9.731,0.0,9.731,9.731,PRO-PRO,False
PRO86-PRO1275,8.156,0.0,8.156,8.156,PRO-PRO,False
PRO86-PRO1276,5.704999999999999,8.881784197001252e-16,5.705,5.705,PRO-PRO,False
PRO86-PRO1277,2.986,0.0,2.986,2.986,PRO-PRO,False
PRO86-PRO1278,3.3820000000000006,4.440892098500626e-16,3.382,3.382,PRO-PRO,False
PRO86-PRO1279,7.795000000000001,8.881784197001252e-16,7.795,7.795,PRO-PRO,False
PRO86-PRO1282,9.369,0.0,9.369,9.369,PRO-PRO,False
PRO86-PRO1283,9.232,0.0,9.232,9.232,PRO-PRO,False
PRO86-GTP,7.351,0.0,7.351,7.351,PRO-GTP,False
PRO87-PRO88,1.3469999999999998,2.220446049250313e-16,1.347,1.347,PRO-PRO,False
PRO87-PRO89,3.1260000000000003,4.440892098500626e-16,3.126,3.126,PRO-PRO,False
PRO87-PRO90,2.6750000000000003,4.440892098500626e-16,2.675,2.675,PRO-PRO,False
PRO87-PRO91,2.192,0.0,2.192,2.192,PRO-PRO,False
PRO87-PRO92,4.701,0.0,4.701,4.701,PRO-PRO,False
PRO87-PRO93,6.448,0.0,6.448,6.448,PRO-PRO,False
PRO87-PRO94,8.278,0.0,8.278,8.278,PRO-PRO,False
PRO87-PRO95,9.507,0.0,9.507,9.507,PRO-PRO,False
PRO87-PRO96,9.532410714285716,0.24387268171159346,8.676,9.634,PRO-PRO,True
PRO87-PRO113,9.893,0.0,9.893,9.893,PRO-PRO,False
PRO87-PRO115,9.790999999999999,1.7763568394002505e-15,9.791,9.791,PRO-PRO,False
PRO87-PRO116,9.728,0.0,9.728,9.728,PRO-PRO,False
PRO87-PRO117,9.673999999999998,1.7763568394002505e-15,9.674,9.674,PRO-PRO,False
PRO87-PRO122,9.578999999999999,1.7763568394002505e-15,9.579,9.579,PRO-PRO,False
PRO87-PRO123,6.400999999999998,1.7763568394002505e-15,6.401,6.401,PRO-PRO,False
PRO87-PRO124,2.539,0.0,2.539,2.539,PRO-PRO,False
PRO87-PRO125,2.352,0.0,2.352,2.352,PRO-PRO,False
PRO87-PRO127,9.603,0.0,9.603,9.603,PRO-PRO,False
PRO87-PRO129,7.210999999999999,8.881784197001252e-16,7.211,7.211,PRO-PRO,False
PRO87-PRO130,8.589,0.0,8.589,8.589,PRO-PRO,False
PRO87-PRO133,8.673,0.0,8.673,8.673,PRO-PRO,False
PRO87-PRO1231,8.843000000000002,1.7763568394002505e-15,8.843,8.843,PRO-PRO,False
PRO87-PRO1232,7.101,0.0,7.101,7.101,PRO-PRO,False
PRO87-PRO1233,3.395,0.0,3.395,3.395,PRO-PRO,False
PRO87-PRO1234,6.048000000000001,8.881784197001252e-16,6.048,6.048,PRO-PRO,False
PRO87-PRO1235,8.931,0.0,8.931,8.931,PRO-PRO,False
PRO87-PRO1236,6.420000000000001,8.881784197001252e-16,6.42,6.42,PRO-PRO,False
PRO87-PRO1277,7.724000000000002,1.7763568394002505e-15,7.724,7.724,PRO-PRO,False
PRO87-PRO1278,5.75,0.0,5.75,5.75,PRO-PRO,False
PRO87-PRO1279,8.738,0.0,8.738,8.738,PRO-PRO,False
PRO88-PRO89,1.3499999999999999,2.220446049250313e-16,1.35,1.35,PRO-PRO,False
PRO88-PRO90,3.206,0.0,3.206,3.206,PRO-PRO,False
PRO88-PRO91,2.453,0.0,2.453,2.453,PRO-PRO,False
PRO88-PRO92,1.638,0.0,1.638,1.638,PRO-PRO,False
PRO88-PRO93,4.957999999999999,8.881784197001252e-16,4.958,4.958,PRO-PRO,False
PRO88-PRO94,7.201999999999999,8.881784197001252e-16,7.202,7.202,PRO-PRO,False
PRO88-PRO95,6.122,0.0,6.122,6.122,PRO-PRO,False
PRO88-PRO96,5.249089285714285,0.10013281836528672,4.619,5.409,PRO-PRO,True
PRO88-PRO113,9.865,0.0,9.865,9.865,PRO-PRO,False
PRO88-PRO124,5.716,0.0,5.716,5.716,PRO-PRO,False
PRO88-PRO125,5.564,0.0,5.564,5.564,PRO-PRO,False
PRO88-PRO133,9.388999999999998,1.7763568394002505e-15,9.389,9.389,PRO-PRO,False
PRO88-PRO1231,8.801,0.0,8.801,8.801,PRO-PRO,False
PRO88-PRO1232,6.727000000000002,1.7763568394002505e-15,6.727,6.727,PRO-PRO,False
PRO88-PRO1233,2.671,0.0,2.671,2.671,PRO-PRO,False
PRO88-PRO1234,3.381,0.0,3.381,3.381,PRO-PRO,False
PRO88-PRO1235,6.631,0.0,6.631,6.631,PRO-PRO,False
PRO88-PRO1236,5.700000000000001,8.881784197001252e-16,5.7,5.7,PRO-PRO,False
PRO88-PRO1237,6.149857142857143,0.11055160859646186,5.437,6.441,PRO-PRO,True
PRO88-PRO1275,9.236000000000002,1.7763568394002505e-15,9.236,9.236,PRO-PRO,False
PRO88-PRO1276,8.103,0.0,8.103,8.103,PRO-PRO,False
PRO88-PRO1277,4.873,0.0,4.873,4.873,PRO-PRO,False
PRO88-PRO1278,2.759,0.0,2.759,2.759,PRO-PRO,False
PRO88-PRO1279,6.336999999999999,8.881784197001252e-16,6.337,6.337,PRO-PRO,False
PRO88-PRO1280,8.539,0.0,8.539,8.539,PRO-PRO,False
PRO88-PRO1282,6.988,0.0,6.988,6.988,PRO-PRO,False
PRO88-PRO1283,4.416,0.0,4.416,4.416,PRO-PRO,False
PRO88-PRO1286,8.980000000000002,1.7763568394002505e-15,8.98,8.98,PRO-PRO,False
PRO88-PRO1391,8.019,0.0,8.019,8.019,PRO-PRO,False
PRO88-GTP,8.650999999999998,1.7763568394002505e-15,8.651,8.651,PRO-GTP,False
PRO88-LIG,5.216500000000001,1.351213687235083,2.987,11.465,PRO-LIG,True
PRO89-PRO90,1.352,0.0,1.352,1.352,PRO-PRO,False
PRO89-PRO91,3.2259999999999995,4.440892098500626e-16,3.226,3.226,PRO-PRO,False
PRO89-PRO92,2.7399999999999998,4.440892098500626e-16,2.74,2.74,PRO-PRO,False
PRO89-PRO93,2.592,0.0,2.592,2.592,PRO-PRO,False
PRO89-PRO94,5.926000000000001,8.881784197001252e-16,5.926,5.926,PRO-PRO,False
PRO89-PRO95,7.046,0.0,7.046,7.046,PRO-PRO,False
PRO89-PRO96,4.981999999999999,0.22492395540334456,4.111,5.075,PRO-PRO,True
PRO89-PRO97,8.674999999999999,1.7763568394002505e-15,8.675,8.675,PRO-PRO,False
PRO89-PRO113,6.548000000000001,8.881784197001252e-16,6.548,6.548,PRO-PRO,False
PRO89-PRO114,7.244,0.0,7.244,7.244,PRO-PRO,False
PRO89-PRO115,6.863,0.0,6.863,6.863,PRO-PRO,False
PRO89-PRO116,6.601,0.0,6.601,6.601,PRO-PRO,False
PRO89-PRO117,7.442,0.0,7.442,7.442,PRO-PRO,False
PRO89-PRO123,8.972,0.0,8.972,8.972,PRO-PRO,False
PRO89-PRO124,6.465000000000002,1.7763568394002505e-15,6.465,6.465,PRO-PRO,False
PRO89-PRO125,3.8389999999999995,4.440892098500626e-16,3.839,3.839,PRO-PRO,False
PRO89-PRO130,9.004,0.0,9.004,9.004,PRO-PRO,False
PRO89-PRO133,7.317,0.0,7.317,7.317,PRO-PRO,False
PRO89-PRO137,9.382999999999997,1.7763568394002505e-15,9.383,9.383,PRO-PRO,False
PRO89-PRO141,9.849000000000002,1.7763568394002505e-15,9.849,9.849,PRO-PRO,False
PRO89-PRO1233,5.951,0.0,5.951,5.951,PRO-PRO,False
PRO89-PRO1234,6.967,0.0,6.967,6.967,PRO-PRO,False
PRO89-PRO1236,8.954,0.0,8.954,8.954,PRO-PRO,False
PRO89-PRO1276,8.769999999999998,1.7763568394002505e-15,8.77,8.77,PRO-PRO,False
PRO89-PRO1277,5.924,0.0,5.924,5.924,PRO-PRO,False
PRO89-PRO1278,5.637,0.0,5.637,5.637,PRO-PRO,False
PRO89-PRO1279,9.596000000000002,1.7763568394002505e-15,9.596,9.596,PRO-PRO,False
PRO89-GTP,7.8999999999999995,8.881784197001252e-16,7.9,7.9,PRO-GTP,False
PRO90-PRO91,1.3439999999999999,2.220446049250313e-16,1.344,1.344,PRO-PRO,False
PRO90-PRO92,3.1030000000000006,4.440892098500626e-16,3.103,3.103,PRO-PRO,False
PRO90-PRO93,2.3030000000000004,4.440892098500626e-16,2.303,2.303,PRO-PRO,False
PRO90-PRO94,3.5919999999999996,4.440892098500626e-16,3.592,3.592,PRO-PRO,False
PRO90-PRO95,5.761000000000001,8.881784197001252e-16,5.761,5.761,PRO-PRO,False
PRO90-PRO96,6.774857142857143,0.10215436998054683,6.311,6.827,PRO-PRO,True
PRO90-PRO97,7.872999999999999,8.881784197001252e-16,7.873,7.873,PRO-PRO,False
PRO90-PRO98,9.587000000000002,1.7763568394002505e-15,9.587,9.587,PRO-PRO,False
PRO90-PRO113,3.298000000000001,8.881784197001252e-16,3.298,3.298,PRO-PRO,False
PRO90-PRO114,6.54,0.0,6.54,6.54,PRO-PRO,False
PRO90-PRO115,5.765,0.0,5.765,5.765,PRO-PRO,False
PRO90-PRO116,7.3999999999999995,8.881784197001252e-16,7.4,7.4,PRO-PRO,False
PRO90-PRO123,6.625,0.0,6.625,6.625,PRO-PRO,False
PRO90-PRO124,6.610999999999999,8.881784197001252e-16,6.611,6.611,PRO-PRO,False
PRO90-PRO125,2.321,0.0,2.321,2.321,PRO-PRO,False
PRO90-PRO127,6.231000000000001,8.881784197001252e-16,6.231,6.231,PRO-PRO,False
PRO90-PRO129,3.0369999999999995,4.440892098500626e-16,3.037,3.037,PRO-PRO,False
PRO90-PRO130,2.22,0.0,2.22,2.22,PRO-PRO,False
PRO90-PRO133,2.73,0.0,2.73,2.73,PRO-PRO,False
PRO90-PRO134,5.619999999999999,8.881784197001252e-16,5.62,5.62,PRO-PRO,False
PRO90-PRO136,7.415999999999999,1.7763568394002505e-15,7.416,7.416,PRO-PRO,False
PRO90-PRO137,6.924999999999999,8.881784197001252e-16,6.925,6.925,PRO-PRO,False
PRO90-PRO139,7.348,0.0,7.348,7.348,PRO-PRO,False
PRO90-PRO141,5.543,0.0,5.543,5.543,PRO-PRO,False
PRO90-PRO142,8.984,0.0,8.984,8.984,PRO-PRO,False
PRO90-PRO143,8.265,0.0,8.265,8.265,PRO-PRO,False
PRO90-PRO1233,7.009,0.0,7.009,7.009,PRO-PRO,False
PRO90-PRO1234,7.607999999999999,8.881784197001252e-16,7.608,7.608,PRO-PRO,False
PRO90-PRO1277,9.239000000000003,1.7763568394002505e-15,9.239,9.239,PRO-PRO,False
PRO90-PRO1278,8.415999999999999,1.7763568394002505e-15,8.416,8.416,PRO-PRO,False
PRO91-PRO92,1.349,0.0,1.349,1.349,PRO-PRO,False
PRO91-PRO93,2.826,0.0,2.826,2.826,PRO-PRO,False
PRO91-PRO94,2.98,0.0,2.98,2.98,PRO-PRO,False
PRO91-PRO95,3.2169999999999996,4.440892098500626e-16,3.217,3.217,PRO-PRO,False
PRO91-PRO96,5.557000000000001,8.881784197001252e-16,5.557,5.557,PRO-PRO,False
PRO91-PRO97,7.049999999999999,8.881784197001252e-16,7.05,7.05,PRO-PRO,False
PRO91-PRO98,7.890999999999999,8.881784197001252e-16,7.891,7.891,PRO-PRO,False
PRO91-PRO99,9.243,0.0,9.243,9.243,PRO-PRO,False
PRO91-PRO113,7.892000000000001,8.881784197001252e-16,7.892,7.892,PRO-PRO,False
PRO91-PRO124,8.427999999999999,1.7763568394002505e-15,8.428,8.428,PRO-PRO,False
PRO91-PRO125,5.573999999999999,8.881784197001252e-16,5.574,5.574,PRO-PRO,False
PRO91-PRO129,6.930999999999999,8.881784197001252e-16,6.931,6.931,PRO-PRO,False
PRO91-PRO130,8.684,0.0,8.684,8.684,PRO-PRO,False
PRO91-PRO133,5.764000000000001,8.881784197001252e-16,5.764,5.764,PRO-PRO,False
PRO91-PRO137,7.342,0.0,7.342,7.342,PRO-PRO,False
PRO91-PRO1231,9.593000000000002,1.7763568394002505e-15,9.593,9.593,PRO-PRO,False
PRO91-PRO1232,5.704999999999999,8.881784197001252e-16,5.705,5.705,PRO-PRO,False
PRO91-PRO1233,3.8419999999999996,4.440892098500626e-16,3.842,3.842,PRO-PRO,False
PRO91-PRO1234,3.454,0.0,3.454,3.454,PRO-PRO,False
PRO91-PRO1235,7.012,0.0,7.012,7.012,PRO-PRO,False
PRO91-PRO1236,8.83,0.0,8.83,8.83,PRO-PRO,False
PRO91-PRO1278,7.555,0.0,7.555,7.555,PRO-PRO,False
PRO92-PRO93,1.3540000000000003,2.220446049250313e-16,1.354,1.354,PRO-PRO,False
PRO92-PRO94,3.2839999999999994,4.440892098500626e-16,3.284,3.284,PRO-PRO,False
PRO92-PRO95,2.5830000000000006,4.440892098500626e-16,2.583,2.583,PRO-PRO,False
PRO92-PRO96,2.0301607142857145,0.011569320244438198,1.946,2.032,PRO-PRO,True
PRO92-PRO97,4.343,0.0,4.343,4.343,PRO-PRO,False
PRO92-PRO98,5.933,0.0,5.933,5.933,PRO-PRO,False
PRO92-PRO99,6.5249999999999995,8.881784197001252e-16,6.525,6.525,PRO-PRO,False
PRO92-PRO100,7.4129999999999985,1.7763568394002505e-15,7.413,7.413,PRO-PRO,False
PRO92-PRO111,9.662,0.0,9.662,9.662,PRO-PRO,False
PRO92-PRO113,7.546999999999999,8.881784197001252e-16,7.547,7.547,PRO-PRO,False
PRO92-PRO114,9.65,0.0,9.65,9.65,PRO-PRO,False
PRO92-PRO125,7.752000000000001,8.881784197001252e-16,7.752,7.752,PRO-PRO,False
PRO92-PRO133,6.409999999999998,1.7763568394002505e-15,6.41,6.41,PRO-PRO,False
PRO92-PRO137,7.043999999999999,8.881784197001252e-16,7.044,7.044,PRO-PRO,False
PRO92-PRO139,9.635999999999997,1.7763568394002505e-15,9.636,9.636,PRO-PRO,False
PRO92-PRO1233,6.926000000000001,8.881784197001252e-16,6.926,6.926,PRO-PRO,False
PRO92-PRO1234,4.484000000000001,8.881784197001252e-16,4.484,4.484,PRO-PRO,False
PRO92-PRO1235,8.944,0.0,8.944,8.944,PRO-PRO,False
PRO92-PRO1237,8.636303571428572,0.26688680851378455,8.088,8.991,PRO-PRO,True
PRO92-PRO1277,8.525,0.0,8.525,8.525,PRO-PRO,False
PRO92-PRO1278,6.769999999999998,1.7763568394002505e-15,6.77,6.77,PRO-PRO,False
PRO92-PRO1283,7.759,0.0,7.759,7.759,PRO-PRO,False
PRO92-LIG,5.350499999999999,1.6300212750583523,2.672,12.856,PRO-LIG,True
PRO93-PRO94,1.3480000000000003,2.220446049250313e-16,1.348,1.348,PRO-PRO,False
PRO93-PRO95,3.2190000000000003,4.440892098500626e-16,3.219,3.219,PRO-PRO,False
PRO93-PRO96,2.888910714285714,0.08958301752040519,2.546,2.924,PRO-PRO,True
PRO93-PRO97,2.006,0.0,2.006,2.006,PRO-PRO,False
PRO93-PRO98,4.296,0.0,4.296,4.296,PRO-PRO,False
PRO93-PRO99,6.304000000000001,8.881784197001252e-16,6.304,6.304,PRO-PRO,False
PRO93-PRO100,5.634999999999999,8.881784197001252e-16,5.635,5.635,PRO-PRO,False
PRO93-PRO101,8.037999999999998,1.7763568394002505e-15,8.038,8.038,PRO-PRO,False
PRO93-PRO111,6.438000000000001,8.881784197001252e-16,6.438,6.438,PRO-PRO,False
PRO93-PRO112,5.984000000000001,8.881784197001252e-16,5.984,5.984,PRO-PRO,False
PRO93-PRO113,2.2579999999999996,4.440892098500626e-16,2.258,2.258,PRO-PRO,False
PRO93-PRO114,4.552,0.0,4.552,4.552,PRO-PRO,False
PRO93-PRO115,6.098,0.0,6.098,6.098,PRO-PRO,False
PRO93-PRO116,6.817,0.0,6.817,6.817,PRO-PRO,False
PRO93-PRO123,9.492000000000003,1.7763568394002505e-15,9.492,9.492,PRO-PRO,False
PRO93-PRO125,6.133000000000001,8.881784197001252e-16,6.133,6.133,PRO-PRO,False
PRO93-PRO127,9.813,0.0,9.813,9.813,PRO-PRO,False
PRO93-PRO129,8.203000000000001,1.7763568394002505e-15,8.203,8.203,PRO-PRO,False
PRO93-PRO130,6.162,0.0,6.162,6.162,PRO-PRO,False
PRO93-PRO133,2.6089999999999995,4.440892098500626e-16,2.609,2.609,PRO-PRO,False
PRO93-PRO134,6.28,0.0,6.28,6.28,PRO-PRO,False
PRO93-PRO136,7.609000000000001,8.881784197001252e-16,7.609,7.609,PRO-PRO,False
PRO93-PRO137,2.907,0.0,2.907,2.907,PRO-PRO,False
PRO93-PRO139,4.320999999999999,8.881784197001252e-16,4.321,4.321,PRO-PRO,False
PRO93-PRO141,6.859000000000001,8.881784197001252e-16,6.859,6.859,PRO-PRO,False
PRO93-PRO142,8.842,0.0,8.842,8.842,PRO-PRO,False
PRO93-PRO143,9.871,0.0,9.871,9.871,PRO-PRO,False
PRO93-PRO1233,9.516,0.0,9.516,9.516,PRO-PRO,False
PRO93-PRO1234,8.548,0.0,8.548,8.548,PRO-PRO,False
PRO94-PRO95,1.3480000000000003,2.220446049250313e-16,1.348,1.348,PRO-PRO,False
PRO94-PRO96,3.8099999999999996,4.440892098500626e-16,3.81,3.81,PRO-PRO,False
PRO94-PRO97,2.9439999999999995,4.440892098500626e-16,2.944,2.944,PRO-PRO,False
PRO94-PRO98,2.015,0.0,2.015,2.015,PRO-PRO,False
PRO94-PRO99,4.704,0.0,4.704,4.704,PRO-PRO,False
PRO94-PRO100,6.118000000000001,8.881784197001252e-16,6.118,6.118,PRO-PRO,False
PRO94-PRO101,6.078000000000001,8.881784197001252e-16,6.078,6.078,PRO-PRO,False
PRO94-PRO102,7.921,0.0,7.921,7.921,PRO-PRO,False
PRO94-PRO107,9.125,0.0,9.125,9.125,PRO-PRO,False
PRO94-PRO111,7.8500000000000005,8.881784197001252e-16,7.85,7.85,PRO-PRO,False
PRO94-PRO113,6.593000000000002,1.7763568394002505e-15,6.593,6.593,PRO-PRO,False
PRO94-PRO125,9.37,0.0,9.37,9.37,PRO-PRO,False
PRO94-PRO129,8.953000000000001,1.7763568394002505e-15,8.953,8.953,PRO-PRO,False
PRO94-PRO130,8.713,0.0,8.713,8.713,PRO-PRO,False
PRO94-PRO133,3.381,0.0,3.381,3.381,PRO-PRO,False
PRO94-PRO134,8.894999999999998,1.7763568394002505e-15,8.895,8.895,PRO-PRO,False
PRO94-PRO136,7.412,0.0,7.412,7.412,PRO-PRO,False
PRO94-PRO137,2.253,0.0,2.253,2.253,PRO-PRO,False
PRO94-PRO139,7.090000000000002,1.7763568394002505e-15,7.09,7.09,PRO-PRO,False
PRO94-PRO1234,8.098,0.0,8.098,8.098,PRO-PRO,False
PRO94-PRO1235,9.635999999999997,1.7763568394002505e-15,9.636,9.636,PRO-PRO,False
PRO95-PRO96,1.3059999999999998,2.220446049250313e-16,1.306,1.306,PRO-PRO,False
PRO95-PRO97,3.328,0.0,3.328,3.328,PRO-PRO,False
PRO95-PRO98,2.366,0.0,2.366,2.366,PRO-PRO,False
PRO95-PRO99,1.882,0.0,1.882,1.882,PRO-PRO,False
PRO95-PRO100,4.061,0.0,4.061,4.061,PRO-PRO,False
PRO95-PRO101,5.921,0.0,5.921,5.921,PRO-PRO,False
PRO95-PRO102,6.482999999999999,8.881784197001252e-16,6.483,6.483,PRO-PRO,False
PRO95-PRO103,7.863,0.0,7.863,7.863,PRO-PRO,False
PRO95-PRO104,9.694,0.0,9.694,9.694,PRO-PRO,False
PRO95-PRO111,8.095,0.0,8.095,8.095,PRO-PRO,False
PRO95-PRO113,8.938,0.0,8.938,8.938,PRO-PRO,False
PRO95-PRO133,6.518999999999999,8.881784197001252e-16,6.519,6.519,PRO-PRO,False
PRO95-PRO137,5.923000000000001,8.881784197001252e-16,5.923,5.923,PRO-PRO,False
PRO95-PRO139,9.742000000000003,1.7763568394002505e-15,9.742,9.742,PRO-PRO,False
PRO95-PRO1234,5.491,0.0,5.491,5.491,PRO-PRO,False
PRO95-PRO1235,6.438000000000001,8.881784197001252e-16,6.438,6.438,PRO-PRO,False
PRO95-PRO1237,8.453678571428572,0.5813937105642557,7.405,8.932,PRO-PRO,True
PRO95-LIG,3.281071428571429,1.461859870374806,1.812,10.395,PRO-LIG,True
PRO96-PRO97,1.7740000000000005,4.440892098500626e-16,1.774,1.774,PRO-PRO,False
PRO96-PRO98,3.546,0.0,3.546,3.546,PRO-PRO,False
PRO96-PRO99,2.9609999999999994,4.440892098500626e-16,2.961,2.961,PRO-PRO,False
PRO96-PRO100,1.837,0.0,1.837,1.837,PRO-PRO,False
PRO96-PRO101,4.294,0.0,4.294,4.294,PRO-PRO,False
PRO96-PRO102,5.869999999999999,8.881784197001252e-16,5.87,5.87,PRO-PRO,False
PRO96-PRO103,6.683,0.0,6.683,6.683,PRO-PRO,False
PRO96-PRO104,7.796,0.0,7.796,7.796,PRO-PRO,False
PRO96-PRO105,9.566999999999998,1.7763568394002505e-15,9.567,9.567,PRO-PRO,False
PRO96-PRO106,9.284,0.0,9.284,9.284,PRO-PRO,False
PRO96-PRO107,9.219,0.0,9.219,9.219,PRO-PRO,False
PRO96-PRO109,7.881,0.0,7.881,7.881,PRO-PRO,False
PRO96-PRO110,9.92732142857143,0.0007345344214717857,9.927,9.929,PRO-PRO,True
PRO96-PRO111,5.438000000000001,8.881784197001252e-16,5.438,5.438,PRO-PRO,False
PRO96-PRO112,8.66344642857143,0.038282278463902364,8.513,8.679,PRO-PRO,True
PRO96-PRO113,7.055124999999999,0.045287203530041654,6.796,7.071,PRO-PRO,True
PRO96-PRO114,8.443107142857142,0.13147483172665028,8.005,8.497,PRO-PRO,True
PRO96-PRO133,7.859232142857143,0.0020787279027996352,7.851,7.868,PRO-PRO,True
PRO96-PRO137,7.279392857142858,0.022319657072561176,7.215,7.289,PRO-PRO,True
PRO96-PRO139,8.454642857142858,0.05981173695480707,8.252,8.48,PRO-PRO,True
PRO96-GTP,7.529714285714285,0.09120790893919906,7.238,7.894,PRO-GTP,True
PRO97-PRO98,1.349,0.0,1.349,1.349,PRO-PRO,False
PRO97-PRO99,3.709,0.0,3.709,3.709,PRO-PRO,False
PRO97-PRO100,2.53,0.0,2.53,2.53,PRO-PRO,False
PRO97-PRO101,2.147,0.0,2.147,2.147,PRO-PRO,False
PRO97-PRO102,4.670000000000001,8.881784197001252e-16,4.67,4.67,PRO-PRO,False
PRO97-PRO103,6.518999999999999,8.881784197001252e-16,6.519,6.519,PRO-PRO,False
PRO97-PRO104,6.834000000000001,1.7763568394002505e-15,6.834,6.834,PRO-PRO,False
PRO97-PRO105,7.680999999999999,8.881784197001252e-16,7.681,7.681,PRO-PRO,False
PRO97-PRO106,6.375,0.0,6.375,6.375,PRO-PRO,False
PRO97-PRO107,2.429,0.0,2.429,2.429,PRO-PRO,False
PRO97-PRO109,5.958999999999999,8.881784197001252e-16,5.959,5.959,PRO-PRO,False
PRO97-PRO110,8.325000000000001,1.7763568394002505e-15,8.325,8.325,PRO-PRO,False
PRO97-PRO111,2.7250000000000005,4.440892098500626e-16,2.725,2.725,PRO-PRO,False
PRO97-PRO112,8.275999999999998,1.7763568394002505e-15,8.276,8.276,PRO-PRO,False
PRO97-PRO113,6.146,0.0,6.146,6.146,PRO-PRO,False
PRO97-PRO114,9.326000000000002,1.7763568394002505e-15,9.326,9.326,PRO-PRO,False
PRO97-PRO133,5.929000000000001,8.881784197001252e-16,5.929,5.929,PRO-PRO,False
PRO97-PRO134,7.1850000000000005,8.881784197001252e-16,7.185,7.185,PRO-PRO,False
PRO97-PRO136,5.930999999999999,8.881784197001252e-16,5.931,5.931,PRO-PRO,False
PRO97-PRO137,2.7229999999999994,4.440892098500626e-16,2.723,2.723,PRO-PRO,False
PRO97-PRO139,3.7070000000000003,4.440892098500626e-16,3.707,3.707,PRO-PRO,False
PRO98-PRO99,1.506,0.0,1.506,1.506,PRO-PRO,False
PRO98-PRO100,3.2319999999999998,4.440892098500626e-16,3.232,3.232,PRO-PRO,False
PRO98-PRO101,1.6430000000000002,2.220446049250313e-16,1.643,1.643,PRO-PRO,False
PRO98-PRO102,2.3270000000000004,4.440892098500626e-16,2.327,2.327,PRO-PRO,False
PRO98-PRO103,4.755,0.0,4.755,4.755,PRO-PRO,False
PRO98-PRO104,6.207,0.0,6.207,6.207,PRO-PRO,False
PRO98-PRO105,6.834000000000001,1.7763568394002505e-15,6.834,6.834,PRO-PRO,False
PRO98-PRO106,7.424999999999999,8.881784197001252e-16,7.425,7.425,PRO-PRO,False
PRO98-PRO107,5.447000000000001,8.881784197001252e-16,5.447,5.447,PRO-PRO,False
PRO98-PRO109,8.647,0.0,8.647,8.647,PRO-PRO,False
PRO98-PRO111,5.808999999999999,8.881784197001252e-16,5.809,5.809,PRO-PRO,False
PRO98-PRO113,9.586,0.0,9.586,9.586,PRO-PRO,False
PRO98-PRO133,7.5870000000000015,1.7763568394002505e-15,7.587,7.587,PRO-PRO,False
PRO98-PRO136,9.707000000000003,1.7763568394002505e-15,9.707,9.707,PRO-PRO,False
PRO98-PRO137,5.04,0.0,5.04,5.04,PRO-PRO,False
PRO98-PRO139,8.391,0.0,8.391,8.391,PRO-PRO,False
PRO99-PRO100,1.5280000000000002,2.220446049250313e-16,1.528,1.528,PRO-PRO,False
PRO99-PRO101,3.359000000000001,8.881784197001252e-16,3.359,3.359,PRO-PRO,False
PRO99-PRO102,2.0270000000000006,4.440892098500626e-16,2.027,2.027,PRO-PRO,False
PRO99-PRO103,1.8700000000000006,4.440892098500626e-16,1.87,1.87,PRO-PRO,False
PRO99-PRO104,4.187,0.0,4.187,4.187,PRO-PRO,False
PRO99-PRO105,6.112000000000001,8.881784197001252e-16,6.112,6.112,PRO-PRO,False
PRO99-PRO106,7.856000000000001,8.881784197001252e-16,7.856,7.856,PRO-PRO,False
PRO99-PRO107,8.999,0.0,8.999,8.999,PRO-PRO,False
PRO99-PRO109,7.622,0.0,7.622,7.622,PRO-PRO,False
PRO99-PRO111,7.076999999999999,8.881784197001252e-16,7.077,7.077,PRO-PRO,False
PRO99-PRO137,8.992000000000003,1.7763568394002505e-15,8.992,8.992,PRO-PRO,False
PRO99-LIG,3.5986964285714285,1.3291208952811477,2.028,8.226,PRO-LIG,True
PRO100-PRO101,1.352,0.0,1.352,1.352,PRO-PRO,False
PRO100-PRO102,3.119,0.0,3.119,3.119,PRO-PRO,False
PRO100-PRO103,2.9080000000000004,4.440892098500626e-16,2.908,2.908,PRO-PRO,False
PRO100-PRO104,1.9879999999999998,2.220446049250313e-16,1.988,1.988,PRO-PRO,False
PRO100-PRO105,4.015999999999999,8.881784197001252e-16,4.016,4.016,PRO-PRO,False
PRO100-PRO106,4.828,0.0,4.828,4.828,PRO-PRO,False
PRO100-PRO107,5.643,0.0,5.643,5.643,PRO-PRO,False
PRO100-PRO109,2.616,0.0,2.616,2.616,PRO-PRO,False
PRO100-PRO110,5.549,0.0,5.549,5.549,PRO-PRO,False
PRO100-PRO111,2.3910000000000005,4.440892098500626e-16,2.391,2.391,PRO-PRO,False
PRO100-PRO112,6.439,0.0,6.439,6.439,PRO-PRO,False
PRO100-PRO113,8.182,0.0,8.182,8.182,PRO-PRO,False
PRO100-PRO114,9.476,0.0,9.476,9.476,PRO-PRO,False
PRO100-PRO133,9.872,0.0,9.872,9.872,PRO-PRO,False
PRO100-PRO137,7.729,0.0,7.729,7.729,PRO-PRO,False
PRO100-PRO139,7.142000000000001,8.881784197001252e-16,7.142,7.142,PRO-PRO,False
PRO100-PRO159,7.140999999999999,8.881784197001252e-16,7.141,7.141,PRO-PRO,False
PRO101-PRO102,1.3550000000000002,2.220446049250313e-16,1.355,1.355,PRO-PRO,False
PRO101-PRO103,3.1909999999999994,4.440892098500626e-16,3.191,3.191,PRO-PRO,False
PRO101-PRO104,2.7259999999999995,4.440892098500626e-16,2.726,2.726,PRO-PRO,False
PRO101-PRO105,1.8799999999999994,4.440892098500626e-16,1.88,1.88,PRO-PRO,False
PRO101-PRO106,2.525,0.0,2.525,2.525,PRO-PRO,False
PRO101-PRO107,2.11,0.0,2.11,2.11,PRO-PRO,False
PRO101-PRO109,4.34,0.0,4.34,4.34,PRO-PRO,False
PRO101-PRO110,8.829,0.0,8.829,8.829,PRO-PRO,False
PRO101-PRO111,3.9250000000000003,4.440892098500626e-16,3.925,3.925,PRO-PRO,False
PRO101-PRO133,9.861000000000002,1.7763568394002505e-15,9.861,9.861,PRO-PRO,False
PRO101-PRO136,9.013999999999998,1.7763568394002505e-15,9.014,9.014,PRO-PRO,False
PRO101-PRO137,6.072000000000001,8.881784197001252e-16,6.072,6.072,PRO-PRO,False
PRO101-PRO139,7.953000000000001,8.881784197001252e-16,7.953,7.953,PRO-PRO,False
PRO102-PRO103,1.3439999999999999,2.220446049250313e-16,1.344,1.344,PRO-PRO,False
PRO102-PRO104,3.298000000000001,8.881784197001252e-16,3.298,3.298,PRO-PRO,False
PRO102-PRO105,3.8219999999999996,4.440892098500626e-16,3.822,3.822,PRO-PRO,False
PRO102-PRO106,5.788000000000001,8.881784197001252e-16,5.788,5.788,PRO-PRO,False
PRO102-PRO107,7.406,0.0,7.406,7.406,PRO-PRO,False
PRO102-PRO109,7.484000000000001,8.881784197001252e-16,7.484,7.484,PRO-PRO,False
PRO102-PRO111,7.465000000000002,1.7763568394002505e-15,7.465,7.465,PRO-PRO,False
PRO103-PRO104,1.352,0.0,1.352,1.352,PRO-PRO,False
PRO103-PRO105,3.474,0.0,3.474,3.474,PRO-PRO,False
PRO103-PRO106,5.826,0.0,5.826,5.826,PRO-PRO,False
PRO103-PRO107,9.064,0.0,9.064,9.064,PRO-PRO,False
PRO103-PRO109,6.335999999999999,8.881784197001252e-16,6.336,6.336,PRO-PRO,False
PRO103-PRO110,9.592,0.0,9.592,9.592,PRO-PRO,False
PRO103-PRO111,8.244,0.0,8.244,8.244,PRO-PRO,False
PRO104-PRO105,1.3599999999999999,2.220446049250313e-16,1.36,1.36,PRO-PRO,False
PRO104-PRO106,3.0270000000000006,4.440892098500626e-16,3.027,3.027,PRO-PRO,False
PRO104-PRO107,6.162,0.0,6.162,6.162,PRO-PRO,False
PRO104-PRO109,2.225,0.0,2.225,2.225,PRO-PRO,False
PRO104-PRO110,5.387,0.0,5.387,5.387,PRO-PRO,False
PRO104-PRO111,5.996000000000001,8.881784197001252e-16,5.996,5.996,PRO-PRO,False
PRO104-PRO159,8.796,0.0,8.796,8.796,PRO-PRO,False
PRO105-PRO106,1.3729999999999998,2.220446049250313e-16,1.373,1.373,PRO-PRO,False
PRO105-PRO107,4.689,0.0,4.689,4.689,PRO-PRO,False
PRO105-PRO109,5.092999999999999,8.881784197001252e-16,5.093,5.093,PRO-PRO,False
PRO105-PRO110,9.689000000000002,1.7763568394002505e-15,9.689,9.689,PRO-PRO,False
PRO105-PRO111,8.542,0.0,8.542,8.542,PRO-PRO,False
PRO106-PRO107,1.3409999999999997,2.220446049250313e-16,1.341,1.341,PRO-PRO,False
PRO106-PRO109,2.7100000000000004,4.440892098500626e-16,2.71,2.71,PRO-PRO,False
PRO106-PRO110,6.887,0.0,6.887,6.887,PRO-PRO,False
PRO106-PRO111,5.905,0.0,5.905,5.905,PRO-PRO,False
PRO106-PRO137,9.216,0.0,9.216,9.216,PRO-PRO,False
PRO106-PRO139,9.667999999999997,1.7763568394002505e-15,9.668,9.668,PRO-PRO,False
PRO107-PRO109,2.7480000000000007,4.440892098500626e-16,2.748,2.748,PRO-PRO,False
PRO107-PRO110,6.408,0.0,6.408,6.408,PRO-PRO,False
PRO107-PRO111,3.904,0.0,3.904,3.904,PRO-PRO,False
PRO107-PRO112,9.995,0.0,9.995,9.995,PRO-PRO,False
PRO107-PRO136,7.942,0.0,7.942,7.942,PRO-PRO,False
PRO107-PRO137,5.7490000000000006,8.881784197001252e-16,5.749,5.749,PRO-PRO,False
PRO107-PRO139,6.1499999999999995,8.881784197001252e-16,6.15,6.15,PRO-PRO,False
PRO109-PRO110,1.336,0.0,1.336,1.336,PRO-PRO,False
PRO109-PRO111,2.762,0.0,2.762,2.762,PRO-PRO,False
PRO109-PRO112,6.633000000000001,8.881784197001252e-16,6.633,6.633,PRO-PRO,False
PRO109-PRO113,9.503,0.0,9.503,9.503,PRO-PRO,False
PRO109-PRO137,7.808,0.0,7.808,7.808,PRO-PRO,False
PRO109-PRO139,5.32,0.0,5.32,5.32,PRO-PRO,False
PRO109-PRO159,6.066000000000001,8.881784197001252e-16,6.066,6.066,PRO-PRO,False
PRO110-PRO111,1.34,0.0,1.34,1.34,PRO-PRO,False
PRO110-PRO112,4.631999999999999,8.881784197001252e-16,4.632,4.632,PRO-PRO,False
PRO110-PRO113,8.039,0.0,8.039,8.039,PRO-PRO,False
PRO110-PRO114,9.371,0.0,9.371,9.371,PRO-PRO,False
PRO110-PRO137,8.781999999999998,1.7763568394002505e-15,8.782,8.782,PRO-PRO,False
PRO110-PRO139,5.454,0.0,5.454,5.454,PRO-PRO,False
PRO110-PRO155,8.819,0.0,8.819,8.819,PRO-PRO,False
PRO110-PRO156,8.513,0.0,8.513,8.513,PRO-PRO,False
PRO110-PRO159,2.75,0.0,2.75,2.75,PRO-PRO,False
PRO111-PRO112,1.346,0.0,1.346,1.346,PRO-PRO,False
PRO111-PRO113,4.415,0.0,4.415,4.415,PRO-PRO,False
PRO111-PRO114,6.57,0.0,6.57,6.57,PRO-PRO,False
PRO111-PRO133,8.471000000000002,1.7763568394002505e-15,8.471,8.471,PRO-PRO,False
PRO111-PRO134,7.034999999999998,1.7763568394002505e-15,7.035,7.035,PRO-PRO,False
PRO111-PRO136,9.542999999999997,1.7763568394002505e-15,9.543,9.543,PRO-PRO,False
PRO111-PRO137,5.208999999999999,8.881784197001252e-16,5.209,5.209,PRO-PRO,False
PRO111-PRO139,2.203,0.0,2.203,2.203,PRO-PRO,False
PRO111-PRO141,6.909,0.0,6.909,6.909,PRO-PRO,False
PRO111-PRO142,7.640999999999999,8.881784197001252e-16,7.641,7.641,PRO-PRO,False
PRO111-PRO155,7.546999999999999,8.881784197001252e-16,7.547,7.547,PRO-PRO,False
PRO111-PRO156,8.486000000000002,1.7763568394002505e-15,8.486,8.486,PRO-PRO,False
PRO111-PRO159,2.5339999999999994,4.440892098500626e-16,2.534,2.534,PRO-PRO,False
PRO112-PRO113,1.3510000000000002,2.220446049250313e-16,1.351,1.351,PRO-PRO,False
PRO112-PRO114,2.6149999999999998,4.440892098500626e-16,2.615,2.615,PRO-PRO,False
PRO112-PRO115,6.137999999999999,8.881784197001252e-16,6.138,6.138,PRO-PRO,False
PRO112-PRO116,9.028999999999998,1.7763568394002505e-15,9.029,9.029,PRO-PRO,False
PRO112-PRO130,9.566999999999998,1.7763568394002505e-15,9.567,9.567,PRO-PRO,False
PRO112-PRO133,9.197999999999999,1.7763568394002505e-15,9.198,9.198,PRO-PRO,False
PRO112-PRO134,6.5889999999999995,8.881784197001252e-16,6.589,6.589,PRO-PRO,False
PRO112-PRO137,7.9750000000000005,8.881784197001252e-16,7.975,7.975,PRO-PRO,False
PRO112-PRO139,3.259,0.0,3.259,3.259,PRO-PRO,False
PRO112-PRO141,3.9690000000000003,4.440892098500626e-16,3.969,3.969,PRO-PRO,False
PRO112-PRO142,2.496,0.0,2.496,2.496,PRO-PRO,False
PRO112-PRO143,7.164000000000001,8.881784197001252e-16,7.164,7.164,PRO-PRO,False
PRO112-PRO144,6.363999999999999,8.881784197001252e-16,6.364,6.364,PRO-PRO,False
PRO112-PRO151,6.96,0.0,6.96,6.96,PRO-PRO,False
PRO112-PRO152,7.634999999999999,8.881784197001252e-16,7.635,7.635,PRO-PRO,False
PRO112-PRO153,7.688000000000001,8.881784197001252e-16,7.688,7.688,PRO-PRO,False
PRO112-PRO154,4.931,0.0,4.931,4.931,PRO-PRO,False
PRO112-PRO155,2.8880000000000003,4.440892098500626e-16,2.888,2.888,PRO-PRO,False
PRO112-PRO156,5.302,0.0,5.302,5.302,PRO-PRO,False
PRO112-PRO159,2.4169999999999994,4.440892098500626e-16,2.417,2.417,PRO-PRO,False
PRO113-PRO114,1.3450000000000002,2.220446049250313e-16,1.345,1.345,PRO-PRO,False
PRO113-PRO115,3.737000000000001,8.881784197001252e-16,3.737,3.737,PRO-PRO,False
PRO113-PRO116,6.969,0.0,6.969,6.969,PRO-PRO,False
PRO113-PRO118,9.796999999999999,1.7763568394002505e-15,9.797,9.797,PRO-PRO,False
PRO113-PRO123,7.921999999999999,8.881784197001252e-16,7.922,7.922,PRO-PRO,False
PRO113-PRO125,6.771,0.0,6.771,6.771,PRO-PRO,False
PRO113-PRO127,7.014000000000001,8.881784197001252e-16,7.014,7.014,PRO-PRO,False
PRO113-PRO129,6.110999999999999,8.881784197001252e-16,6.111,6.111,PRO-PRO,False
PRO113-PRO130,3.145,0.0,3.145,3.145,PRO-PRO,False
PRO113-PRO133,3.1589999999999994,4.440892098500626e-16,3.159,3.159,PRO-PRO,False
PRO113-PRO134,2.172,0.0,2.172,2.172,PRO-PRO,False
PRO113-PRO136,7.069000000000001,8.881784197001252e-16,7.069,7.069,PRO-PRO,False
PRO113-PRO137,4.941,0.0,4.941,4.941,PRO-PRO,False
PRO113-PRO139,2.407,0.0,2.407,2.407,PRO-PRO,False
PRO113-PRO141,2.432,0.0,2.432,2.432,PRO-PRO,False
PRO113-PRO142,1.9659999999999997,2.220446049250313e-16,1.966,1.966,PRO-PRO,False
PRO113-PRO143,5.369999999999999,8.881784197001252e-16,5.37,5.37,PRO-PRO,False
PRO113-PRO144,5.753999999999999,8.881784197001252e-16,5.754,5.754,PRO-PRO,False
PRO113-PRO151,8.391,0.0,8.391,8.391,PRO-PRO,False
PRO113-PRO152,9.42,0.0,9.42,9.42,PRO-PRO,False
PRO113-PRO154,8.69,0.0,8.69,8.69,PRO-PRO,False
PRO113-PRO155,5.844,0.0,5.844,5.844,PRO-PRO,False
PRO113-PRO156,8.974000000000002,1.7763568394002505e-15,8.974,8.974,PRO-PRO,False
PRO113-PRO159,6.261000000000001,8.881784197001252e-16,6.261,6.261,PRO-PRO,False
PRO114-PRO115,1.3499999999999999,2.220446049250313e-16,1.35,1.35,PRO-PRO,False
PRO114-PRO116,2.689,0.0,2.689,2.689,PRO-PRO,False
PRO114-PRO117,5.771,0.0,5.771,5.771,PRO-PRO,False
PRO114-PRO118,7.061,0.0,7.061,7.061,PRO-PRO,False
PRO114-PRO119,9.713,0.0,9.713,9.713,PRO-PRO,False
PRO114-PRO123,7.604,0.0,7.604,7.604,PRO-PRO,False
PRO114-PRO125,7.667000000000001,8.881784197001252e-16,7.667,7.667,PRO-PRO,False
PRO114-PRO127,8.781,0.0,8.781,8.781,PRO-PRO,False
PRO114-PRO130,6.698,0.0,6.698,6.698,PRO-PRO,False
PRO114-PRO133,7.822000000000001,8.881784197001252e-16,7.822,7.822,PRO-PRO,False
PRO114-PRO134,7.168,0.0,7.168,7.168,PRO-PRO,False
PRO114-PRO137,9.141,0.0,9.141,9.141,PRO-PRO,False
PRO114-PRO139,6.131999999999999,8.881784197001252e-16,6.132,6.132,PRO-PRO,False
PRO114-PRO141,4.067,0.0,4.067,4.067,PRO-PRO,False
PRO114-PRO142,2.3330000000000006,4.440892098500626e-16,2.333,2.333,PRO-PRO,False
PRO114-PRO143,4.253999999999999,8.881784197001252e-16,4.254,4.254,PRO-PRO,False
PRO114-PRO144,2.1649999999999996,4.440892098500626e-16,2.165,2.165,PRO-PRO,False
PRO114-PRO145,6.546999999999999,8.881784197001252e-16,6.547,6.547,PRO-PRO,False
PRO114-PRO146,7.454,0.0,7.454,7.454,PRO-PRO,False
PRO114-PRO147,9.909,0.0,9.909,9.909,PRO-PRO,False
PRO114-PRO150,6.908,0.0,6.908,6.908,PRO-PRO,False
PRO114-PRO151,5.384999999999999,8.881784197001252e-16,5.385,5.385,PRO-PRO,False
PRO114-PRO152,5.208999999999999,8.881784197001252e-16,5.209,5.209,PRO-PRO,False
PRO114-PRO153,8.289,0.0,8.289,8.289,PRO-PRO,False
PRO114-PRO154,6.628,0.0,6.628,6.628,PRO-PRO,False
PRO114-PRO155,2.6200000000000006,4.440892098500626e-16,2.62,2.62,PRO-PRO,False
PRO114-PRO156,5.765,0.0,5.765,5.765,PRO-PRO,False
PRO114-PRO159,5.914000000000001,8.881784197001252e-16,5.914,5.914,PRO-PRO,False
PRO114-GTP,8.051,0.0,8.051,8.051,PRO-GTP,False
PRO115-PRO116,1.346,0.0,1.346,1.346,PRO-PRO,False
PRO115-PRO117,4.136,0.0,4.136,4.136,PRO-PRO,False
PRO115-PRO118,3.421,0.0,3.421,3.421,PRO-PRO,False
PRO115-PRO119,6.820999999999999,8.881784197001252e-16,6.821,6.821,PRO-PRO,False
PRO115-PRO120,8.252,0.0,8.252,8.252,PRO-PRO,False
PRO115-PRO123,4.448,0.0,4.448,4.448,PRO-PRO,False
PRO115-PRO124,9.832000000000003,1.7763568394002505e-15,9.832,9.832,PRO-PRO,False
PRO115-PRO125,6.055999999999999,8.881784197001252e-16,6.056,6.056,PRO-PRO,False
PRO115-PRO127,5.884,0.0,5.884,5.884,PRO-PRO,False
PRO115-PRO129,9.676,0.0,9.676,9.676,PRO-PRO,False
PRO115-PRO130,5.287,0.0,5.287,5.287,PRO-PRO,False
PRO115-PRO133,8.548,0.0,8.548,8.548,PRO-PRO,False
PRO115-PRO134,8.066,0.0,8.066,8.066,PRO-PRO,False
PRO115-PRO139,9.269999999999998,1.7763568394002505e-15,9.27,9.27,PRO-PRO,False
PRO115-PRO141,2.956,0.0,2.956,2.956,PRO-PRO,False
PRO115-PRO142,1.8640000000000003,2.220446049250313e-16,1.864,1.864,PRO-PRO,False
PRO115-PRO143,2.4869999999999997,4.440892098500626e-16,2.487,2.487,PRO-PRO,False
PRO115-PRO144,1.9559999999999997,2.220446049250313e-16,1.956,1.956,PRO-PRO,False
PRO115-PRO145,5.613999999999999,8.881784197001252e-16,5.614,5.614,PRO-PRO,False
PRO115-PRO146,7.445999999999999,8.881784197001252e-16,7.446,7.446,PRO-PRO,False
PRO115-PRO147,9.342,0.0,9.342,9.342,PRO-PRO,False
PRO115-PRO150,7.372,0.0,7.372,7.372,PRO-PRO,False
PRO115-PRO151,7.247999999999999,8.881784197001252e-16,7.248,7.248,PRO-PRO,False
PRO115-PRO152,8.156,0.0,8.156,8.156,PRO-PRO,False
PRO115-PRO154,8.844,0.0,8.844,8.844,PRO-PRO,False
PRO115-PRO155,6.213,0.0,6.213,6.213,PRO-PRO,False
PRO115-GTP,7.454,0.0,7.454,7.454,PRO-GTP,False
PRO116-PRO117,1.349,0.0,1.349,1.349,PRO-PRO,False
PRO116-PRO118,3.253,0.0,3.253,3.253,PRO-PRO,False
PRO116-PRO119,5.555999999999999,8.881784197001252e-16,5.556,5.556,PRO-PRO,False
PRO116-PRO120,5.515999999999999,8.881784197001252e-16,5.516,5.516,PRO-PRO,False
PRO116-PRO121,10.013999999999998,1.7763568394002505e-15,10.014,10.014,PRO-PRO,False
PRO116-PRO122,7.987000000000001,8.881784197001252e-16,7.987,7.987,PRO-PRO,False
PRO116-PRO123,6.607999999999999,8.881784197001252e-16,6.608,6.608,PRO-PRO,False
PRO116-PRO124,8.159,0.0,8.159,8.159,PRO-PRO,False
PRO116-PRO125,6.900999999999998,1.7763568394002505e-15,6.901,6.901,PRO-PRO,False
PRO116-PRO127,8.641,0.0,8.641,8.641,PRO-PRO,False
PRO116-PRO130,8.090000000000002,1.7763568394002505e-15,8.09,8.09,PRO-PRO,False
PRO116-PRO141,6.039000000000001,8.881784197001252e-16,6.039,6.039,PRO-PRO,False
PRO116-PRO142,5.405,0.0,5.405,5.405,PRO-PRO,False
PRO116-PRO143,4.431,0.0,4.431,4.431,PRO-PRO,False
PRO116-PRO144,1.8230000000000002,2.220446049250313e-16,1.823,1.823,PRO-PRO,False
PRO116-PRO145,3.1909999999999994,4.440892098500626e-16,3.191,3.191,PRO-PRO,False
PRO116-PRO146,3.113,0.0,3.113,3.113,PRO-PRO,False
PRO116-PRO147,5.125,0.0,5.125,5.125,PRO-PRO,False
PRO116-PRO148,7.271,0.0,7.271,7.271,PRO-PRO,False
PRO116-PRO149,7.686,0.0,7.686,7.686,PRO-PRO,False
PRO116-PRO150,6.078000000000001,8.881784197001252e-16,6.078,6.078,PRO-PRO,False
PRO116-PRO151,7.165,0.0,7.165,7.165,PRO-PRO,False
PRO116-PRO152,4.753,0.0,4.753,4.753,PRO-PRO,False
PRO116-PRO153,9.464,0.0,9.464,9.464,PRO-PRO,False
PRO116-PRO154,9.951000000000002,1.7763568394002505e-15,9.951,9.951,PRO-PRO,False
PRO116-PRO155,7.36,0.0,7.36,7.36,PRO-PRO,False
PRO116-PRO156,8.51,0.0,8.51,8.51,PRO-PRO,False
PRO116-PRO1276,9.189000000000002,1.7763568394002505e-15,9.189,9.189,PRO-PRO,False
PRO116-GTP,2.634,0.0,2.634,2.634,PRO-GTP,False
PRO117-PRO118,1.3540000000000003,2.220446049250313e-16,1.354,1.354,PRO-PRO,False
PRO117-PRO119,2.6230000000000007,4.440892098500626e-16,2.623,2.623,PRO-PRO,False
PRO117-PRO120,2.237,0.0,2.237,2.237,PRO-PRO,False
PRO117-PRO121,6.103000000000001,8.881784197001252e-16,6.103,6.103,PRO-PRO,False
PRO117-PRO122,5.78,0.0,5.78,5.78,PRO-PRO,False
PRO117-PRO123,5.844,0.0,5.844,5.844,PRO-PRO,False
PRO117-PRO124,7.71,0.0,7.71,7.71,PRO-PRO,False
PRO117-PRO125,7.8500000000000005,8.881784197001252e-16,7.85,7.85,PRO-PRO,False
PRO117-PRO127,9.816999999999998,1.7763568394002505e-15,9.817,9.817,PRO-PRO,False
PRO117-PRO141,9.187,0.0,9.187,9.187,PRO-PRO,False
PRO117-PRO142,7.7509999999999994,8.881784197001252e-16,7.751,7.751,PRO-PRO,False
PRO117-PRO143,5.871000000000001,8.881784197001252e-16,5.871,5.871,PRO-PRO,False
PRO117-PRO144,2.147,0.0,2.147,2.147,PRO-PRO,False
PRO117-PRO145,2.765,0.0,2.765,2.765,PRO-PRO,False
PRO117-PRO146,3.924,0.0,3.924,3.924,PRO-PRO,False
PRO117-PRO147,4.787,0.0,4.787,4.787,PRO-PRO,False
PRO117-PRO148,6.103000000000001,8.881784197001252e-16,6.103,6.103,PRO-PRO,False
PRO117-PRO149,7.758000000000001,8.881784197001252e-16,7.758,7.758,PRO-PRO,False
PRO117-PRO150,6.579999999999999,8.881784197001252e-16,6.58,6.58,PRO-PRO,False
PRO117-PRO151,7.893999999999999,8.881784197001252e-16,7.894,7.894,PRO-PRO,False
PRO117-PRO152,6.71,0.0,6.71,6.71,PRO-PRO,False
PRO117-PRO155,9.164,0.0,9.164,9.164,PRO-PRO,False
PRO117-PRO1269,9.703000000000001,1.7763568394002505e-15,9.703,9.703,PRO-PRO,False
PRO117-PRO1270,9.893,0.0,9.893,9.893,PRO-PRO,False
PRO117-PRO1273,6.430999999999999,8.881784197001252e-16,6.431,6.431,PRO-PRO,False
PRO117-PRO1275,9.385999999999997,1.7763568394002505e-15,9.386,9.386,PRO-PRO,False
PRO117-PRO1276,4.985,0.0,4.985,4.985,PRO-PRO,False
PRO117-PRO1277,6.945,0.0,6.945,6.945,PRO-PRO,False
PRO117-PRO1278,9.325000000000001,1.7763568394002505e-15,9.325,9.325,PRO-PRO,False
PRO117-GTP,1.901,0.0,1.901,1.901,PRO-GTP,False
PRO118-PRO119,1.3439999999999999,2.220446049250313e-16,1.344,1.344,PRO-PRO,False
PRO118-PRO120,2.988,0.0,2.988,2.988,PRO-PRO,False
PRO118-PRO121,5.412,0.0,5.412,5.412,PRO-PRO,False
PRO118-PRO122,6.061999999999999,8.881784197001252e-16,6.062,6.062,PRO-PRO,False
PRO118-PRO123,4.217,0.0,4.217,4.217,PRO-PRO,False
PRO118-PRO124,8.441,0.0,8.441,8.441,PRO-PRO,False
PRO118-PRO125,8.121,0.0,8.121,8.121,PRO-PRO,False
PRO118-PRO127,6.539000000000001,8.881784197001252e-16,6.539,6.539,PRO-PRO,False
PRO118-PRO130,9.348,0.0,9.348,9.348,PRO-PRO,False
PRO118-PRO141,7.078000000000001,8.881784197001252e-16,7.078,7.078,PRO-PRO,False
PRO118-PRO142,6.585,0.0,6.585,6.585,PRO-PRO,False
PRO118-PRO143,2.5449999999999995,4.440892098500626e-16,2.545,2.545,PRO-PRO,False
PRO118-PRO144,2.095,0.0,2.095,2.095,PRO-PRO,False
PRO118-PRO145,3.1759999999999997,4.440892098500626e-16,3.176,3.176,PRO-PRO,False
PRO118-PRO146,5.317999999999999,8.881784197001252e-16,5.318,5.318,PRO-PRO,False
PRO118-PRO147,6.305,0.0,6.305,6.305,PRO-PRO,False
PRO118-PRO148,4.857,0.0,4.857,4.857,PRO-PRO,False
PRO118-PRO149,7.802,0.0,7.802,7.802,PRO-PRO,False
PRO118-PRO150,4.320999999999999,8.881784197001252e-16,4.321,4.321,PRO-PRO,False
PRO118-PRO151,6.223,0.0,6.223,6.223,PRO-PRO,False
PRO118-PRO152,7.5870000000000015,1.7763568394002505e-15,7.587,7.587,PRO-PRO,False
PRO118-PRO154,9.588,0.0,9.588,9.588,PRO-PRO,False
PRO118-PRO155,9.575000000000001,1.7763568394002505e-15,9.575,9.575,PRO-PRO,False
PRO118-GTP,4.714999999999999,8.881784197001252e-16,4.715,4.715,PRO-GTP,False
PRO119-PRO120,1.349,0.0,1.349,1.349,PRO-PRO,False
PRO119-PRO121,3.413,0.0,3.413,3.413,PRO-PRO,False
PRO119-PRO122,5.557000000000001,8.881784197001252e-16,5.557,5.557,PRO-PRO,False
PRO119-PRO123,7.305,0.0,7.305,7.305,PRO-PRO,False
PRO119-PRO143,6.744,0.0,6.744,6.744,PRO-PRO,False
PRO119-PRO144,4.285,0.0,4.285,4.285,PRO-PRO,False
PRO119-PRO145,1.6240000000000003,2.220446049250313e-16,1.624,1.624,PRO-PRO,False
PRO119-PRO146,4.714999999999999,8.881784197001252e-16,4.715,4.715,PRO-PRO,False
PRO119-PRO147,2.773,0.0,2.773,2.773,PRO-PRO,False
PRO119-PRO148,2.453,0.0,2.453,2.453,PRO-PRO,False
PRO119-PRO149,5.604,0.0,5.604,5.604,PRO-PRO,False
PRO119-PRO150,5.3999999999999995,8.881784197001252e-16,5.4,5.4,PRO-PRO,False
PRO119-PRO151,9.06,0.0,9.06,9.06,PRO-PRO,False
PRO119-PRO152,8.206000000000001,1.7763568394002505e-15,8.206,8.206,PRO-PRO,False
PRO119-GTP,1.651,0.0,1.651,1.651,PRO-GTP,False
PRO120-PRO121,1.336,0.0,1.336,1.336,PRO-PRO,False
PRO120-PRO122,2.4,0.0,2.4,2.4,PRO-PRO,False
PRO120-PRO123,4.927,0.0,4.927,4.927,PRO-PRO,False
PRO120-PRO124,7.32,0.0,7.32,7.32,PRO-PRO,False
PRO120-PRO125,8.477000000000002,1.7763568394002505e-15,8.477,8.477,PRO-PRO,False
PRO120-PRO127,9.641,0.0,9.641,9.641,PRO-PRO,False
PRO120-PRO143,8.367000000000003,1.7763568394002505e-15,8.367,8.367,PRO-PRO,False
PRO120-PRO144,6.496000000000001,8.881784197001252e-16,6.496,6.496,PRO-PRO,False
PRO120-PRO145,4.771,0.0,4.771,4.771,PRO-PRO,False
PRO120-PRO146,7.717,0.0,7.717,7.717,PRO-PRO,False
PRO120-PRO147,5.296,0.0,5.296,5.296,PRO-PRO,False
PRO120-PRO148,6.131999999999999,8.881784197001252e-16,6.132,6.132,PRO-PRO,False
PRO120-PRO149,9.394,0.0,9.394,9.394,PRO-PRO,False
PRO120-PRO150,8.679,0.0,8.679,8.679,PRO-PRO,False
PRO120-PRO1269,8.653,0.0,8.653,8.653,PRO-PRO,False
PRO120-PRO1273,8.906,0.0,8.906,8.906,PRO-PRO,False
PRO120-PRO1276,9.784999999999998,1.7763568394002505e-15,9.785,9.785,PRO-PRO,False
PRO120-GTP,2.529,0.0,2.529,2.529,PRO-GTP,False
PRO121-PRO122,1.343,0.0,1.343,1.343,PRO-PRO,False
PRO121-PRO123,4.668,0.0,4.668,4.668,PRO-PRO,False
PRO121-PRO124,8.239000000000003,1.7763568394002505e-15,8.239,8.239,PRO-PRO,False
PRO121-PRO125,9.608000000000002,1.7763568394002505e-15,9.608,9.608,PRO-PRO,False
PRO121-PRO145,8.644999999999998,1.7763568394002505e-15,8.645,8.645,PRO-PRO,False
PRO121-PRO147,7.811,0.0,7.811,7.811,PRO-PRO,False
PRO121-PRO148,7.939,0.0,7.939,7.939,PRO-PRO,False
PRO121-GTP,6.718000000000002,1.7763568394002505e-15,6.718,6.718,PRO-GTP,False
PRO122-PRO123,1.3450000000000002,2.220446049250313e-16,1.345,1.345,PRO-PRO,False
PRO122-PRO124,4.657000000000001,8.881784197001252e-16,4.657,4.657,PRO-PRO,False
PRO122-PRO125,6.092,0.0,6.092,6.092,PRO-PRO,False
PRO122-PRO127,9.081000000000001,1.7763568394002505e-15,9.081,9.081,PRO-PRO,False
PRO122-PRO143,9.899,0.0,9.899,9.899,PRO-PRO,False
PRO122-PRO145,9.810999999999998,1.7763568394002505e-15,9.811,9.811,PRO-PRO,False
PRO122-GTP,8.329,0.0,8.329,8.329,PRO-GTP,False
PRO123-PRO124,1.346,0.0,1.346,1.346,PRO-PRO,False
PRO123-PRO125,1.8409999999999997,2.220446049250313e-16,1.841,1.841,PRO-PRO,False
PRO123-PRO127,2.645,0.0,2.645,2.645,PRO-PRO,False
PRO123-PRO129,6.237000000000001,8.881784197001252e-16,6.237,6.237,PRO-PRO,False
PRO123-PRO130,4.399,0.0,4.399,4.399,PRO-PRO,False
PRO123-PRO133,9.563,0.0,9.563,9.563,PRO-PRO,False
PRO123-PRO134,9.725,0.0,9.725,9.725,PRO-PRO,False
PRO123-PRO141,3.698,0.0,3.698,3.698,PRO-PRO,False
PRO123-PRO142,7.515999999999999,8.881784197001252e-16,7.516,7.516,PRO-PRO,False
PRO123-PRO143,1.8219999999999996,4.440892098500626e-16,1.822,1.822,PRO-PRO,False
PRO123-PRO144,6.680999999999999,8.881784197001252e-16,6.681,6.681,PRO-PRO,False
PRO123-PRO145,9.144,0.0,9.144,9.144,PRO-PRO,False
PRO124-PRO125,1.346,0.0,1.346,1.346,PRO-PRO,False
PRO124-PRO127,7.127000000000001,8.881784197001252e-16,7.127,7.127,PRO-PRO,False
PRO124-PRO129,7.067,0.0,7.067,7.067,PRO-PRO,False
PRO124-PRO130,8.287,0.0,8.287,8.287,PRO-PRO,False
PRO124-PRO143,9.769,0.0,9.769,9.769,PRO-PRO,False
PRO124-PRO1233,7.826999999999999,8.881784197001252e-16,7.827,7.827,PRO-PRO,False
PRO124-PRO1236,9.224000000000002,1.7763568394002505e-15,9.224,9.224,PRO-PRO,False
PRO124-PRO1267,9.306,0.0,9.306,9.306,PRO-PRO,False
PRO124-PRO1277,9.228,0.0,9.228,9.228,PRO-PRO,False
PRO124-PRO1278,9.632,0.0,9.632,9.632,PRO-PRO,False
PRO125-PRO127,3.573999999999999,8.881784197001252e-16,3.574,3.574,PRO-PRO,False
PRO125-PRO129,4.261,0.0,4.261,4.261,PRO-PRO,False
PRO125-PRO130,3.0569999999999995,4.440892098500626e-16,3.057,3.057,PRO-PRO,False
PRO125-PRO133,6.834000000000001,1.7763568394002505e-15,6.834,6.834,PRO-PRO,False
PRO125-PRO134,9.224000000000002,1.7763568394002505e-15,9.224,9.224,PRO-PRO,False
PRO125-PRO141,5.930999999999999,8.881784197001252e-16,5.931,5.931,PRO-PRO,False
PRO125-PRO142,10.0,0.0,10.0,10.0,PRO-PRO,False
PRO125-PRO143,6.283,0.0,6.283,6.283,PRO-PRO,False
PRO125-PRO144,9.809,0.0,9.809,9.809,PRO-PRO,False
PRO125-PRO1233,7.976,0.0,7.976,7.976,PRO-PRO,False
PRO127-PRO129,3.2390000000000003,4.440892098500626e-16,3.239,3.239,PRO-PRO,False
PRO127-PRO130,2.467,0.0,2.467,2.467,PRO-PRO,False
PRO127-PRO133,6.079,0.0,6.079,6.079,PRO-PRO,False
PRO127-PRO134,6.697000000000001,8.881784197001252e-16,6.697,6.697,PRO-PRO,False
PRO127-PRO136,9.819,0.0,9.819,9.819,PRO-PRO,False
PRO127-PRO141,3.029,0.0,3.029,3.029,PRO-PRO,False
PRO127-PRO142,7.084000000000001,1.7763568394002505e-15,7.084,7.084,PRO-PRO,False
PRO127-PRO143,1.6999999999999997,2.220446049250313e-16,1.7,1.7,PRO-PRO,False
PRO127-PRO144,7.781999999999998,1.7763568394002505e-15,7.782,7.782,PRO-PRO,False
PRO129-PRO130,1.352,0.0,1.352,1.352,PRO-PRO,False
PRO129-PRO133,2.219,0.0,2.219,2.219,PRO-PRO,False
PRO129-PRO134,4.625,0.0,4.625,4.625,PRO-PRO,False
PRO129-PRO136,5.953000000000001,8.881784197001252e-16,5.953,5.953,PRO-PRO,False
PRO129-PRO137,8.540999999999999,1.7763568394002505e-15,8.541,8.541,PRO-PRO,False
PRO129-PRO139,8.998,0.0,8.998,8.998,PRO-PRO,False
PRO129-PRO141,6.793999999999999,8.881784197001252e-16,6.794,6.794,PRO-PRO,False
PRO129-PRO143,8.174,0.0,8.174,8.174,PRO-PRO,False
PRO130-PRO133,2.5180000000000002,4.440892098500626e-16,2.518,2.518,PRO-PRO,False
PRO130-PRO134,2.115,0.0,2.115,2.115,PRO-PRO,False
PRO130-PRO136,6.083999999999999,8.881784197001252e-16,6.084,6.084,PRO-PRO,False
PRO130-PRO137,7.092,0.0,7.092,7.092,PRO-PRO,False
PRO130-PRO139,6.273000000000001,8.881784197001252e-16,6.273,6.273,PRO-PRO,False
PRO130-PRO141,2.7800000000000002,4.440892098500626e-16,2.78,2.78,PRO-PRO,False
PRO130-PRO142,6.881999999999999,8.881784197001252e-16,6.882,6.882,PRO-PRO,False
PRO130-PRO143,5.136,0.0,5.136,5.136,PRO-PRO,False
PRO130-PRO144,9.156999999999998,1.7763568394002505e-15,9.157,9.157,PRO-PRO,False
PRO133-PRO134,1.3469999999999998,2.220446049250313e-16,1.347,1.347,PRO-PRO,False
PRO133-PRO136,2.406,0.0,2.406,2.406,PRO-PRO,False
PRO133-PRO137,2.228,0.0,2.228,2.228,PRO-PRO,False
PRO133-PRO139,4.009999999999999,8.881784197001252e-16,4.01,4.01,PRO-PRO,False
PRO133-PRO141,6.256999999999999,8.881784197001252e-16,6.257,6.257,PRO-PRO,False
PRO133-PRO142,9.251,0.0,9.251,9.251,PRO-PRO,False
PRO133-PRO143,9.949,0.0,9.949,9.949,PRO-PRO,False
PRO134-PRO136,3.1089999999999995,4.440892098500626e-16,3.109,3.109,PRO-PRO,False
PRO134-PRO137,3.1780000000000004,4.440892098500626e-16,3.178,3.178,PRO-PRO,False
PRO134-PRO139,1.913,0.0,1.913,1.913,PRO-PRO,False
PRO134-PRO141,2.355,0.0,2.355,2.355,PRO-PRO,False
PRO134-PRO142,6.128,0.0,6.128,6.128,PRO-PRO,False
PRO134-PRO143,8.251,0.0,8.251,8.251,PRO-PRO,False
PRO136-PRO137,1.3499999999999999,2.220446049250313e-16,1.35,1.35,PRO-PRO,False
PRO136-PRO139,5.255,0.0,5.255,5.255,PRO-PRO,False
PRO136-PRO141,7.799999999999999,8.881784197001252e-16,7.8,7.8,PRO-PRO,False
PRO137-PRO139,2.4499999999999997,4.440892098500626e-16,2.45,2.45,PRO-PRO,False
PRO137-PRO141,8.013,0.0,8.013,8.013,PRO-PRO,False
PRO139-PRO141,3.5560000000000005,4.440892098500626e-16,3.556,3.556,PRO-PRO,False
PRO139-PRO142,6.805,0.0,6.805,6.805,PRO-PRO,False
PRO139-PRO155,9.771,0.0,9.771,9.771,PRO-PRO,False
PRO139-PRO159,7.046999999999999,8.881784197001252e-16,7.047,7.047,PRO-PRO,False
PRO141-PRO142,1.3439999999999999,2.220446049250313e-16,1.344,1.344,PRO-PRO,False
PRO141-PRO143,2.785,0.0,2.785,2.785,PRO-PRO,False
PRO141-PRO144,6.308,0.0,6.308,6.308,PRO-PRO,False
PRO141-PRO151,8.37,0.0,8.37,8.37,PRO-PRO,False
PRO141-PRO154,6.993000000000001,8.881784197001252e-16,6.993,6.993,PRO-PRO,False
PRO141-PRO155,6.585,0.0,6.585,6.585,PRO-PRO,False
PRO141-PRO156,9.875,0.0,9.875,9.875,PRO-PRO,False
PRO141-PRO159,9.271,0.0,9.271,9.271,PRO-PRO,False
PRO142-PRO143,1.3450000000000002,2.220446049250313e-16,1.345,1.345,PRO-PRO,False
PRO142-PRO144,2.4550000000000005,4.440892098500626e-16,2.455,2.455,PRO-PRO,False
PRO142-PRO145,6.097,0.0,6.097,6.097,PRO-PRO,False
PRO142-PRO146,9.150999999999998,1.7763568394002505e-15,9.151,9.151,PRO-PRO,False
PRO142-PRO149,9.007999999999997,1.7763568394002505e-15,9.008,9.008,PRO-PRO,False
PRO142-PRO150,5.049,0.0,5.049,5.049,PRO-PRO,False
PRO142-PRO151,3.0800000000000005,4.440892098500626e-16,3.08,3.08,PRO-PRO,False
PRO142-PRO152,5.239,0.0,5.239,5.239,PRO-PRO,False
PRO142-PRO153,6.032000000000001,8.881784197001252e-16,6.032,6.032,PRO-PRO,False
PRO142-PRO154,2.7690000000000006,4.440892098500626e-16,2.769,2.769,PRO-PRO,False
PRO142-PRO155,2.243,0.0,2.243,2.243,PRO-PRO,False
PRO142-PRO156,5.3,0.0,5.3,5.3,PRO-PRO,False
PRO142-PRO159,6.167000000000001,8.881784197001252e-16,6.167,6.167,PRO-PRO,False
PRO143-PRO144,1.349,0.0,1.349,1.349,PRO-PRO,False
PRO143-PRO145,4.451,0.0,4.451,4.451,PRO-PRO,False
PRO143-PRO146,7.721000000000002,1.7763568394002505e-15,7.721,7.721,PRO-PRO,False
PRO143-PRO147,9.484,0.0,9.484,9.484,PRO-PRO,False
PRO143-PRO148,8.472,0.0,8.472,8.472,PRO-PRO,False
PRO143-PRO149,8.31,0.0,8.31,8.31,PRO-PRO,False
PRO143-PRO150,4.112000000000001,8.881784197001252e-16,4.112,4.112,PRO-PRO,False
PRO143-PRO151,3.1819999999999995,4.440892098500626e-16,3.182,3.182,PRO-PRO,False
PRO143-PRO152,5.908,0.0,5.908,5.908,PRO-PRO,False
PRO143-PRO153,8.269,0.0,8.269,8.269,PRO-PRO,False
PRO143-PRO154,5.792000000000001,8.881784197001252e-16,5.792,5.792,PRO-PRO,False
PRO143-PRO155,5.8740000000000006,8.881784197001252e-16,5.874,5.874,PRO-PRO,False
PRO143-PRO156,9.252,0.0,9.252,9.252,PRO-PRO,False
PRO143-GTP,8.472,0.0,8.472,8.472,PRO-GTP,False
PRO144-PRO145,1.3409999999999997,2.220446049250313e-16,1.341,1.341,PRO-PRO,False
PRO144-PRO146,4.146,0.0,4.146,4.146,PRO-PRO,False
PRO144-PRO147,5.86,0.0,5.86,5.86,PRO-PRO,False
PRO144-PRO148,6.162,0.0,6.162,6.162,PRO-PRO,False
PRO144-PRO149,6.5889999999999995,8.881784197001252e-16,6.589,6.589,PRO-PRO,False
PRO144-PRO150,2.5719999999999996,4.440892098500626e-16,2.572,2.572,PRO-PRO,False
PRO144-PRO151,2.282,0.0,2.282,2.282,PRO-PRO,False
PRO144-PRO152,2.875,0.0,2.875,2.875,PRO-PRO,False
PRO144-PRO153,5.954999999999999,8.881784197001252e-16,5.955,5.955,PRO-PRO,False
PRO144-PRO154,4.433,0.0,4.433,4.433,PRO-PRO,False
PRO144-PRO155,2.6039999999999996,4.440892098500626e-16,2.604,2.604,PRO-PRO,False
PRO144-PRO156,5.674999999999999,8.881784197001252e-16,5.675,5.675,PRO-PRO,False
PRO144-PRO159,8.973,0.0,8.973,8.973,PRO-PRO,False
PRO144-GTP,4.52,0.0,4.52,4.52,PRO-GTP,False
PRO145-PRO146,1.3439999999999999,2.220446049250313e-16,1.344,1.344,PRO-PRO,False
PRO145-PRO147,2.517,0.0,2.517,2.517,PRO-PRO,False
PRO145-PRO148,1.942,0.0,1.942,1.942,PRO-PRO,False
PRO145-PRO149,2.66,0.0,2.66,2.66,PRO-PRO,False
PRO145-PRO150,1.801,0.0,1.801,1.801,PRO-PRO,False
PRO145-PRO151,3.9080000000000004,4.440892098500626e-16,3.908,3.908,PRO-PRO,False
PRO145-PRO152,2.9110000000000005,4.440892098500626e-16,2.911,2.911,PRO-PRO,False
PRO145-PRO153,6.805,0.0,6.805,6.805,PRO-PRO,False
PRO145-PRO154,7.344,0.0,7.344,7.344,PRO-PRO,False
PRO145-PRO155,7.063000000000001,8.881784197001252e-16,7.063,7.063,PRO-PRO,False
PRO145-PRO156,9.105000000000002,1.7763568394002505e-15,9.105,9.105,PRO-PRO,False
PRO145-GTP,2.599,0.0,2.599,2.599,PRO-GTP,False
PRO146-PRO147,1.3510000000000002,2.220446049250313e-16,1.351,1.351,PRO-PRO,False
PRO146-PRO148,3.523,0.0,3.523,3.523,PRO-PRO,False
PRO146-PRO149,2.8709999999999996,4.440892098500626e-16,2.871,2.871,PRO-PRO,False
PRO146-PRO150,4.198,0.0,4.198,4.198,PRO-PRO,False
PRO146-PRO151,6.887,0.0,6.887,6.887,PRO-PRO,False
PRO146-PRO152,2.3730000000000007,4.440892098500626e-16,2.373,2.373,PRO-PRO,False
PRO146-PRO153,7.090000000000002,1.7763568394002505e-15,7.09,7.09,PRO-PRO,False
PRO146-PRO154,9.304999999999998,1.7763568394002505e-15,9.305,9.305,PRO-PRO,False
PRO146-PRO155,8.699,0.0,8.699,8.699,PRO-PRO,False
PRO146-PRO156,7.150999999999998,1.7763568394002505e-15,7.151,7.151,PRO-PRO,False
PRO146-GTP,1.9950000000000006,4.440892098500626e-16,1.995,1.995,PRO-GTP,False
PRO147-PRO148,1.353,0.0,1.353,1.353,PRO-PRO,False
PRO147-PRO149,2.77,0.0,2.77,2.77,PRO-PRO,False
PRO147-PRO150,5.122,0.0,5.122,5.122,PRO-PRO,False
PRO147-PRO151,8.730000000000002,1.7763568394002505e-15,8.73,8.73,PRO-PRO,False
PRO147-PRO152,5.622,0.0,5.622,5.622,PRO-PRO,False
PRO147-PRO153,9.956000000000001,1.7763568394002505e-15,9.956,9.956,PRO-PRO,False
PRO147-GTP,2.637,0.0,2.637,2.637,PRO-GTP,False
PRO148-PRO149,1.349,0.0,1.349,1.349,PRO-PRO,False
PRO148-PRO150,3.4379999999999997,4.440892098500626e-16,3.438,3.438,PRO-PRO,False
PRO148-PRO151,7.012999999999999,8.881784197001252e-16,7.013,7.013,PRO-PRO,False
PRO148-PRO152,6.415999999999999,1.7763568394002505e-15,6.416,6.416,PRO-PRO,False
PRO148-PRO153,8.945,0.0,8.945,8.945,PRO-PRO,False
PRO148-GTP,4.707,0.0,4.707,4.707,PRO-GTP,False
PRO149-PRO150,1.3480000000000003,2.220446049250313e-16,1.348,1.348,PRO-PRO,False
PRO149-PRO151,4.0889999999999995,8.881784197001252e-16,4.089,4.089,PRO-PRO,False
PRO149-PRO152,4.226,0.0,4.226,4.226,PRO-PRO,False
PRO149-PRO153,5.622,0.0,5.622,5.622,PRO-PRO,False
PRO149-PRO154,7.143,0.0,7.143,7.143,PRO-PRO,False
PRO149-PRO155,8.996,0.0,8.996,8.996,PRO-PRO,False
PRO149-PRO156,9.480000000000002,1.7763568394002505e-15,9.48,9.48,PRO-PRO,False
PRO149-GTP,6.107,0.0,6.107,6.107,PRO-GTP,False
PRO150-PRO151,1.349,0.0,1.349,1.349,PRO-PRO,False
PRO150-PRO152,2.5210000000000004,4.440892098500626e-16,2.521,2.521,PRO-PRO,False
PRO150-PRO153,4.884,0.0,4.884,4.884,PRO-PRO,False
PRO150-PRO154,4.139,0.0,4.139,4.139,PRO-PRO,False
PRO150-PRO155,6.289000000000001,8.881784197001252e-16,6.289,6.289,PRO-PRO,False
PRO150-PRO156,8.346000000000002,1.7763568394002505e-15,8.346,8.346,PRO-PRO,False
PRO150-GTP,6.621000000000001,8.881784197001252e-16,6.621,6.621,PRO-GTP,False
PRO151-PRO152,1.343,0.0,1.343,1.343,PRO-PRO,False
PRO151-PRO153,3.323999999999999,8.881784197001252e-16,3.324,3.324,PRO-PRO,False
PRO151-PRO154,2.315,0.0,2.315,2.315,PRO-PRO,False
PRO151-PRO155,1.8949999999999998,2.220446049250313e-16,1.895,1.895,PRO-PRO,False
PRO151-PRO156,4.369,0.0,4.369,4.369,PRO-PRO,False
PRO151-PRO159,8.037,0.0,8.037,8.037,PRO-PRO,False
PRO151-GTP,9.159999999999998,1.7763568394002505e-15,9.16,9.16,PRO-GTP,False
PRO152-PRO153,1.3480000000000003,2.220446049250313e-16,1.348,1.348,PRO-PRO,False
PRO152-PRO154,3.314,0.0,3.314,3.314,PRO-PRO,False
PRO152-PRO155,2.7839999999999994,4.440892098500626e-16,2.784,2.784,PRO-PRO,False
PRO152-PRO156,2.291,0.0,2.291,2.291,PRO-PRO,False
PRO152-PRO159,7.128999999999999,8.881784197001252e-16,7.129,7.129,PRO-PRO,False
PRO152-GTP,6.3389999999999995,8.881784197001252e-16,6.339,6.339,PRO-GTP,False
PRO153-PRO154,1.349,0.0,1.349,1.349,PRO-PRO,False
PRO153-PRO155,3.2459999999999996,4.440892098500626e-16,3.246,3.246,PRO-PRO,False
PRO153-PRO156,3.0219999999999994,4.440892098500626e-16,3.022,3.022,PRO-PRO,False
PRO153-PRO159,5.951999999999999,8.881784197001252e-16,5.952,5.952,PRO-PRO,False
PRO154-PRO155,1.349,0.0,1.349,1.349,PRO-PRO,False
PRO154-PRO156,3.427,0.0,3.427,3.427,PRO-PRO,False
PRO154-PRO159,4.248,0.0,4.248,4.248,PRO-PRO,False
PRO155-PRO156,1.349,0.0,1.349,1.349,PRO-PRO,False
PRO155-PRO159,2.18,0.0,2.18,2.18,PRO-PRO,False
PRO156-PRO159,2.733,0.0,2.733,2.733,PRO-PRO,False
PRO1227-PRO1228,1.32,0.0,1.32,1.32,PRO-PRO,False
PRO1227-PRO1230,2.352,0.0,2.352,2.352,PRO-PRO,False
PRO1227-PRO1231,2.187,0.0,2.187,2.187,PRO-PRO,False
PRO1227-PRO1232,5.926000000000001,8.881784197001252e-16,5.926,5.926,PRO-PRO,False
PRO1227-PRO1233,7.179000000000001,8.881784197001252e-16,7.179,7.179,PRO-PRO,False
PRO1227-PRO1234,9.601,0.0,9.601,9.601,PRO-PRO,False
PRO1227-PRO1235,7.5379999999999985,1.7763568394002505e-15,7.538,7.538,PRO-PRO,False
PRO1227-PRO1236,3.8320000000000003,4.440892098500626e-16,3.832,3.832,PRO-PRO,False
PRO1227-PRO1237,9.441,0.0,9.441,9.441,PRO-PRO,False
PRO1227-PRO1238,8.254,0.0,8.254,8.254,PRO-PRO,False
PRO1227-PRO1239,2.311,0.0,2.311,2.311,PRO-PRO,False
PRO1227-PRO1240,7.334000000000001,1.7763568394002505e-15,7.334,7.334,PRO-PRO,False
PRO1227-PRO1241,9.155,0.0,9.155,9.155,PRO-PRO,False
PRO1227-PRO1242,6.653999999999998,1.7763568394002505e-15,6.654,6.654,PRO-PRO,False
PRO1227-PRO1243,3.579999999999999,8.881784197001252e-16,3.58,3.58,PRO-PRO,False
PRO1227-PRO1278,9.560999999999998,1.7763568394002505e-15,9.561,9.561,PRO-PRO,False
PRO1227-PRO1279,9.362,0.0,9.362,9.362,PRO-PRO,False
PRO1227-PRO1280,3.82,0.0,3.82,3.82,PRO-PRO,False
PRO1227-PRO1281,9.102000000000002,1.7763568394002505e-15,9.102,9.102,PRO-PRO,False
PRO1227-PRO1283,9.525,0.0,9.525,9.525,PRO-PRO,False
PRO1227-PRO1284,6.761000000000001,8.881784197001252e-16,6.761,6.761,PRO-PRO,False
PRO1228-PRO1230,3.448,0.0,3.448,3.448,PRO-PRO,False
PRO1228-PRO1231,4.046,0.0,4.046,4.046,PRO-PRO,False
PRO1228-PRO1232,7.107,0.0,7.107,7.107,PRO-PRO,False
PRO1228-PRO1233,6.465000000000002,1.7763568394002505e-15,6.465,6.465,PRO-PRO,False
PRO1228-PRO1234,9.51,0.0,9.51,9.51,PRO-PRO,False
PRO1228-PRO1235,8.071,0.0,8.071,8.071,PRO-PRO,False
PRO1228-PRO1236,2.997,0.0,2.997,2.997,PRO-PRO,False
PRO1228-PRO1237,8.933,0.0,8.933,8.933,PRO-PRO,False
PRO1228-PRO1238,9.867000000000003,1.7763568394002505e-15,9.867,9.867,PRO-PRO,False
PRO1228-PRO1239,3.611,0.0,3.611,3.611,PRO-PRO,False
PRO1228-PRO1240,8.054,0.0,8.054,8.054,PRO-PRO,False
PRO1228-PRO1243,5.438000000000001,8.881784197001252e-16,5.438,5.438,PRO-PRO,False
PRO1228-PRO1264,6.131999999999999,8.881784197001252e-16,6.132,6.132,PRO-PRO,False
PRO1228-PRO1267,8.127,0.0,8.127,8.127,PRO-PRO,False
PRO1228-PRO1278,8.332,0.0,8.332,8.332,PRO-PRO,False
PRO1228-PRO1279,6.119999999999999,8.881784197001252e-16,6.12,6.12,PRO-PRO,False
PRO1228-PRO1280,2.147,0.0,2.147,2.147,PRO-PRO,False
PRO1228-PRO1281,5.185,0.0,5.185,5.185,PRO-PRO,False
PRO1228-PRO1282,7.954999999999999,8.881784197001252e-16,7.955,7.955,PRO-PRO,False
PRO1228-PRO1283,7.872999999999999,8.881784197001252e-16,7.873,7.873,PRO-PRO,False
PRO1228-PRO1284,5.653,0.0,5.653,5.653,PRO-PRO,False
PRO1230-PRO1231,1.4060000000000001,2.220446049250313e-16,1.406,1.406,PRO-PRO,False
PRO1230-PRO1232,3.1009999999999995,4.440892098500626e-16,3.101,3.101,PRO-PRO,False
PRO1230-PRO1233,7.366999999999999,8.881784197001252e-16,7.367,7.367,PRO-PRO,False
PRO1230-PRO1234,9.519999999999998,1.7763568394002505e-15,9.52,9.52,PRO-PRO,False
PRO1230-PRO1235,7.421,0.0,7.421,7.421,PRO-PRO,False
PRO1230-PRO1236,5.088,0.0,5.088,5.088,PRO-PRO,False
PRO1230-PRO1239,6.075000000000001,8.881784197001252e-16,6.075,6.075,PRO-PRO,False
PRO1230-PRO1243,8.903999999999998,1.7763568394002505e-15,8.904,8.904,PRO-PRO,False
PRO1230-PRO1280,6.677,0.0,6.677,6.677,PRO-PRO,False
PRO1231-PRO1232,1.3339999999999999,2.220446049250313e-16,1.334,1.334,PRO-PRO,False
PRO1231-PRO1233,3.5910000000000006,4.440892098500626e-16,3.591,3.591,PRO-PRO,False
PRO1231-PRO1234,5.777,0.0,5.777,5.777,PRO-PRO,False
PRO1231-PRO1235,2.4899999999999998,4.440892098500626e-16,2.49,2.49,PRO-PRO,False
PRO1231-PRO1236,1.888,0.0,1.888,1.888,PRO-PRO,False
PRO1231-PRO1237,6.537,0.0,6.537,6.537,PRO-PRO,False
PRO1231-PRO1238,4.909,0.0,4.909,4.909,PRO-PRO,False
PRO1231-PRO1239,2.689,0.0,2.689,2.689,PRO-PRO,False
PRO1231-PRO1240,6.924,0.0,6.924,6.924,PRO-PRO,False
PRO1231-PRO1241,8.865,0.0,8.865,8.865,PRO-PRO,False
PRO1231-PRO1242,8.362,0.0,8.362,8.362,PRO-PRO,False
PRO1231-PRO1243,7.165,0.0,7.165,7.165,PRO-PRO,False
PRO1231-PRO1278,7.359000000000001,8.881784197001252e-16,7.359,7.359,PRO-PRO,False
PRO1231-PRO1279,8.74,0.0,8.74,8.74,PRO-PRO,False
PRO1231-PRO1280,4.993000000000001,8.881784197001252e-16,4.993,4.993,PRO-PRO,False
PRO1231-PRO1283,8.507999999999997,1.7763568394002505e-15,8.508,8.508,PRO-PRO,False
PRO1231-PRO1284,9.287999999999998,1.7763568394002505e-15,9.288,9.288,PRO-PRO,False
PRO1232-PRO1233,1.3480000000000003,2.220446049250313e-16,1.348,1.348,PRO-PRO,False
PRO1232-PRO1234,3.02,0.0,3.02,3.02,PRO-PRO,False
PRO1232-PRO1235,2.1039999999999996,4.440892098500626e-16,2.104,2.104,PRO-PRO,False
PRO1232-PRO1236,3.1359999999999997,4.440892098500626e-16,3.136,3.136,PRO-PRO,False
PRO1232-PRO1237,5.765,0.0,5.765,5.765,PRO-PRO,False
PRO1232-PRO1238,6.846000000000002,1.7763568394002505e-15,6.846,6.846,PRO-PRO,False
PRO1232-PRO1239,5.646999999999999,8.881784197001252e-16,5.647,5.647,PRO-PRO,False
PRO1232-PRO1240,8.616,0.0,8.616,8.616,PRO-PRO,False
PRO1232-PRO1278,5.567999999999999,8.881784197001252e-16,5.568,5.568,PRO-PRO,False
PRO1232-PRO1279,8.56,0.0,8.56,8.56,PRO-PRO,False
PRO1232-PRO1280,7.024,0.0,7.024,7.024,PRO-PRO,False
PRO1232-PRO1283,7.697000000000001,8.881784197001252e-16,7.697,7.697,PRO-PRO,False
PRO1233-PRO1234,1.3469999999999998,2.220446049250313e-16,1.347,1.347,PRO-PRO,False
PRO1233-PRO1235,2.8090000000000006,4.440892098500626e-16,2.809,2.809,PRO-PRO,False
PRO1233-PRO1236,2.6039999999999996,4.440892098500626e-16,2.604,2.604,PRO-PRO,False
PRO1233-PRO1237,4.235,0.0,4.235,4.235,PRO-PRO,False
PRO1233-PRO1238,6.959000000000001,1.7763568394002505e-15,6.959,6.959,PRO-PRO,False
PRO1233-PRO1239,6.490000000000001,8.881784197001252e-16,6.49,6.49,PRO-PRO,False
PRO1233-PRO1240,8.429,0.0,8.429,8.429,PRO-PRO,False
PRO1233-PRO1277,7.585999999999999,8.881784197001252e-16,7.586,7.586,PRO-PRO,False
PRO1233-PRO1278,2.1649999999999996,4.440892098500626e-16,2.165,2.165,PRO-PRO,False
PRO1233-PRO1279,5.819000000000001,8.881784197001252e-16,5.819,5.819,PRO-PRO,False
PRO1233-PRO1280,5.988,0.0,5.988,5.988,PRO-PRO,False
PRO1233-PRO1281,9.087000000000002,1.7763568394002505e-15,9.087,9.087,PRO-PRO,False
PRO1233-PRO1282,8.615,0.0,8.615,8.615,PRO-PRO,False
PRO1233-PRO1283,5.244,0.0,5.244,5.244,PRO-PRO,False
PRO1234-PRO1235,1.352,0.0,1.352,1.352,PRO-PRO,False
PRO1234-PRO1236,2.9289999999999994,4.440892098500626e-16,2.929,2.929,PRO-PRO,False
PRO1234-PRO1237,3.1807321428571425,0.031651275685997536,2.946,3.185,PRO-PRO,True
PRO1234-PRO1238,4.732,0.0,4.732,4.732,PRO-PRO,False
PRO1234-PRO1239,6.509999999999999,8.881784197001252e-16,6.51,6.51,PRO-PRO,False
PRO1234-PRO1240,8.203000000000001,1.7763568394002505e-15,8.203,8.203,PRO-PRO,False
PRO1234-PRO1241,6.981142857142857,0.5140426062306588,6.74,8.983,PRO-PRO,True
PRO1234-PRO1278,4.009,0.0,4.009,4.009,PRO-PRO,False
PRO1234-PRO1279,8.302999999999999,1.7763568394002505e-15,8.303,8.303,PRO-PRO,False
PRO1234-PRO1280,8.203000000000001,1.7763568394002505e-15,8.203,8.203,PRO-PRO,False
PRO1234-PRO1283,5.119,0.0,5.119,5.119,PRO-PRO,False
PRO1234-LIG,6.316553571428571,1.2794949606282,2.754,12.539,PRO-LIG,True
PRO1235-PRO1236,1.3480000000000003,2.220446049250313e-16,1.348,1.348,PRO-PRO,False
PRO1235-PRO1237,2.879749999999999,0.009270248108869557,2.811,2.881,PRO-PRO,True
PRO1235-PRO1238,2.594,0.0,2.594,2.594,PRO-PRO,False
PRO1235-PRO1239,2.4490000000000003,4.440892098500626e-16,2.449,2.449,PRO-PRO,False
PRO1235-PRO1240,4.803,0.0,4.803,4.803,PRO-PRO,False
PRO1235-PRO1241,6.332089285714285,0.034091409048591204,6.167,6.428,PRO-PRO,True
PRO1235-PRO1242,7.686,0.0,7.686,7.686,PRO-PRO,False
PRO1235-PRO1243,7.993000000000001,8.881784197001252e-16,7.993,7.993,PRO-PRO,False
PRO1235-PRO1278,5.390999999999999,8.881784197001252e-16,5.391,5.391,PRO-PRO,False
PRO1235-PRO1279,8.595,0.0,8.595,8.595,PRO-PRO,False
PRO1235-PRO1280,5.460999999999999,8.881784197001252e-16,5.461,5.461,PRO-PRO,False
PRO1235-PRO1283,5.654000000000001,8.881784197001252e-16,5.654,5.654,PRO-PRO,False
PRO1235-PRO1284,8.865,0.0,8.865,8.865,PRO-PRO,False
PRO1235-LIG,7.547160714285714,1.422414154788382,3.008,12.749,PRO-LIG,True
PRO1236-PRO1237,1.6140000000000003,2.220446049250313e-16,1.614,1.614,PRO-PRO,False
PRO1236-PRO1238,3.3939999999999992,8.881784197001252e-16,3.394,3.394,PRO-PRO,False
PRO1236-PRO1239,2.2480000000000007,4.440892098500626e-16,2.248,2.248,PRO-PRO,False
PRO1236-PRO1240,2.064,0.0,2.064,2.064,PRO-PRO,False
PRO1236-PRO1241,4.473,0.0,4.473,4.473,PRO-PRO,False
PRO1236-PRO1242,6.518999999999999,8.881784197001252e-16,6.519,6.519,PRO-PRO,False
PRO1236-PRO1243,5.576999999999999,8.881784197001252e-16,5.577,5.577,PRO-PRO,False
PRO1236-PRO1264,6.649,0.0,6.649,6.649,PRO-PRO,False
PRO1236-PRO1267,6.978000000000001,8.881784197001252e-16,6.978,6.978,PRO-PRO,False
PRO1236-PRO1274,9.534999999999998,1.7763568394002505e-15,9.535,9.535,PRO-PRO,False
PRO1236-PRO1275,9.073,0.0,9.073,9.073,PRO-PRO,False
PRO1236-PRO1276,8.382,0.0,8.382,8.382,PRO-PRO,False
PRO1236-PRO1277,6.054000000000001,8.881784197001252e-16,6.054,6.054,PRO-PRO,False
PRO1236-PRO1278,2.43,0.0,2.43,2.43,PRO-PRO,False
PRO1236-PRO1279,2.169,0.0,2.169,2.169,PRO-PRO,False
PRO1236-PRO1280,2.363,0.0,2.363,2.363,PRO-PRO,False
PRO1236-PRO1281,5.782000000000001,8.881784197001252e-16,5.782,5.782,PRO-PRO,False
PRO1236-PRO1282,5.653,0.0,5.653,5.653,PRO-PRO,False
PRO1236-PRO1283,2.9699999999999998,4.440892098500626e-16,2.97,2.97,PRO-PRO,False
PRO1236-PRO1284,5.421999999999999,8.881784197001252e-16,5.422,5.422,PRO-PRO,False
PRO1236-PRO1285,8.451,0.0,8.451,8.451,PRO-PRO,False
PRO1236-PRO1286,7.543,0.0,7.543,7.543,PRO-PRO,False
PRO1236-PRO1287,7.244,0.0,7.244,7.244,PRO-PRO,False
PRO1236-PRO1391,8.566,0.0,8.566,8.566,PRO-PRO,False
PRO1237-PRO1238,1.224,0.0,1.224,1.224,PRO-PRO,False
PRO1237-PRO1239,3.2549999999999994,4.440892098500626e-16,3.255,3.255,PRO-PRO,False
PRO1237-PRO1240,3.0130000000000003,4.440892098500626e-16,3.013,3.013,PRO-PRO,False
PRO1237-PRO1241,1.9769999999999999,0.4007754091401175,1.248,2.557,PRO-PRO,True
PRO1237-PRO1242,5.509999999999999,8.881784197001252e-16,5.51,5.51,PRO-PRO,False
PRO1237-PRO1243,6.948,0.0,6.948,6.948,PRO-PRO,False
PRO1237-PRO1278,5.037,0.0,5.037,5.037,PRO-PRO,False
PRO1237-PRO1279,6.531,0.0,6.531,6.531,PRO-PRO,False
PRO1237-PRO1280,5.146999999999999,8.881784197001252e-16,5.147,5.147,PRO-PRO,False
PRO1237-PRO1281,8.604,0.0,8.604,8.604,PRO-PRO,False
PRO1237-PRO1282,6.952446428571428,0.08568357894912314,6.317,6.964,PRO-PRO,True
PRO1237-PRO1283,1.8869821428571427,0.17917155496811954,1.005,2.095,PRO-PRO,True
PRO1237-PRO1284,6.162,0.0,6.162,6.162,PRO-PRO,False
PRO1237-PRO1285,8.484,0.0,8.484,8.484,PRO-PRO,False
PRO1237-PRO1286,5.6380357142857145,0.380514734287917,4.546,5.833,PRO-PRO,True
PRO1237-PRO1287,5.436999999999999,8.881784197001252e-16,5.437,5.437,PRO-PRO,False
PRO1237-PRO1290,5.436053571428571,0.6605073920761558,4.721,8.001,PRO-PRO,True
PRO1237-PRO1391,8.261910714285714,0.4026397395752237,6.836,8.611,PRO-PRO,True
PRO1237-LIG,3.641339285714286,0.893526785848114,1.824,6.989,PRO-LIG,True
PRO1238-PRO1239,1.3510000000000002,2.220446049250313e-16,1.351,1.351,PRO-PRO,False
PRO1238-PRO1240,3.2250000000000005,4.440892098500626e-16,3.225,3.225,PRO-PRO,False
PRO1238-PRO1241,2.2252857142857145,0.08031449662014284,1.724,2.243,PRO-PRO,True
PRO1238-PRO1242,2.5100000000000002,4.440892098500626e-16,2.51,2.51,PRO-PRO,False
PRO1238-PRO1243,4.396999999999999,8.881784197001252e-16,4.397,4.397,PRO-PRO,False
PRO1238-PRO1278,8.022,0.0,8.022,8.022,PRO-PRO,False
PRO1238-PRO1279,9.217,0.0,9.217,9.217,PRO-PRO,False
PRO1238-PRO1280,6.335,0.0,6.335,6.335,PRO-PRO,False
PRO1238-PRO1283,5.363,0.0,5.363,5.363,PRO-PRO,False
PRO1238-PRO1284,7.820999999999999,8.881784197001252e-16,7.821,7.821,PRO-PRO,False
PRO1238-PRO1286,8.552999999999999,1.7763568394002505e-15,8.553,8.553,PRO-PRO,False
PRO1238-PRO1287,7.230000000000002,1.7763568394002505e-15,7.23,7.23,PRO-PRO,False
PRO1238-PRO1290,8.456982142857141,0.2709970671343294,8.155,9.776,PRO-PRO,True
PRO1239-PRO1240,1.3469999999999998,2.220446049250313e-16,1.347,1.347,PRO-PRO,False
PRO1239-PRO1241,2.9080000000000004,4.440892098500626e-16,2.908,2.908,PRO-PRO,False
PRO1239-PRO1242,2.8670000000000004,4.440892098500626e-16,2.867,2.867,PRO-PRO,False
PRO1239-PRO1243,1.8279999999999998,2.220446049250313e-16,1.828,1.828,PRO-PRO,False
PRO1239-PRO1278,7.808999999999999,8.881784197001252e-16,7.809,7.809,PRO-PRO,False
PRO1239-PRO1279,7.822000000000001,8.881784197001252e-16,7.822,7.822,PRO-PRO,False
PRO1239-PRO1280,2.257,0.0,2.257,2.257,PRO-PRO,False
PRO1239-PRO1281,7.646,0.0,7.646,7.646,PRO-PRO,False
PRO1239-PRO1282,9.571,0.0,9.571,9.571,PRO-PRO,False
PRO1239-PRO1283,5.869,0.0,5.869,5.869,PRO-PRO,False
PRO1239-PRO1284,4.6450000000000005,8.881784197001252e-16,4.645,4.645,PRO-PRO,False
PRO1239-PRO1285,9.456000000000001,1.7763568394002505e-15,9.456,9.456,PRO-PRO,False
PRO1239-PRO1286,9.391,0.0,9.391,9.391,PRO-PRO,False
PRO1239-PRO1287,7.319000000000001,8.881784197001252e-16,7.319,7.319,PRO-PRO,False
PRO1240-PRO1241,1.372,0.0,1.372,1.372,PRO-PRO,False
PRO1240-PRO1242,3.2489999999999997,4.440892098500626e-16,3.249,3.249,PRO-PRO,False
PRO1240-PRO1243,2.1780000000000004,4.440892098500626e-16,2.178,2.178,PRO-PRO,False
PRO1240-PRO1278,7.871000000000001,8.881784197001252e-16,7.871,7.871,PRO-PRO,False
PRO1240-PRO1279,6.021,0.0,6.021,6.021,PRO-PRO,False
PRO1240-PRO1280,2.486,0.0,2.486,2.486,PRO-PRO,False
PRO1240-PRO1281,6.148000000000001,8.881784197001252e-16,6.148,6.148,PRO-PRO,False
PRO1240-PRO1282,5.994999999999999,8.881784197001252e-16,5.995,5.995,PRO-PRO,False
PRO1240-PRO1283,2.5530000000000004,4.440892098500626e-16,2.553,2.553,PRO-PRO,False
PRO1240-PRO1284,2.259,0.0,2.259,2.259,PRO-PRO,False
PRO1240-PRO1285,5.287,0.0,5.287,5.287,PRO-PRO,False
PRO1240-PRO1286,5.295000000000001,8.881784197001252e-16,5.295,5.295,PRO-PRO,False
PRO1240-PRO1287,3.6460000000000004,4.440892098500626e-16,3.646,3.646,PRO-PRO,False
PRO1240-PRO1289,8.424,0.0,8.424,8.424,PRO-PRO,False
PRO1240-PRO1290,7.201892857142858,0.2964873328161054,7.113,8.373,PRO-PRO,True
PRO1240-PRO1391,9.318,0.0,9.318,9.318,PRO-PRO,False
PRO1241-PRO1242,1.327,0.0,1.327,1.327,PRO-PRO,False
PRO1241-PRO1243,3.398,0.0,3.398,3.398,PRO-PRO,False
PRO1241-PRO1278,9.29155357142857,0.3188852749166594,9.043,10.472,PRO-PRO,True
PRO1241-PRO1280,5.728000000000001,8.881784197001252e-16,5.728,5.728,PRO-PRO,False
PRO1241-PRO1282,8.96944642857143,0.032123600382438736,8.962,9.166,PRO-PRO,True
PRO1241-PRO1283,4.721464285714285,0.14576142007277737,4.671,5.303,PRO-PRO,True
PRO1241-PRO1284,5.502000000000001,8.881784197001252e-16,5.502,5.502,PRO-PRO,False
PRO1241-PRO1285,8.68,0.0,8.68,8.68,PRO-PRO,False
PRO1241-PRO1286,6.180535714285713,0.08362052129491103,5.877,6.527,PRO-PRO,True
PRO1241-PRO1287,2.8090535714285716,0.016954160512200854,2.715,2.857,PRO-PRO,True
PRO1241-PRO1289,9.353303571428572,0.03979632055984639,9.34,9.538,PRO-PRO,True
PRO1241-PRO1290,4.974553571428571,0.2680748775757342,3.91,5.841,PRO-PRO,True
PRO1241-LIG,3.794571428571428,0.9083656016860892,1.685,5.45,PRO-LIG,True
PRO1242-PRO1243,1.3610000000000002,2.220446049250313e-16,1.361,1.361,PRO-PRO,False
PRO1242-PRO1280,7.067999999999999,8.881784197001252e-16,7.068,7.068,PRO-PRO,False
PRO1242-PRO1283,7.856000000000001,8.881784197001252e-16,7.856,7.856,PRO-PRO,False
PRO1242-PRO1284,7.14,0.0,7.14,7.14,PRO-PRO,False
PRO1242-PRO1287,5.262,0.0,5.262,5.262,PRO-PRO,False
PRO1243-PRO1279,8.685,0.0,8.685,8.685,PRO-PRO,False
PRO1243-PRO1280,2.471,0.0,2.471,2.471,PRO-PRO,False
PRO1243-PRO1281,6.947000000000001,8.881784197001252e-16,6.947,6.947,PRO-PRO,False
PRO1243-PRO1282,9.223,0.0,9.223,9.223,PRO-PRO,False
PRO1243-PRO1283,6.2700000000000005,8.881784197001252e-16,6.27,6.27,PRO-PRO,False
PRO1243-PRO1284,2.3910000000000005,4.440892098500626e-16,2.391,2.391,PRO-PRO,False
PRO1243-PRO1285,8.225,0.0,8.225,8.225,PRO-PRO,False
PRO1243-PRO1286,9.674999999999999,1.7763568394002505e-15,9.675,9.675,PRO-PRO,False
PRO1243-PRO1287,5.7490000000000006,8.881784197001252e-16,5.749,5.749,PRO-PRO,False
PRO1264-PRO1265,1.3499999999999999,2.220446049250313e-16,1.35,1.35,PRO-PRO,False
PRO1264-PRO1267,2.465,0.0,2.465,2.465,PRO-PRO,False
PRO1264-PRO1268,1.949,0.0,1.949,1.949,PRO-PRO,False
PRO1264-PRO1269,6.061,0.0,6.061,6.061,PRO-PRO,False
PRO1264-PRO1270,6.491,0.0,6.491,6.491,PRO-PRO,False
PRO1264-PRO1271,4.271999999999999,8.881784197001252e-16,4.272,4.272,PRO-PRO,False
PRO1264-PRO1272,9.391,0.0,9.391,9.391,PRO-PRO,False
PRO1264-PRO1273,7.015,0.0,7.015,7.015,PRO-PRO,False
PRO1264-PRO1274,2.464,0.0,2.464,2.464,PRO-PRO,False
PRO1264-PRO1275,4.042000000000001,8.881784197001252e-16,4.042,4.042,PRO-PRO,False
PRO1264-PRO1276,6.929000000000001,8.881784197001252e-16,6.929,6.929,PRO-PRO,False
PRO1264-PRO1277,6.357,0.0,6.357,6.357,PRO-PRO,False
PRO1264-PRO1278,6.110999999999999,8.881784197001252e-16,6.111,6.111,PRO-PRO,False
PRO1264-PRO1279,3.349,0.0,3.349,3.349,PRO-PRO,False
PRO1264-PRO1280,5.091,0.0,5.091,5.091,PRO-PRO,False
PRO1264-PRO1281,2.3249999999999997,4.440892098500626e-16,2.325,2.325,PRO-PRO,False
PRO1264-PRO1282,4.416,0.0,4.416,4.416,PRO-PRO,False
PRO1264-PRO1283,7.2509999999999994,8.881784197001252e-16,7.251,7.251,PRO-PRO,False
PRO1264-PRO1284,7.393,0.0,7.393,7.393,PRO-PRO,False
PRO1264-PRO1285,7.386000000000001,8.881784197001252e-16,7.386,7.386,PRO-PRO,False
PRO1264-PRO1286,9.656,0.0,9.656,9.656,PRO-PRO,False
PRO1264-PRO1368,6.372999999999999,8.881784197001252e-16,6.373,6.373,PRO-PRO,False
PRO1264-PRO1383,8.505,0.0,8.505,8.505,PRO-PRO,False
PRO1264-PRO1391,8.49,0.0,8.49,8.49,PRO-PRO,False
PRO1265-PRO1267,3.294,0.0,3.294,3.294,PRO-PRO,False
PRO1265-PRO1268,3.0590000000000006,4.440892098500626e-16,3.059,3.059,PRO-PRO,False
PRO1265-PRO1269,5.688000000000001,8.881784197001252e-16,5.688,5.688,PRO-PRO,False
PRO1265-PRO1270,5.9639999999999995,8.881784197001252e-16,5.964,5.964,PRO-PRO,False
PRO1265-PRO1271,2.188,0.0,2.188,2.188,PRO-PRO,False
PRO1265-PRO1272,8.134,0.0,8.134,8.134,PRO-PRO,False
PRO1265-PRO1273,7.768999999999999,8.881784197001252e-16,7.769,7.769,PRO-PRO,False
PRO1265-PRO1274,2.4950000000000006,4.440892098500626e-16,2.495,2.495,PRO-PRO,False
PRO1265-PRO1275,6.066000000000001,8.881784197001252e-16,6.066,6.066,PRO-PRO,False
PRO1265-PRO1276,9.333,0.0,9.333,9.333,PRO-PRO,False
PRO1265-PRO1279,8.558,0.0,8.558,8.558,PRO-PRO,False
PRO1265-PRO1281,6.871000000000001,8.881784197001252e-16,6.871,6.871,PRO-PRO,False
PRO1265-PRO1282,9.400999999999998,1.7763568394002505e-15,9.401,9.401,PRO-PRO,False
PRO1265-PRO1285,9.558000000000002,1.7763568394002505e-15,9.558,9.558,PRO-PRO,False
PRO1265-PRO1368,5.165,0.0,5.165,5.165,PRO-PRO,False
PRO1265-PRO1379,6.980000000000002,1.7763568394002505e-15,6.98,6.98,PRO-PRO,False
PRO1265-PRO1383,5.857,0.0,5.857,5.857,PRO-PRO,False
PRO1265-PRO1384,8.759,0.0,8.759,8.759,PRO-PRO,False
PRO1265-PRO1387,9.884,0.0,9.884,9.884,PRO-PRO,False
PRO1267-PRO1268,1.3469999999999998,2.220446049250313e-16,1.347,1.347,PRO-PRO,False
PRO1267-PRO1269,3.7310000000000008,8.881784197001252e-16,3.731,3.731,PRO-PRO,False
PRO1267-PRO1270,5.866,0.0,5.866,5.866,PRO-PRO,False
PRO1267-PRO1271,5.884,0.0,5.884,5.884,PRO-PRO,False
PRO1267-PRO1273,7.493000000000001,8.881784197001252e-16,7.493,7.493,PRO-PRO,False
PRO1267-PRO1274,5.264,0.0,5.264,5.264,PRO-PRO,False
PRO1267-PRO1275,8.199,0.0,8.199,8.199,PRO-PRO,False
PRO1267-PRO1276,7.843000000000002,1.7763568394002505e-15,7.843,7.843,PRO-PRO,False
PRO1267-PRO1277,8.155,0.0,8.155,8.155,PRO-PRO,False
PRO1267-PRO1278,7.390999999999999,8.881784197001252e-16,7.391,7.391,PRO-PRO,False
PRO1267-PRO1279,5.7509999999999994,8.881784197001252e-16,5.751,5.751,PRO-PRO,False
PRO1267-PRO1280,7.8370000000000015,1.7763568394002505e-15,7.837,7.837,PRO-PRO,False
PRO1267-PRO1281,7.552,0.0,7.552,7.552,PRO-PRO,False
PRO1267-PRO1282,8.89,0.0,8.89,8.89,PRO-PRO,False
PRO1268-PRO1269,1.3409999999999997,2.220446049250313e-16,1.341,1.341,PRO-PRO,False
PRO1268-PRO1270,2.5850000000000004,4.440892098500626e-16,2.585,2.585,PRO-PRO,False
PRO1268-PRO1271,2.5880000000000005,4.440892098500626e-16,2.588,2.588,PRO-PRO,False
PRO1268-PRO1272,5.972,0.0,5.972,5.972,PRO-PRO,False
PRO1268-PRO1273,3.9460000000000006,4.440892098500626e-16,3.946,3.946,PRO-PRO,False
PRO1268-PRO1274,2.5880000000000005,4.440892098500626e-16,2.588,2.588,PRO-PRO,False
PRO1268-PRO1275,5.776000000000001,8.881784197001252e-16,5.776,5.776,PRO-PRO,False
PRO1268-PRO1276,6.308999999999999,8.881784197001252e-16,6.309,6.309,PRO-PRO,False
PRO1268-PRO1277,8.888999999999998,1.7763568394002505e-15,8.889,8.889,PRO-PRO,False
PRO1268-PRO1279,8.003,0.0,8.003,8.003,PRO-PRO,False
PRO1268-PRO1281,8.746,0.0,8.746,8.746,PRO-PRO,False
PRO1268-PRO1368,9.465000000000002,1.7763568394002505e-15,9.465,9.465,PRO-PRO,False
PRO1268-PRO1379,8.83,0.0,8.83,8.83,PRO-PRO,False
PRO1268-PRO1383,8.385,0.0,8.385,8.385,PRO-PRO,False
PRO1269-PRO1270,1.343,0.0,1.343,1.343,PRO-PRO,False
PRO1269-PRO1271,4.722,0.0,4.722,4.722,PRO-PRO,False
PRO1269-PRO1272,6.038000000000001,8.881784197001252e-16,6.038,6.038,PRO-PRO,False
PRO1269-PRO1273,3.8060000000000005,4.440892098500626e-16,3.806,3.806,PRO-PRO,False
PRO1269-PRO1274,5.461999999999999,8.881784197001252e-16,5.462,5.462,PRO-PRO,False
PRO1269-PRO1275,8.362,0.0,8.362,8.362,PRO-PRO,False
PRO1269-PRO1276,7.8389999999999995,8.881784197001252e-16,7.839,7.839,PRO-PRO,False
PRO1269-PRO1379,7.804000000000001,8.881784197001252e-16,7.804,7.804,PRO-PRO,False
PRO1269-GTP,9.451000000000002,1.7763568394002505e-15,9.451,9.451,PRO-GTP,False
PRO1270-PRO1271,1.343,0.0,1.343,1.343,PRO-PRO,False
PRO1270-PRO1272,2.6589999999999994,4.440892098500626e-16,2.659,2.659,PRO-PRO,False
PRO1270-PRO1273,1.8339999999999999,2.220446049250313e-16,1.834,1.834,PRO-PRO,False
PRO1270-PRO1274,3.0689999999999995,4.440892098500626e-16,3.069,3.069,PRO-PRO,False
PRO1270-PRO1275,5.936,0.0,5.936,5.936,PRO-PRO,False
PRO1270-PRO1276,6.369999999999999,8.881784197001252e-16,6.37,6.37,PRO-PRO,False
PRO1270-PRO1379,5.579,0.0,5.579,5.579,PRO-PRO,False
PRO1270-PRO1382,10.005,0.0,10.005,10.005,PRO-PRO,False
PRO1270-PRO1383,6.968000000000002,1.7763568394002505e-15,6.968,6.968,PRO-PRO,False
PRO1270-GTP,7.319000000000001,8.881784197001252e-16,7.319,7.319,PRO-GTP,False
PRO1271-PRO1272,1.346,0.0,1.346,1.346,PRO-PRO,False
PRO1271-PRO1273,3.0590000000000006,4.440892098500626e-16,3.059,3.059,PRO-PRO,False
PRO1271-PRO1274,2.096,0.0,2.096,2.096,PRO-PRO,False
PRO1271-PRO1275,4.420000000000001,8.881784197001252e-16,4.42,4.42,PRO-PRO,False
PRO1271-PRO1276,6.057000000000001,8.881784197001252e-16,6.057,6.057,PRO-PRO,False
PRO1271-PRO1285,9.768,0.0,9.768,9.768,PRO-PRO,False
PRO1271-PRO1368,7.316000000000001,8.881784197001252e-16,7.316,7.316,PRO-PRO,False
PRO1271-PRO1379,2.185,0.0,2.185,2.185,PRO-PRO,False
PRO1271-PRO1382,6.177999999999999,8.881784197001252e-16,6.178,6.178,PRO-PRO,False
PRO1271-PRO1383,2.567,0.0,2.567,2.567,PRO-PRO,False
PRO1271-PRO1384,6.485999999999999,8.881784197001252e-16,6.486,6.486,PRO-PRO,False
PRO1271-PRO1385,8.525,0.0,8.525,8.525,PRO-PRO,False
PRO1271-PRO1386,6.656,0.0,6.656,6.656,PRO-PRO,False
PRO1271-PRO1387,7.415,0.0,7.415,7.415,PRO-PRO,False
PRO1271-PRO1390,9.482,0.0,9.482,9.482,PRO-PRO,False
PRO1271-PRO1430,8.644999999999998,1.7763568394002505e-15,8.645,8.645,PRO-PRO,False
PRO1272-PRO1273,1.349,0.0,1.349,1.349,PRO-PRO,False
PRO1272-PRO1274,2.721,0.0,2.721,2.721,PRO-PRO,False
PRO1272-PRO1275,4.105,0.0,4.105,4.105,PRO-PRO,False
PRO1272-PRO1276,3.301000000000001,8.881784197001252e-16,3.301,3.301,PRO-PRO,False
PRO1272-PRO1277,8.599000000000002,1.7763568394002505e-15,8.599,8.599,PRO-PRO,False
PRO1272-PRO1368,9.851,0.0,9.851,9.851,PRO-PRO,False
PRO1272-PRO1379,3.192,0.0,3.192,3.192,PRO-PRO,False
PRO1272-PRO1382,4.761,0.0,4.761,4.761,PRO-PRO,False
PRO1272-PRO1383,5.204,0.0,5.204,5.204,PRO-PRO,False
PRO1272-PRO1384,8.207,0.0,8.207,8.207,PRO-PRO,False
PRO1272-PRO1385,8.902,0.0,8.902,8.902,PRO-PRO,False
PRO1272-PRO1386,5.634999999999999,8.881784197001252e-16,5.635,5.635,PRO-PRO,False
PRO1272-PRO1387,8.306,0.0,8.306,8.306,PRO-PRO,False
PRO1272-PRO1390,8.034,0.0,8.034,8.034,PRO-PRO,False
PRO1272-PRO1391,9.262,0.0,9.262,9.262,PRO-PRO,False
PRO1272-PRO1426,8.04,0.0,8.04,8.04,PRO-PRO,False
PRO1272-PRO1427,9.009,0.0,9.009,9.009,PRO-PRO,False
PRO1272-PRO1429,7.459000000000001,1.7763568394002505e-15,7.459,7.459,PRO-PRO,False
PRO1272-PRO1430,3.5569999999999995,4.440892098500626e-16,3.557,3.557,PRO-PRO,False
PRO1272-PRO1431,6.171,0.0,6.171,6.171,PRO-PRO,False
PRO1272-PRO1432,5.633000000000001,8.881784197001252e-16,5.633,5.633,PRO-PRO,False
PRO1272-PRO1433,10.35,0.0,10.35,10.35,PRO-PRO,False
PRO1272-GTP,6.828000000000001,8.881784197001252e-16,6.828,6.828,PRO-GTP,False
PRO1273-PRO1274,1.3480000000000003,2.220446049250313e-16,1.348,1.348,PRO-PRO,False
PRO1273-PRO1275,3.259,0.0,3.259,3.259,PRO-PRO,False
PRO1273-PRO1276,2.001,0.0,2.001,2.001,PRO-PRO,False
PRO1273-PRO1277,6.021999999999999,8.881784197001252e-16,6.022,6.022,PRO-PRO,False
PRO1273-PRO1278,8.716,0.0,8.716,8.716,PRO-PRO,False
PRO1273-PRO1279,8.046999999999999,1.7763568394002505e-15,8.047,8.047,PRO-PRO,False
PRO1273-PRO1282,8.979,0.0,8.979,8.979,PRO-PRO,False
PRO1273-PRO1368,9.884,0.0,9.884,9.884,PRO-PRO,False
PRO1273-PRO1379,7.210999999999999,8.881784197001252e-16,7.211,7.211,PRO-PRO,False
PRO1273-PRO1382,9.452,0.0,9.452,9.452,PRO-PRO,False
PRO1273-PRO1383,7.329999999999999,8.881784197001252e-16,7.33,7.33,PRO-PRO,False
PRO1273-PRO1386,8.733000000000002,1.7763568394002505e-15,8.733,8.733,PRO-PRO,False
PRO1273-PRO1387,9.403,0.0,9.403,9.403,PRO-PRO,False
PRO1273-PRO1390,9.087000000000002,1.7763568394002505e-15,9.087,9.087,PRO-PRO,False
PRO1273-PRO1391,9.007,0.0,9.007,9.007,PRO-PRO,False
PRO1273-PRO1430,9.437,0.0,9.437,9.437,PRO-PRO,False
PRO1273-GTP,4.005,0.0,4.005,4.005,PRO-GTP,False
PRO1274-PRO1275,1.3469999999999998,2.220446049250313e-16,1.347,1.347,PRO-PRO,False
PRO1274-PRO1276,2.858,0.0,2.858,2.858,PRO-PRO,False
PRO1274-PRO1277,5.490000000000001,8.881784197001252e-16,5.49,5.49,PRO-PRO,False
PRO1274-PRO1278,7.528,0.0,7.528,7.528,PRO-PRO,False
PRO1274-PRO1279,5.076,0.0,5.076,5.076,PRO-PRO,False
PRO1274-PRO1280,9.181,0.0,9.181,9.181,PRO-PRO,False
PRO1274-PRO1281,6.384999999999999,8.881784197001252e-16,6.385,6.385,PRO-PRO,False
PRO1274-PRO1282,6.07,0.0,6.07,6.07,PRO-PRO,False
PRO1274-PRO1283,9.611000000000002,1.7763568394002505e-15,9.611,9.611,PRO-PRO,False
PRO1274-PRO1285,6.653999999999998,1.7763568394002505e-15,6.654,6.654,PRO-PRO,False
PRO1274-PRO1289,9.24,0.0,9.24,9.24,PRO-PRO,False
PRO1274-PRO1368,3.517,0.0,3.517,3.517,PRO-PRO,False
PRO1274-PRO1379,6.243000000000001,8.881784197001252e-16,6.243,6.243,PRO-PRO,False
PRO1274-PRO1382,7.18,0.0,7.18,7.18,PRO-PRO,False
PRO1274-PRO1383,2.8090000000000006,4.440892098500626e-16,2.809,2.809,PRO-PRO,False
PRO1274-PRO1384,5.878,0.0,5.878,5.878,PRO-PRO,False
PRO1274-PRO1385,8.293,0.0,8.293,8.293,PRO-PRO,False
PRO1274-PRO1386,7.210999999999999,8.881784197001252e-16,7.211,7.211,PRO-PRO,False
PRO1274-PRO1387,5.582,0.0,5.582,5.582,PRO-PRO,False
PRO1274-PRO1388,9.052999999999999,1.7763568394002505e-15,9.053,9.053,PRO-PRO,False
PRO1274-PRO1390,8.700000000000001,1.7763568394002505e-15,8.7,8.7,PRO-PRO,False
PRO1274-PRO1391,7.079999999999999,8.881784197001252e-16,7.08,7.08,PRO-PRO,False
PRO1274-GTP,8.632999999999997,1.7763568394002505e-15,8.633,8.633,PRO-GTP,False
PRO1275-PRO1276,1.3469999999999998,2.220446049250313e-16,1.347,1.347,PRO-PRO,False
PRO1275-PRO1277,3.3000000000000003,4.440892098500626e-16,3.3,3.3,PRO-PRO,False
PRO1275-PRO1278,5.579999999999999,8.881784197001252e-16,5.58,5.58,PRO-PRO,False
PRO1275-PRO1279,3.334,0.0,3.334,3.334,PRO-PRO,False
PRO1275-PRO1280,6.765999999999999,8.881784197001252e-16,6.766,6.766,PRO-PRO,False
PRO1275-PRO1281,3.6170000000000004,4.440892098500626e-16,3.617,3.617,PRO-PRO,False
PRO1275-PRO1282,2.5749999999999997,4.440892098500626e-16,2.575,2.575,PRO-PRO,False
PRO1275-PRO1283,6.371000000000001,8.881784197001252e-16,6.371,6.371,PRO-PRO,False
PRO1275-PRO1284,7.119,0.0,7.119,7.119,PRO-PRO,False
PRO1275-PRO1285,3.474,0.0,3.474,3.474,PRO-PRO,False
PRO1275-PRO1286,6.828000000000001,8.881784197001252e-16,6.828,6.828,PRO-PRO,False
PRO1275-PRO1287,9.519999999999998,1.7763568394002505e-15,9.52,9.52,PRO-PRO,False
PRO1275-PRO1289,6.372,0.0,6.372,6.372,PRO-PRO,False
PRO1275-PRO1368,2.401,0.0,2.401,2.401,PRO-PRO,False
PRO1275-PRO1379,8.108000000000002,1.7763568394002505e-15,8.108,8.108,PRO-PRO,False
PRO1275-PRO1382,6.6899999999999995,8.881784197001252e-16,6.69,6.69,PRO-PRO,False
PRO1275-PRO1383,3.6320000000000006,4.440892098500626e-16,3.632,3.632,PRO-PRO,False
PRO1275-PRO1384,4.383,0.0,4.383,4.383,PRO-PRO,False
PRO1275-PRO1385,7.061,0.0,7.061,7.061,PRO-PRO,False
PRO1275-PRO1386,5.453000000000001,8.881784197001252e-16,5.453,5.453,PRO-PRO,False
PRO1275-PRO1387,3.061,0.0,3.061,3.061,PRO-PRO,False
PRO1275-PRO1388,6.673000000000001,8.881784197001252e-16,6.673,6.673,PRO-PRO,False
PRO1275-PRO1389,8.993,0.0,8.993,8.993,PRO-PRO,False
PRO1275-PRO1390,4.982,0.0,4.982,4.982,PRO-PRO,False
PRO1275-PRO1391,2.9029999999999996,4.440892098500626e-16,2.903,2.903,PRO-PRO,False
PRO1275-PRO1426,8.755,0.0,8.755,8.755,PRO-PRO,False
PRO1275-GTP,6.701,0.0,6.701,6.701,PRO-GTP,False
PRO1276-PRO1277,1.343,0.0,1.343,1.343,PRO-PRO,False
PRO1276-PRO1278,4.572,0.0,4.572,4.572,PRO-PRO,False
PRO1276-PRO1279,6.0200000000000005,8.881784197001252e-16,6.02,6.02,PRO-PRO,False
PRO1276-PRO1280,9.83,0.0,9.83,9.83,PRO-PRO,False
PRO1276-PRO1281,9.158,0.0,9.158,9.158,PRO-PRO,False
PRO1276-PRO1282,6.642000000000001,8.881784197001252e-16,6.642,6.642,PRO-PRO,False
PRO1276-PRO1285,7.918,0.0,7.918,7.918,PRO-PRO,False
PRO1276-PRO1368,9.848,0.0,9.848,9.848,PRO-PRO,False
PRO1276-PRO1382,9.868,0.0,9.868,9.868,PRO-PRO,False
PRO1276-PRO1383,8.606,0.0,8.606,8.606,PRO-PRO,False
PRO1276-PRO1386,6.96,0.0,6.96,6.96,PRO-PRO,False
PRO1276-PRO1387,8.076,0.0,8.076,8.076,PRO-PRO,False
PRO1276-PRO1390,5.592,0.0,5.592,5.592,PRO-PRO,False
PRO1276-PRO1391,5.875,0.0,5.875,5.875,PRO-PRO,False
PRO1276-PRO1426,9.400999999999998,1.7763568394002505e-15,9.401,9.401,PRO-PRO,False
PRO1276-PRO1430,7.466,0.0,7.466,7.466,PRO-PRO,False
PRO1276-PRO1432,9.726,0.0,9.726,9.726,PRO-PRO,False
PRO1276-PRO1436,8.358000000000002,1.7763568394002505e-15,8.358,8.358,PRO-PRO,False
PRO1276-GTP,1.853,0.0,1.853,1.853,PRO-GTP,False
PRO1277-PRO1278,1.3420000000000003,2.220446049250313e-16,1.342,1.342,PRO-PRO,False
PRO1277-PRO1279,3.7160000000000006,4.440892098500626e-16,3.716,3.716,PRO-PRO,False
PRO1277-PRO1280,7.11,0.0,7.11,7.11,PRO-PRO,False
PRO1277-PRO1281,7.505000000000001,8.881784197001252e-16,7.505,7.505,PRO-PRO,False
PRO1277-PRO1282,4.869,0.0,4.869,4.869,PRO-PRO,False
PRO1277-PRO1283,7.335999999999999,8.881784197001252e-16,7.336,7.336,PRO-PRO,False
PRO1277-PRO1285,8.271,0.0,8.271,8.271,PRO-PRO,False
PRO1277-PRO1286,9.816,0.0,9.816,9.816,PRO-PRO,False
PRO1277-PRO1390,7.691000000000001,8.881784197001252e-16,7.691,7.691,PRO-PRO,False
PRO1277-PRO1391,5.332999999999999,8.881784197001252e-16,5.333,5.333,PRO-PRO,False
PRO1277-GTP,5.829999999999999,8.881784197001252e-16,5.83,5.83,PRO-GTP,False
PRO1278-PRO1279,1.3469999999999998,2.220446049250313e-16,1.347,1.347,PRO-PRO,False
PRO1278-PRO1280,4.711999999999999,8.881784197001252e-16,4.712,4.712,PRO-PRO,False
PRO1278-PRO1281,6.366,0.0,6.366,6.366,PRO-PRO,False
PRO1278-PRO1282,3.548000000000001,8.881784197001252e-16,3.548,3.548,PRO-PRO,False
PRO1278-PRO1283,2.704,0.0,2.704,2.704,PRO-PRO,False
PRO1278-PRO1284,7.619999999999999,8.881784197001252e-16,7.62,7.62,PRO-PRO,False
PRO1278-PRO1285,7.936,0.0,7.936,7.936,PRO-PRO,False
PRO1278-PRO1286,7.292000000000001,8.881784197001252e-16,7.292,7.292,PRO-PRO,False
PRO1278-PRO1391,5.098,0.0,5.098,5.098,PRO-PRO,False
PRO1278-GTP,9.159,0.0,9.159,9.159,PRO-GTP,False
PRO1278-LIG,9.118571428571428,1.0617341081111271,6.101,12.656,PRO-LIG,True
PRO1279-PRO1280,1.3480000000000003,2.220446049250313e-16,1.348,1.348,PRO-PRO,False
PRO1279-PRO1281,2.831,0.0,2.831,2.831,PRO-PRO,False
PRO1279-PRO1282,2.045,0.0,2.045,2.045,PRO-PRO,False
PRO1279-PRO1283,2.0500000000000003,4.440892098500626e-16,2.05,2.05,PRO-PRO,False
PRO1279-PRO1284,4.499,0.0,4.499,4.499,PRO-PRO,False
PRO1279-PRO1285,6.039000000000001,8.881784197001252e-16,6.039,6.039,PRO-PRO,False
PRO1279-PRO1286,6.584000000000001,1.7763568394002505e-15,6.584,6.584,PRO-PRO,False
PRO1279-PRO1287,8.164,0.0,8.164,8.164,PRO-PRO,False
PRO1279-PRO1368,8.714,0.0,8.714,8.714,PRO-PRO,False
PRO1279-PRO1387,9.379,0.0,9.379,9.379,PRO-PRO,False
PRO1279-PRO1391,5.136,0.0,5.136,5.136,PRO-PRO,False
PRO1280-PRO1281,1.352,0.0,1.352,1.352,PRO-PRO,False
PRO1280-PRO1282,3.2229999999999994,4.440892098500626e-16,3.223,3.223,PRO-PRO,False
PRO1280-PRO1283,2.372,0.0,2.372,2.372,PRO-PRO,False
PRO1280-PRO1284,1.8350000000000004,4.440892098500626e-16,1.835,1.835,PRO-PRO,False
PRO1280-PRO1285,4.093,0.0,4.093,4.093,PRO-PRO,False
PRO1280-PRO1286,5.973,0.0,5.973,5.973,PRO-PRO,False
PRO1280-PRO1287,6.816000000000001,8.881784197001252e-16,6.816,6.816,PRO-PRO,False
PRO1280-PRO1289,9.921999999999999,1.7763568394002505e-15,9.922,9.922,PRO-PRO,False
PRO1280-PRO1368,9.853,0.0,9.853,9.853,PRO-PRO,False
PRO1280-PRO1391,7.721000000000002,1.7763568394002505e-15,7.721,7.721,PRO-PRO,False
PRO1281-PRO1282,1.3510000000000002,2.220446049250313e-16,1.351,1.351,PRO-PRO,False
PRO1281-PRO1283,3.3380000000000005,4.440892098500626e-16,3.338,3.338,PRO-PRO,False
PRO1281-PRO1284,2.64,0.0,2.64,2.64,PRO-PRO,False
PRO1281-PRO1285,1.9079999999999997,2.220446049250313e-16,1.908,1.908,PRO-PRO,False
PRO1281-PRO1286,4.246000000000001,8.881784197001252e-16,4.246,4.246,PRO-PRO,False
PRO1281-PRO1287,6.173000000000001,8.881784197001252e-16,6.173,6.173,PRO-PRO,False
PRO1281-PRO1289,7.902,0.0,7.902,7.902,PRO-PRO,False
PRO1281-PRO1290,9.43242857142857,0.13231224664499097,9.391,9.855,PRO-PRO,True
PRO1281-PRO1368,5.658,0.0,5.658,5.658,PRO-PRO,False
PRO1281-PRO1387,8.509,0.0,8.509,8.509,PRO-PRO,False
PRO1281-PRO1391,6.445,0.0,6.445,6.445,PRO-PRO,False
PRO1282-PRO1283,1.346,0.0,1.346,1.346,PRO-PRO,False
PRO1282-PRO1284,3.3189999999999995,4.440892098500626e-16,3.319,3.319,PRO-PRO,False
PRO1282-PRO1285,2.2740000000000005,4.440892098500626e-16,2.274,2.274,PRO-PRO,False
PRO1282-PRO1286,1.8480000000000003,2.220446049250313e-16,1.848,1.848,PRO-PRO,False
PRO1282-PRO1287,4.133,0.0,4.133,4.133,PRO-PRO,False
PRO1282-PRO1289,6.384999999999999,8.881784197001252e-16,6.385,6.385,PRO-PRO,False
PRO1282-PRO1290,6.363321428571429,0.4228083873316128,6.232,7.826,PRO-PRO,True
PRO1282-PRO1368,6.570999999999999,8.881784197001252e-16,6.571,6.571,PRO-PRO,False
PRO1282-PRO1383,9.92,0.0,9.92,9.92,PRO-PRO,False
PRO1282-PRO1387,6.792000000000001,8.881784197001252e-16,6.792,6.792,PRO-PRO,False
PRO1282-PRO1390,8.548,0.0,8.548,8.548,PRO-PRO,False
PRO1282-PRO1391,1.7769999999999997,2.220446049250313e-16,1.777,1.777,PRO-PRO,False
PRO1282-PRO1392,8.851,0.0,8.851,8.851,PRO-PRO,False
PRO1283-PRO1284,1.3450000000000002,2.220446049250313e-16,1.345,1.345,PRO-PRO,False
PRO1283-PRO1285,3.2839999999999994,4.440892098500626e-16,3.284,3.284,PRO-PRO,False
PRO1283-PRO1286,2.137,0.0,2.137,2.137,PRO-PRO,False
PRO1283-PRO1287,2.2770000000000006,4.440892098500626e-16,2.277,2.277,PRO-PRO,False
PRO1283-PRO1289,6.344,0.0,6.344,6.344,PRO-PRO,False
PRO1283-PRO1290,4.66769642857143,0.5559514662669645,4.496,6.727,PRO-PRO,True
PRO1283-PRO1368,9.512,0.0,9.512,9.512,PRO-PRO,False
PRO1283-PRO1387,9.787999999999998,1.7763568394002505e-15,9.788,9.788,PRO-PRO,False
PRO1283-PRO1391,4.499,0.0,4.499,4.499,PRO-PRO,False
PRO1283-LIG,4.685714285714286,1.2084345350535974,1.254,7.591,PRO-LIG,True
PRO1284-PRO1285,1.3480000000000003,2.220446049250313e-16,1.348,1.348,PRO-PRO,False
PRO1284-PRO1286,3.381,0.0,3.381,3.381,PRO-PRO,False
PRO1284-PRO1287,2.8880000000000003,4.440892098500626e-16,2.888,2.888,PRO-PRO,False
PRO1284-PRO1289,4.567,0.0,4.567,4.567,PRO-PRO,False
PRO1284-PRO1290,6.1499999999999995,8.881784197001252e-16,6.15,6.15,PRO-PRO,False
PRO1284-PRO1368,8.021,0.0,8.021,8.021,PRO-PRO,False
PRO1284-PRO1391,7.232,0.0,7.232,7.232,PRO-PRO,False
PRO1284-PRO1392,9.456000000000001,1.7763568394002505e-15,9.456,9.456,PRO-PRO,False
PRO1285-PRO1286,1.3499999999999999,2.220446049250313e-16,1.35,1.35,PRO-PRO,False
PRO1285-PRO1287,3.2070000000000003,4.440892098500626e-16,3.207,3.207,PRO-PRO,False
PRO1285-PRO1289,1.9749999999999999,2.220446049250313e-16,1.975,1.975,PRO-PRO,False
PRO1285-PRO1290,4.306,0.0,4.306,4.306,PRO-PRO,False
PRO1285-PRO1368,2.8709999999999996,4.440892098500626e-16,2.871,2.871,PRO-PRO,False
PRO1285-PRO1382,9.81,0.0,9.81,9.81,PRO-PRO,False
PRO1285-PRO1383,6.743000000000001,8.881784197001252e-16,6.743,6.743,PRO-PRO,False
PRO1285-PRO1384,6.3500000000000005,8.881784197001252e-16,6.35,6.35,PRO-PRO,False
PRO1285-PRO1385,9.076,0.0,9.076,9.076,PRO-PRO,False
PRO1285-PRO1386,7.482999999999999,8.881784197001252e-16,7.483,7.483,PRO-PRO,False
PRO1285-PRO1387,3.2570000000000006,4.440892098500626e-16,3.257,3.257,PRO-PRO,False
PRO1285-PRO1388,5.859000000000001,8.881784197001252e-16,5.859,5.859,PRO-PRO,False
PRO1285-PRO1389,8.278999999999998,1.7763568394002505e-15,8.279,8.279,PRO-PRO,False
PRO1285-PRO1390,6.554000000000001,8.881784197001252e-16,6.554,6.554,PRO-PRO,False
PRO1285-PRO1391,2.9020000000000006,4.440892098500626e-16,2.902,2.902,PRO-PRO,False
PRO1285-PRO1392,5.79,0.0,5.79,5.79,PRO-PRO,False
PRO1285-PRO1393,8.744,0.0,8.744,8.744,PRO-PRO,False
PRO1285-PRO1395,8.714,0.0,8.714,8.714,PRO-PRO,False
PRO1286-PRO1287,1.3510000000000002,2.220446049250313e-16,1.351,1.351,PRO-PRO,False
PRO1286-PRO1289,2.437,0.0,2.437,2.437,PRO-PRO,False
PRO1286-PRO1290,2.017,0.0,2.017,2.017,PRO-PRO,False
PRO1286-PRO1368,7.4620000000000015,1.7763568394002505e-15,7.462,7.462,PRO-PRO,False
PRO1286-PRO1387,7.235,0.0,7.235,7.235,PRO-PRO,False
PRO1286-PRO1388,7.265999999999999,8.881784197001252e-16,7.266,7.266,PRO-PRO,False
PRO1286-PRO1389,9.716,0.0,9.716,9.716,PRO-PRO,False
PRO1286-PRO1390,7.415999999999999,1.7763568394002505e-15,7.416,7.416,PRO-PRO,False
PRO1286-PRO1391,3.0629999999999997,4.440892098500626e-16,3.063,3.063,PRO-PRO,False
PRO1286-PRO1392,4.932000000000001,8.881784197001252e-16,4.932,4.932,PRO-PRO,False
PRO1286-PRO1393,8.732,0.0,8.732,8.732,PRO-PRO,False
PRO1286-PRO1395,6.015999999999999,8.881784197001252e-16,6.016,6.016,PRO-PRO,False
PRO1287-PRO1289,3.2860000000000005,4.440892098500626e-16,3.286,3.286,PRO-PRO,False
PRO1287-PRO1290,2.6348392857142855,0.027268359991621242,2.434,2.639,PRO-PRO,True
PRO1287-PRO1368,9.853,0.0,9.853,9.853,PRO-PRO,False
PRO1287-PRO1391,6.890999999999999,8.881784197001252e-16,6.891,6.891,PRO-PRO,False
PRO1287-PRO1392,7.673000000000001,8.881784197001252e-16,7.673,7.673,PRO-PRO,False
PRO1289-PRO1290,1.2750000000000001,2.220446049250313e-16,1.275,1.275,PRO-PRO,False
PRO1289-PRO1368,3.1520000000000006,4.440892098500626e-16,3.152,3.152,PRO-PRO,False
PRO1289-PRO1382,9.534999999999998,1.7763568394002505e-15,9.535,9.535,PRO-PRO,False
PRO1289-PRO1383,6.761000000000001,8.881784197001252e-16,6.761,6.761,PRO-PRO,False
PRO1289-PRO1384,4.496000000000001,8.881784197001252e-16,4.496,4.496,PRO-PRO,False
PRO1289-PRO1385,7.278,0.0,7.278,7.278,PRO-PRO,False
PRO1289-PRO1386,6.703000000000001,8.881784197001252e-16,6.703,6.703,PRO-PRO,False
PRO1289-PRO1387,3.238,0.0,3.238,3.238,PRO-PRO,False
PRO1289-PRO1388,3.3670000000000004,4.440892098500626e-16,3.367,3.367,PRO-PRO,False
PRO1289-PRO1389,6.264000000000001,8.881784197001252e-16,6.264,6.264,PRO-PRO,False
PRO1289-PRO1390,6.2299999999999995,8.881784197001252e-16,6.23,6.23,PRO-PRO,False
PRO1289-PRO1391,2.5850000000000004,4.440892098500626e-16,2.585,2.585,PRO-PRO,False
PRO1289-PRO1392,2.154,0.0,2.154,2.154,PRO-PRO,False
PRO1289-PRO1393,5.961999999999999,8.881784197001252e-16,5.962,5.962,PRO-PRO,False
PRO1289-PRO1394,8.051,0.0,8.051,8.051,PRO-PRO,False
PRO1289-PRO1395,6.57,0.0,6.57,6.57,PRO-PRO,False
PRO1289-PRO1426,9.583,0.0,9.583,9.583,PRO-PRO,False
PRO1290-PRO1387,9.497732142857144,0.03719422529651807,9.489,9.745,PRO-PRO,True
PRO1290-PRO1388,8.921999999999999,1.7763568394002505e-15,8.922,8.922,PRO-PRO,False
PRO1290-PRO1390,8.544982142857142,0.230058493421582,8.473,9.323,PRO-PRO,True
PRO1290-PRO1391,4.969910714285713,0.032762280568684805,4.954,5.203,PRO-PRO,True
PRO1290-PRO1392,4.203,0.0,4.203,4.203,PRO-PRO,False
PRO1290-PRO1393,8.210892857142856,0.02304318815633312,8.04,8.214,PRO-PRO,True
PRO1290-PRO1395,5.414910714285713,0.09621428405716409,5.385,5.764,PRO-PRO,True
PRO1290-PRO1402,8.088642857142856,0.4591992809138931,5.836,8.213,PRO-PRO,True
PRO1290-LIG,3.3435892857142853,1.2069910163114854,1.273,6.818,PRO-LIG,True
PRO1368-PRO1379,7.869999999999999,8.881784197001252e-16,7.87,7.87,PRO-PRO,False
PRO1368-PRO1382,7.213,0.0,7.213,7.213,PRO-PRO,False
PRO1368-PRO1383,3.846,0.0,3.846,3.846,PRO-PRO,False
PRO1368-PRO1384,2.183,0.0,2.183,2.183,PRO-PRO,False
PRO1368-PRO1385,5.924,0.0,5.924,5.924,PRO-PRO,False
PRO1368-PRO1386,6.886000000000001,8.881784197001252e-16,6.886,6.886,PRO-PRO,False
PRO1368-PRO1387,2.9600000000000004,4.440892098500626e-16,2.96,2.96,PRO-PRO,False
PRO1368-PRO1388,4.96,0.0,4.96,4.96,PRO-PRO,False
PRO1368-PRO1389,7.921,0.0,7.921,7.921,PRO-PRO,False
PRO1368-PRO1390,8.304,0.0,8.304,8.304,PRO-PRO,False
PRO1368-PRO1391,6.814,0.0,6.814,6.814,PRO-PRO,False
PRO1368-PRO1392,7.933,0.0,7.933,7.933,PRO-PRO,False
PRO1379-PRO1382,2.863,0.0,2.863,2.863,PRO-PRO,False
PRO1379-PRO1383,1.9079999999999997,2.220446049250313e-16,1.908,1.908,PRO-PRO,False
PRO1379-PRO1384,4.307000000000001,8.881784197001252e-16,4.307,4.307,PRO-PRO,False
PRO1379-PRO1385,5.869999999999999,8.881784197001252e-16,5.87,5.87,PRO-PRO,False
PRO1379-PRO1386,6.709000000000001,1.7763568394002505e-15,6.709,6.709,PRO-PRO,False
PRO1379-PRO1387,8.005,0.0,8.005,8.005,PRO-PRO,False
PRO1379-PRO1429,8.315,0.0,8.315,8.315,PRO-PRO,False
PRO1379-PRO1430,7.466,0.0,7.466,7.466,PRO-PRO,False
PRO1379-PRO1431,7.634,0.0,7.634,7.634,PRO-PRO,False
PRO1379-PRO1432,9.463,0.0,9.463,9.463,PRO-PRO,False
PRO1382-PRO1383,1.346,0.0,1.346,1.346,PRO-PRO,False
PRO1382-PRO1384,3.401,0.0,3.401,3.401,PRO-PRO,False
PRO1382-PRO1385,3.1260000000000003,4.440892098500626e-16,3.126,3.126,PRO-PRO,False
PRO1382-PRO1386,1.8870000000000002,2.220446049250313e-16,1.887,1.887,PRO-PRO,False
PRO1382-PRO1387,3.817,0.0,3.817,3.817,PRO-PRO,False
PRO1382-PRO1388,6.023000000000001,8.881784197001252e-16,6.023,6.023,PRO-PRO,False
PRO1382-PRO1389,6.951999999999999,8.881784197001252e-16,6.952,6.952,PRO-PRO,False
PRO1382-PRO1390,7.64,0.0,7.64,7.64,PRO-PRO,False
PRO1382-PRO1391,9.128,0.0,9.128,9.128,PRO-PRO,False
PRO1382-PRO1425,9.759,0.0,9.759,9.759,PRO-PRO,False
PRO1382-PRO1426,6.253,0.0,6.253,6.253,PRO-PRO,False
PRO1382-PRO1427,8.191,0.0,8.191,8.191,PRO-PRO,False
PRO1382-PRO1429,3.514,0.0,3.514,3.514,PRO-PRO,False
PRO1382-PRO1430,4.133,0.0,4.133,4.133,PRO-PRO,False
PRO1382-PRO1431,5.0200000000000005,8.881784197001252e-16,5.02,5.02,PRO-PRO,False
PRO1382-PRO1432,7.832,0.0,7.832,7.832,PRO-PRO,False
PRO1383-PRO1384,1.3550000000000002,2.220446049250313e-16,1.355,1.355,PRO-PRO,False
PRO1383-PRO1385,3.297,0.0,3.297,3.297,PRO-PRO,False
PRO1383-PRO1386,3.622,0.0,3.622,3.622,PRO-PRO,False
PRO1383-PRO1387,2.594,0.0,2.594,2.594,PRO-PRO,False
PRO1383-PRO1388,4.671,0.0,4.671,4.671,PRO-PRO,False
PRO1383-PRO1389,6.832,0.0,6.832,6.832,PRO-PRO,False
PRO1383-PRO1390,7.1259999999999994,8.881784197001252e-16,7.126,7.126,PRO-PRO,False
PRO1383-PRO1391,7.347,0.0,7.347,7.347,PRO-PRO,False
PRO1383-PRO1392,9.512,0.0,9.512,9.512,PRO-PRO,False
PRO1383-PRO1426,7.497,0.0,7.497,7.497,PRO-PRO,False
PRO1383-PRO1429,6.522999999999998,1.7763568394002505e-15,6.523,6.523,PRO-PRO,False
PRO1383-PRO1430,6.332999999999999,8.881784197001252e-16,6.333,6.333,PRO-PRO,False
PRO1383-PRO1431,8.059,0.0,8.059,8.059,PRO-PRO,False
PRO1384-PRO1385,1.3550000000000002,2.220446049250313e-16,1.355,1.355,PRO-PRO,False
PRO1384-PRO1386,3.3930000000000002,4.440892098500626e-16,3.393,3.393,PRO-PRO,False
PRO1384-PRO1387,2.7130000000000005,4.440892098500626e-16,2.713,2.713,PRO-PRO,False
PRO1384-PRO1388,2.0880000000000005,4.440892098500626e-16,2.088,2.088,PRO-PRO,False
PRO1384-PRO1389,4.502,0.0,4.502,4.502,PRO-PRO,False
PRO1384-PRO1390,6.247,0.0,6.247,6.247,PRO-PRO,False
PRO1384-PRO1391,6.847,0.0,6.847,6.847,PRO-PRO,False
PRO1384-PRO1392,6.9129999999999985,1.7763568394002505e-15,6.913,6.913,PRO-PRO,False
PRO1384-PRO1393,7.758000000000001,8.881784197001252e-16,7.758,7.758,PRO-PRO,False
PRO1384-PRO1394,9.874,0.0,9.874,9.874,PRO-PRO,False
PRO1384-PRO1426,7.305999999999999,8.881784197001252e-16,7.306,7.306,PRO-PRO,False
PRO1384-PRO1429,6.142000000000001,8.881784197001252e-16,6.142,6.142,PRO-PRO,False
PRO1384-PRO1430,7.783,0.0,7.783,7.783,PRO-PRO,False
PRO1384-PRO1431,9.695000000000002,1.7763568394002505e-15,9.695,9.695,PRO-PRO,False
PRO1385-PRO1386,1.346,0.0,1.346,1.346,PRO-PRO,False
PRO1385-PRO1387,3.2160000000000006,4.440892098500626e-16,3.216,3.216,PRO-PRO,False
PRO1385-PRO1388,2.225,0.0,2.225,2.225,PRO-PRO,False
PRO1385-PRO1389,2.3219999999999996,4.440892098500626e-16,2.322,2.322,PRO-PRO,False
PRO1385-PRO1390,4.3500000000000005,8.881784197001252e-16,4.35,4.35,PRO-PRO,False
PRO1385-PRO1391,6.335999999999999,8.881784197001252e-16,6.336,6.336,PRO-PRO,False
PRO1385-PRO1392,6.9399999999999995,8.881784197001252e-16,6.94,6.94,PRO-PRO,False
PRO1385-PRO1393,5.654000000000001,8.881784197001252e-16,5.654,5.654,PRO-PRO,False
PRO1385-PRO1394,7.156,0.0,7.156,7.156,PRO-PRO,False
PRO1385-PRO1395,9.718000000000002,1.7763568394002505e-15,9.718,9.718,PRO-PRO,False
PRO1385-PRO1425,7.113,0.0,7.113,7.113,PRO-PRO,False
PRO1385-PRO1426,4.637,0.0,4.637,4.637,PRO-PRO,False
PRO1385-PRO1427,8.562,0.0,8.562,8.562,PRO-PRO,False
PRO1385-PRO1429,2.828,0.0,2.828,2.828,PRO-PRO,False
PRO1385-PRO1430,5.508000000000001,8.881784197001252e-16,5.508,5.508,PRO-PRO,False
PRO1385-PRO1431,7.397999999999998,1.7763568394002505e-15,7.398,7.398,PRO-PRO,False
PRO1386-PRO1387,1.352,0.0,1.352,1.352,PRO-PRO,False
PRO1386-PRO1388,3.3640000000000003,4.440892098500626e-16,3.364,3.364,PRO-PRO,False
PRO1386-PRO1389,2.9809999999999994,4.440892098500626e-16,2.981,2.981,PRO-PRO,False
PRO1386-PRO1390,1.8759999999999997,2.220446049250313e-16,1.876,1.876,PRO-PRO,False
PRO1386-PRO1391,4.009,0.0,4.009,4.009,PRO-PRO,False
PRO1386-PRO1392,5.869999999999999,8.881784197001252e-16,5.87,5.87,PRO-PRO,False
PRO1386-PRO1393,6.719,0.0,6.719,6.719,PRO-PRO,False
PRO1386-PRO1394,5.668,0.0,5.668,5.668,PRO-PRO,False
PRO1386-PRO1395,8.054,0.0,8.054,8.054,PRO-PRO,False
PRO1386-PRO1422,8.980000000000002,1.7763568394002505e-15,8.98,8.98,PRO-PRO,False
PRO1386-PRO1423,9.506,0.0,9.506,9.506,PRO-PRO,False
PRO1386-PRO1424,9.533,0.0,9.533,9.533,PRO-PRO,False
PRO1386-PRO1425,6.6610000000000005,8.881784197001252e-16,6.661,6.661,PRO-PRO,False
PRO1386-PRO1426,2.318,0.0,2.318,2.318,PRO-PRO,False
PRO1386-PRO1427,6.988,0.0,6.988,6.988,PRO-PRO,False
PRO1386-PRO1429,3.0509999999999997,4.440892098500626e-16,3.051,3.051,PRO-PRO,False
PRO1386-PRO1430,2.7459999999999996,4.440892098500626e-16,2.746,2.746,PRO-PRO,False
PRO1386-PRO1431,6.032000000000001,8.881784197001252e-16,6.032,6.032,PRO-PRO,False
PRO1386-PRO1432,7.112000000000001,8.881784197001252e-16,7.112,7.112,PRO-PRO,False
PRO1386-GTP,9.043999999999999,1.7763568394002505e-15,9.044,9.044,PRO-GTP,False
PRO1387-PRO1388,1.3540000000000003,2.220446049250313e-16,1.354,1.354,PRO-PRO,False
PRO1387-PRO1389,3.265999999999999,8.881784197001252e-16,3.266,3.266,PRO-PRO,False
PRO1387-PRO1390,2.66,0.0,2.66,2.66,PRO-PRO,False
PRO1387-PRO1391,1.8610000000000002,2.220446049250313e-16,1.861,1.861,PRO-PRO,False
PRO1387-PRO1392,3.703,0.0,3.703,3.703,PRO-PRO,False
PRO1387-PRO1393,5.085999999999999,8.881784197001252e-16,5.086,5.086,PRO-PRO,False
PRO1387-PRO1394,6.183,0.0,6.183,6.183,PRO-PRO,False
PRO1387-PRO1395,6.534999999999998,1.7763568394002505e-15,6.535,6.535,PRO-PRO,False
PRO1387-PRO1425,9.671000000000001,1.7763568394002505e-15,9.671,9.671,PRO-PRO,False
PRO1387-PRO1426,4.679000000000001,8.881784197001252e-16,4.679,4.679,PRO-PRO,False
PRO1387-PRO1429,5.765,0.0,5.765,5.765,PRO-PRO,False
PRO1387-PRO1430,6.627000000000001,8.881784197001252e-16,6.627,6.627,PRO-PRO,False
PRO1387-PRO1431,9.763999999999998,1.7763568394002505e-15,9.764,9.764,PRO-PRO,False
PRO1388-PRO1389,1.3480000000000003,2.220446049250313e-16,1.348,1.348,PRO-PRO,False
PRO1388-PRO1390,3.523,0.0,3.523,3.523,PRO-PRO,False
PRO1388-PRO1391,3.6870000000000003,4.440892098500626e-16,3.687,3.687,PRO-PRO,False
PRO1388-PRO1392,2.23,0.0,2.23,2.23,PRO-PRO,False
PRO1388-PRO1393,1.9979999999999998,2.220446049250313e-16,1.998,1.998,PRO-PRO,False
PRO1388-PRO1394,4.096,0.0,4.096,4.096,PRO-PRO,False
PRO1388-PRO1395,5.201999999999999,8.881784197001252e-16,5.202,5.202,PRO-PRO,False
PRO1388-PRO1422,9.83,0.0,9.83,9.83,PRO-PRO,False
PRO1388-PRO1425,8.216,0.0,8.216,8.216,PRO-PRO,False
PRO1388-PRO1426,6.3149999999999995,8.881784197001252e-16,6.315,6.315,PRO-PRO,False
PRO1388-PRO1429,4.945,0.0,4.945,4.945,PRO-PRO,False
PRO1388-PRO1430,8.39,0.0,8.39,8.39,PRO-PRO,False
PRO1389-PRO1390,1.3420000000000003,2.220446049250313e-16,1.342,1.342,PRO-PRO,False
PRO1389-PRO1391,3.234000000000001,8.881784197001252e-16,3.234,3.234,PRO-PRO,False
PRO1389-PRO1392,2.7160000000000006,4.440892098500626e-16,2.716,2.716,PRO-PRO,False
PRO1389-PRO1393,2.102,0.0,2.102,2.102,PRO-PRO,False
PRO1389-PRO1394,1.7959999999999998,2.220446049250313e-16,1.796,1.796,PRO-PRO,False
PRO1389-PRO1395,3.526,0.0,3.526,3.526,PRO-PRO,False
PRO1389-PRO1398,7.415999999999999,1.7763568394002505e-15,7.416,7.416,PRO-PRO,False
PRO1389-PRO1399,9.820000000000002,1.7763568394002505e-15,9.82,9.82,PRO-PRO,False
PRO1389-PRO1419,9.865,0.0,9.865,9.865,PRO-PRO,False
PRO1389-PRO1422,5.213,0.0,5.213,5.213,PRO-PRO,False
PRO1389-PRO1423,7.528,0.0,7.528,7.528,PRO-PRO,False
PRO1389-PRO1424,6.945999999999999,8.881784197001252e-16,6.946,6.946,PRO-PRO,False
PRO1389-PRO1425,2.355,0.0,2.355,2.355,PRO-PRO,False
PRO1389-PRO1426,2.9280000000000004,4.440892098500626e-16,2.928,2.928,PRO-PRO,False
PRO1389-PRO1427,6.418,0.0,6.418,6.418,PRO-PRO,False
PRO1389-PRO1429,2.788,0.0,2.788,2.788,PRO-PRO,False
PRO1389-PRO1430,5.543999999999999,8.881784197001252e-16,5.544,5.544,PRO-PRO,False
PRO1389-PRO1431,8.235,0.0,8.235,8.235,PRO-PRO,False
PRO1389-PRO1432,9.447999999999999,1.7763568394002505e-15,9.448,9.448,PRO-PRO,False
PRO1390-PRO1391,1.3439999999999999,2.220446049250313e-16,1.344,1.344,PRO-PRO,False
PRO1390-PRO1392,2.8419999999999996,4.440892098500626e-16,2.842,2.842,PRO-PRO,False
PRO1390-PRO1393,4.591,0.0,4.591,4.591,PRO-PRO,False
PRO1390-PRO1394,2.349,0.0,2.349,2.349,PRO-PRO,False
PRO1390-PRO1395,2.6750000000000003,4.440892098500626e-16,2.675,2.675,PRO-PRO,False
PRO1390-PRO1398,6.912,0.0,6.912,6.912,PRO-PRO,False
PRO1390-PRO1399,9.635999999999997,1.7763568394002505e-15,9.636,9.636,PRO-PRO,False
PRO1390-PRO1422,6.509,0.0,6.509,6.509,PRO-PRO,False
PRO1390-PRO1423,7.579999999999999,8.881784197001252e-16,7.58,7.58,PRO-PRO,False
PRO1390-PRO1425,7.787,0.0,7.787,7.787,PRO-PRO,False
PRO1390-PRO1426,2.689,0.0,2.689,2.689,PRO-PRO,False
PRO1390-PRO1427,8.144999999999998,1.7763568394002505e-15,8.145,8.145,PRO-PRO,False
PRO1390-PRO1429,5.622,0.0,5.622,5.622,PRO-PRO,False
PRO1390-PRO1430,6.474000000000002,1.7763568394002505e-15,6.474,6.474,PRO-PRO,False
PRO1390-GTP,4.87,0.0,4.87,4.87,PRO-GTP,False
PRO1391-PRO1392,1.346,0.0,1.346,1.346,PRO-PRO,False
PRO1391-PRO1393,4.334,0.0,4.334,4.334,PRO-PRO,False
PRO1391-PRO1394,4.457,0.0,4.457,4.457,PRO-PRO,False
PRO1391-PRO1395,3.611,0.0,3.611,3.611,PRO-PRO,False
PRO1391-PRO1398,9.101,0.0,9.101,9.101,PRO-PRO,False
PRO1391-PRO1422,9.361000000000002,1.7763568394002505e-15,9.361,9.361,PRO-PRO,False
PRO1391-PRO1426,5.795000000000001,8.881784197001252e-16,5.795,5.795,PRO-PRO,False
PRO1391-PRO1429,8.363,0.0,8.363,8.363,PRO-PRO,False
PRO1391-GTP,6.97,0.0,6.97,6.97,PRO-GTP,False
PRO1392-PRO1393,1.352,0.0,1.352,1.352,PRO-PRO,False
PRO1392-PRO1394,3.3219999999999996,4.440892098500626e-16,3.322,3.322,PRO-PRO,False
PRO1392-PRO1395,2.7630000000000003,4.440892098500626e-16,2.763,2.763,PRO-PRO,False
PRO1392-PRO1398,6.979,0.0,6.979,6.979,PRO-PRO,False
PRO1392-PRO1399,7.872999999999999,8.881784197001252e-16,7.873,7.873,PRO-PRO,False
PRO1392-PRO1402,9.439000000000002,1.7763568394002505e-15,9.439,9.439,PRO-PRO,False
PRO1392-PRO1422,9.14,0.0,9.14,9.14,PRO-PRO,False
PRO1392-PRO1425,9.775,0.0,9.775,9.775,PRO-PRO,False
PRO1392-PRO1426,6.744999999999999,8.881784197001252e-16,6.745,6.745,PRO-PRO,False
PRO1392-PRO1429,9.057,0.0,9.057,9.057,PRO-PRO,False
PRO1393-PRO1394,1.3450000000000002,2.220446049250313e-16,1.345,1.345,PRO-PRO,False
PRO1393-PRO1395,3.029,0.0,3.029,3.029,PRO-PRO,False
PRO1393-PRO1398,4.527,0.0,4.527,4.527,PRO-PRO,False
PRO1393-PRO1399,6.231000000000001,8.881784197001252e-16,6.231,6.231,PRO-PRO,False
PRO1393-PRO1402,9.304999999999998,1.7763568394002505e-15,9.305,9.305,PRO-PRO,False
PRO1393-PRO1419,9.22,0.0,9.22,9.22,PRO-PRO,False
PRO1393-PRO1422,6.186,0.0,6.186,6.186,PRO-PRO,False
PRO1393-PRO1423,9.306,0.0,9.306,9.306,PRO-PRO,False
PRO1393-PRO1424,9.851,0.0,9.851,9.851,PRO-PRO,False
PRO1393-PRO1425,4.373,0.0,4.373,4.373,PRO-PRO,False
PRO1393-PRO1426,6.607,0.0,6.607,6.607,PRO-PRO,False
PRO1393-PRO1429,5.844,0.0,5.844,5.844,PRO-PRO,False
PRO1393-PRO1430,9.349000000000002,1.7763568394002505e-15,9.349,9.349,PRO-PRO,False
PRO1394-PRO1395,1.3420000000000003,2.220446049250313e-16,1.342,1.342,PRO-PRO,False
PRO1394-PRO1398,1.8599999999999999,2.220446049250313e-16,1.86,1.86,PRO-PRO,False
PRO1394-PRO1399,4.281,0.0,4.281,4.281,PRO-PRO,False
PRO1394-PRO1401,9.484,0.0,9.484,9.484,PRO-PRO,False
PRO1394-PRO1402,8.226,0.0,8.226,8.226,PRO-PRO,False
PRO1394-PRO1419,6.371000000000001,8.881784197001252e-16,6.371,6.371,PRO-PRO,False
PRO1394-PRO1420,9.028,0.0,9.028,9.028,PRO-PRO,False
PRO1394-PRO1422,3.634,0.0,3.634,3.634,PRO-PRO,False
PRO1394-PRO1423,5.717,0.0,5.717,5.717,PRO-PRO,False
PRO1394-PRO1424,7.3500000000000005,8.881784197001252e-16,7.35,7.35,PRO-PRO,False
PRO1394-PRO1425,4.399,0.0,4.399,4.399,PRO-PRO,False
PRO1394-PRO1426,2.2579999999999996,4.440892098500626e-16,2.258,2.258,PRO-PRO,False
PRO1394-PRO1427,6.058999999999999,8.881784197001252e-16,6.059,6.059,PRO-PRO,False
PRO1394-PRO1429,5.689,0.0,5.689,5.689,PRO-PRO,False
PRO1394-PRO1430,7.183999999999999,8.881784197001252e-16,7.184,7.184,PRO-PRO,False
PRO1394-PRO1431,9.828999999999999,1.7763568394002505e-15,9.829,9.829,PRO-PRO,False
PRO1394-PRO1432,9.747,0.0,9.747,9.747,PRO-PRO,False
PRO1394-PRO1434,9.564000000000002,1.7763568394002505e-15,9.564,9.564,PRO-PRO,False
PRO1395-PRO1398,2.3189999999999995,4.440892098500626e-16,2.319,2.319,PRO-PRO,False
PRO1395-PRO1399,2.138,0.0,2.138,2.138,PRO-PRO,False
PRO1395-PRO1401,6.767000000000001,8.881784197001252e-16,6.767,6.767,PRO-PRO,False
PRO1395-PRO1402,4.633,0.0,4.633,4.633,PRO-PRO,False
PRO1395-PRO1409,8.335,0.0,8.335,8.335,PRO-PRO,False
PRO1395-PRO1419,7.110999999999999,8.881784197001252e-16,7.111,7.111,PRO-PRO,False
PRO1395-PRO1422,6.814,0.0,6.814,6.814,PRO-PRO,False
PRO1395-PRO1425,9.124,0.0,9.124,9.124,PRO-PRO,False
PRO1395-PRO1426,7.165999999999999,1.7763568394002505e-15,7.166,7.166,PRO-PRO,False
PRO1398-PRO1399,1.3510000000000002,2.220446049250313e-16,1.351,1.351,PRO-PRO,False
PRO1398-PRO1401,5.717,0.0,5.717,5.717,PRO-PRO,False
PRO1398-PRO1402,6.018999999999999,8.881784197001252e-16,6.019,6.019,PRO-PRO,False
PRO1398-PRO1409,5.4350000000000005,8.881784197001252e-16,5.435,5.435,PRO-PRO,False
PRO1398-PRO1416,7.54,0.0,7.54,7.54,PRO-PRO,False
PRO1398-PRO1419,2.321,0.0,2.321,2.321,PRO-PRO,False
PRO1398-PRO1420,6.667000000000001,8.881784197001252e-16,6.667,6.667,PRO-PRO,False
PRO1398-PRO1422,3.737000000000001,8.881784197001252e-16,3.737,3.737,PRO-PRO,False
PRO1398-PRO1423,7.240000000000001,8.881784197001252e-16,7.24,7.24,PRO-PRO,False
PRO1398-PRO1424,9.697000000000001,1.7763568394002505e-15,9.697,9.697,PRO-PRO,False
PRO1398-PRO1425,7.777,0.0,7.777,7.777,PRO-PRO,False
PRO1398-PRO1426,7.8999999999999995,8.881784197001252e-16,7.9,7.9,PRO-PRO,False
PRO1399-PRO1401,2.8219999999999996,4.440892098500626e-16,2.822,2.822,PRO-PRO,False
PRO1399-PRO1402,2.2710000000000004,4.440892098500626e-16,2.271,2.271,PRO-PRO,False
PRO1399-PRO1409,2.4310000000000005,4.440892098500626e-16,2.431,2.431,PRO-PRO,False
PRO1399-PRO1416,9.357,0.0,9.357,9.357,PRO-PRO,False
PRO1399-PRO1419,6.167000000000001,8.881784197001252e-16,6.167,6.167,PRO-PRO,False
PRO1399-PRO1422,7.566000000000001,8.881784197001252e-16,7.566,7.566,PRO-PRO,False
PRO1401-PRO1402,1.4090000000000003,2.220446049250313e-16,1.409,1.409,PRO-PRO,False
PRO1401-PRO1409,2.5210000000000004,4.440892098500626e-16,2.521,2.521,PRO-PRO,False
PRO1401-PRO1419,9.846000000000002,1.7763568394002505e-15,9.846,9.846,PRO-PRO,False
PRO1402-PRO1409,3.6499999999999995,4.440892098500626e-16,3.65,3.65,PRO-PRO,False
PRO1409-PRO1416,8.144,0.0,8.144,8.144,PRO-PRO,False
PRO1409-PRO1419,7.531999999999998,1.7763568394002505e-15,7.532,7.532,PRO-PRO,False
PRO1416-PRO1419,2.727,0.0,2.727,2.727,PRO-PRO,False
PRO1416-PRO1420,1.9480000000000002,2.220446049250313e-16,1.948,1.948,PRO-PRO,False
PRO1416-PRO1422,5.9399999999999995,8.881784197001252e-16,5.94,5.94,PRO-PRO,False
PRO1416-PRO1423,3.759999999999999,8.881784197001252e-16,3.76,3.76,PRO-PRO,False
PRO1416-PRO1424,8.369,0.0,8.369,8.369,PRO-PRO,False
PRO1416-PRO1434,9.876,0.0,9.876,9.876,PRO-PRO,False
PRO1416-PRO1436,9.718000000000002,1.7763568394002505e-15,9.718,9.718,PRO-PRO,False
PRO1416-PRO1437,5.079999999999999,8.881784197001252e-16,5.08,5.08,PRO-PRO,False
PRO1419-PRO1420,1.3499999999999999,2.220446049250313e-16,1.35,1.35,PRO-PRO,False
PRO1419-PRO1422,2.5500000000000003,4.440892098500626e-16,2.55,2.55,PRO-PRO,False
PRO1419-PRO1423,2.8380000000000005,4.440892098500626e-16,2.838,2.838,PRO-PRO,False
PRO1419-PRO1424,5.365000000000001,8.881784197001252e-16,5.365,5.365,PRO-PRO,False
PRO1419-PRO1425,6.957,0.0,6.957,6.957,PRO-PRO,False
PRO1419-PRO1426,7.403999999999998,1.7763568394002505e-15,7.404,7.404,PRO-PRO,False
PRO1419-PRO1427,8.743,0.0,8.743,8.743,PRO-PRO,False
PRO1419-PRO1434,7.509999999999999,8.881784197001252e-16,7.51,7.51,PRO-PRO,False
PRO1419-PRO1437,8.121,0.0,8.121,8.121,PRO-PRO,False
PRO1420-PRO1422,3.0419999999999994,4.440892098500626e-16,3.042,3.042,PRO-PRO,False
PRO1420-PRO1423,2.395,0.0,2.395,2.395,PRO-PRO,False
PRO1420-PRO1424,2.56,0.0,2.56,2.56,PRO-PRO,False
PRO1420-PRO1425,5.012999999999999,8.881784197001252e-16,5.013,5.013,PRO-PRO,False
PRO1420-PRO1426,6.484000000000001,8.881784197001252e-16,6.484,6.484,PRO-PRO,False
PRO1420-PRO1427,7.017000000000001,8.881784197001252e-16,7.017,7.017,PRO-PRO,False
PRO1420-PRO1434,4.732,0.0,4.732,4.732,PRO-PRO,False
PRO1420-PRO1436,9.822999999999999,1.7763568394002505e-15,9.823,9.823,PRO-PRO,False
PRO1420-PRO1437,5.439,0.0,5.439,5.439,PRO-PRO,False
PRO1422-PRO1423,1.3569999999999998,2.220446049250313e-16,1.357,1.357,PRO-PRO,False
PRO1422-PRO1424,3.1119999999999997,4.440892098500626e-16,3.112,3.112,PRO-PRO,False
PRO1422-PRO1425,2.727,0.0,2.727,2.727,PRO-PRO,False
PRO1422-PRO1426,1.987,0.0,1.987,1.987,PRO-PRO,False
PRO1422-PRO1427,4.092,0.0,4.092,4.092,PRO-PRO,False
PRO1422-PRO1429,6.948999999999999,8.881784197001252e-16,6.949,6.949,PRO-PRO,False
PRO1422-PRO1430,7.768,0.0,7.768,7.768,PRO-PRO,False
PRO1422-PRO1431,9.685999999999998,1.7763568394002505e-15,9.686,9.686,PRO-PRO,False
PRO1422-PRO1432,8.977000000000002,1.7763568394002505e-15,8.977,8.977,PRO-PRO,False
PRO1422-PRO1434,5.759,0.0,5.759,5.759,PRO-PRO,False
PRO1422-PRO1437,9.552000000000001,1.7763568394002505e-15,9.552,9.552,PRO-PRO,False
PRO1423-PRO1424,1.3510000000000002,2.220446049250313e-16,1.351,1.351,PRO-PRO,False
PRO1423-PRO1425,3.439,0.0,3.439,3.439,PRO-PRO,False
PRO1423-PRO1426,2.7489999999999997,4.440892098500626e-16,2.749,2.749,PRO-PRO,False
PRO1423-PRO1427,1.8740000000000003,2.220446049250313e-16,1.874,1.874,PRO-PRO,False
PRO1423-PRO1429,6.4350000000000005,8.881784197001252e-16,6.435,6.435,PRO-PRO,False
PRO1423-PRO1430,6.598,0.0,6.598,6.598,PRO-PRO,False
PRO1423-PRO1431,7.807000000000001,8.881784197001252e-16,7.807,7.807,PRO-PRO,False
PRO1423-PRO1432,5.956000000000001,8.881784197001252e-16,5.956,5.956,PRO-PRO,False
PRO1423-PRO1433,7.508000000000001,8.881784197001252e-16,7.508,7.508,PRO-PRO,False
PRO1423-PRO1434,2.291,0.0,2.291,2.291,PRO-PRO,False
PRO1423-PRO1435,8.059,0.0,8.059,8.059,PRO-PRO,False
PRO1423-PRO1436,4.941,0.0,4.941,4.941,PRO-PRO,False
PRO1423-PRO1437,1.6129999999999998,2.220446049250313e-16,1.613,1.613,PRO-PRO,False
PRO1424-PRO1425,1.3510000000000002,2.220446049250313e-16,1.351,1.351,PRO-PRO,False
PRO1424-PRO1426,3.2770000000000006,4.440892098500626e-16,3.277,3.277,PRO-PRO,False
PRO1424-PRO1427,2.7779999999999996,4.440892098500626e-16,2.778,2.778,PRO-PRO,False
PRO1424-PRO1429,4.649,0.0,4.649,4.649,PRO-PRO,False
PRO1424-PRO1430,6.206000000000001,8.881784197001252e-16,6.206,6.206,PRO-PRO,False
PRO1424-PRO1431,6.825000000000001,8.881784197001252e-16,6.825,6.825,PRO-PRO,False
PRO1424-PRO1432,6.273000000000001,8.881784197001252e-16,6.273,6.273,PRO-PRO,False
PRO1424-PRO1433,6.737000000000001,8.881784197001252e-16,6.737,6.737,PRO-PRO,False
PRO1424-PRO1434,2.241,0.0,2.241,2.241,PRO-PRO,False
PRO1424-PRO1435,9.341,0.0,9.341,9.341,PRO-PRO,False
PRO1424-PRO1437,8.164,0.0,8.164,8.164,PRO-PRO,False
PRO1425-PRO1426,1.3469999999999998,2.220446049250313e-16,1.347,1.347,PRO-PRO,False
PRO1425-PRO1427,3.1460000000000004,4.440892098500626e-16,3.146,3.146,PRO-PRO,False
PRO1425-PRO1429,2.209,0.0,2.209,2.209,PRO-PRO,False
PRO1425-PRO1430,4.442,0.0,4.442,4.442,PRO-PRO,False
PRO1425-PRO1431,6.134,0.0,6.134,6.134,PRO-PRO,False
PRO1425-PRO1432,7.198999999999999,8.881784197001252e-16,7.199,7.199,PRO-PRO,False
PRO1425-PRO1433,9.310999999999998,1.7763568394002505e-15,9.311,9.311,PRO-PRO,False
PRO1425-PRO1434,5.220999999999999,8.881784197001252e-16,5.221,5.221,PRO-PRO,False
PRO1426-PRO1427,1.346,0.0,1.346,1.346,PRO-PRO,False
PRO1426-PRO1429,2.648,0.0,2.648,2.648,PRO-PRO,False
PRO1426-PRO1430,1.881,0.0,1.881,1.881,PRO-PRO,False
PRO1426-PRO1431,4.1610000000000005,8.881784197001252e-16,4.161,4.161,PRO-PRO,False
PRO1426-PRO1432,4.5889999999999995,8.881784197001252e-16,4.589,4.589,PRO-PRO,False
PRO1426-PRO1433,8.385999999999997,1.7763568394002505e-15,8.386,8.386,PRO-PRO,False
PRO1426-PRO1434,5.768,0.0,5.768,5.768,PRO-PRO,False
PRO1426-PRO1436,9.125,0.0,9.125,9.125,PRO-PRO,False
PRO1426-PRO1437,10.054,0.0,10.054,10.054,PRO-PRO,False
PRO1426-GTP,9.216,0.0,9.216,9.216,PRO-GTP,False
PRO1427-PRO1429,3.2869999999999995,4.440892098500626e-16,3.287,3.287,PRO-PRO,False
PRO1427-PRO1430,2.376,0.0,2.376,2.376,PRO-PRO,False
PRO1427-PRO1431,1.9480000000000002,2.220446049250313e-16,1.948,1.948,PRO-PRO,False
PRO1427-PRO1432,2.068,0.0,2.068,2.068,PRO-PRO,False
PRO1427-PRO1433,3.773,0.0,3.773,3.773,PRO-PRO,False
PRO1427-PRO1434,3.1410000000000005,4.440892098500626e-16,3.141,3.141,PRO-PRO,False
PRO1427-PRO1435,7.130000000000001,8.881784197001252e-16,7.13,7.13,PRO-PRO,False
PRO1427-PRO1436,8.192,0.0,8.192,8.192,PRO-PRO,False
PRO1427-PRO1437,8.586,0.0,8.586,8.586,PRO-PRO,False
PRO1429-PRO1430,1.349,0.0,1.349,1.349,PRO-PRO,False
PRO1429-PRO1431,3.1580000000000004,4.440892098500626e-16,3.158,3.158,PRO-PRO,False
PRO1429-PRO1432,5.393999999999999,8.881784197001252e-16,5.394,5.394,PRO-PRO,False
PRO1429-PRO1433,8.449,0.0,8.449,8.449,PRO-PRO,False
PRO1429-PRO1434,8.762,0.0,8.762,8.762,PRO-PRO,False
PRO1430-PRO1431,1.353,0.0,1.353,1.353,PRO-PRO,False
PRO1430-PRO1432,2.218,0.0,2.218,2.218,PRO-PRO,False
PRO1430-PRO1433,6.454999999999999,8.881784197001252e-16,6.455,6.455,PRO-PRO,False
PRO1430-PRO1434,7.643,0.0,7.643,7.643,PRO-PRO,False
PRO1430-PRO1435,8.629,0.0,8.629,8.629,PRO-PRO,False
PRO1430-PRO1436,8.604,0.0,8.604,8.604,PRO-PRO,False
PRO1430-GTP,9.304999999999998,1.7763568394002505e-15,9.305,9.305,PRO-GTP,False
PRO1431-PRO1432,1.3469999999999998,2.220446049250313e-16,1.347,1.347,PRO-PRO,False
PRO1431-PRO1433,4.659,0.0,4.659,4.659,PRO-PRO,False
PRO1431-PRO1434,8.08,0.0,8.08,8.08,PRO-PRO,False
PRO1431-PRO1435,9.257,0.0,9.257,9.257,PRO-PRO,False
PRO1432-PRO1433,1.3439999999999999,2.220446049250313e-16,1.344,1.344,PRO-PRO,False
PRO1432-PRO1434,4.493000000000001,8.881784197001252e-16,4.493,4.493,PRO-PRO,False
PRO1432-PRO1435,5.163000000000001,8.881784197001252e-16,5.163,5.163,PRO-PRO,False
PRO1432-PRO1436,8.090000000000002,1.7763568394002505e-15,8.09,8.09,PRO-PRO,False
PRO1432-PRO1437,9.13,0.0,9.13,9.13,PRO-PRO,False
PRO1433-PRO1434,1.3499999999999999,2.220446049250313e-16,1.35,1.35,PRO-PRO,False
PRO1433-PRO1435,3.221,0.0,3.221,3.221,PRO-PRO,False
PRO1433-PRO1436,5.628999999999999,8.881784197001252e-16,5.629,5.629,PRO-PRO,False
PRO1433-PRO1437,7.094,0.0,7.094,7.094,PRO-PRO,False
PRO1434-PRO1435,1.3480000000000003,2.220446049250313e-16,1.348,1.348,PRO-PRO,False
PRO1434-PRO1436,3.4409999999999994,4.440892098500626e-16,3.441,3.441,PRO-PRO,False
PRO1434-PRO1437,3.436,0.0,3.436,3.436,PRO-PRO,False
PRO1435-PRO1436,1.3439999999999999,2.220446049250313e-16,1.344,1.344,PRO-PRO,False
PRO1435-PRO1437,3.6030000000000006,4.440892098500626e-16,3.603,3.603,PRO-PRO,False
PRO1436-PRO1437,1.3469999999999998,2.220446049250313e-16,1.347,1.347,PRO-PRO,False
PRO1436-GTP,6.8999999999999995,8.881784197001252e-16,6.9,6.9,PRO-GTP,False
