ligand_id	barrier_energy	original_line
PV-002311756744	29.426	PV-002311756744 29.426
PV-002313328312	31.297	PV-002313328312 31.297
PV-002313420790	26.034	PV-002313420790 26.034
PV-002313505266	29.842	PV-002313505266 29.842
PV-002313752511	26.319	PV-002313752511 26.319
PV-002313917905	30.534	PV-002313917905 30.534
PV-002315879253	27.296	PV-002315879253 27.296
PV-002316316008	27.584	PV-002316316008 27.584
PV-002316471498	26.794	PV-002316471498 26.794
PV-002317026982	31.26	PV-002317026982 31.260
PV-002317244763	29.387	PV-002317244763 29.387
PV-002317451088	31.163	PV-002317451088 31.163
PV-002317893535	30.639	PV-002317893535 30.639
PV-002318869812	29.898	PV-002318869812 29.898
PV-002319559230	26.677	PV-002319559230 26.677
PV-002319977695	29.626	PV-002319977695 29.626
PV-002320367835	32.029	PV-002320367835 32.029
PV-002320493714	27.121	PV-002320493714 27.121
PV-002320963406	25.164	PV-002320963406 25.164
PV-002321415969	29.107	PV-002321415969 29.107
PV-002321845741	30.099	PV-002321845741 30.099
PV-002322173448	30.326	PV-002322173448 30.326
PV-002322394627	30.382	PV-002322394627 30.382
PV-002322747889	31.923	PV-002322747889 31.923
PV-002323035794	29.104	PV-002323035794 29.104
PV-002323257958	26.258	PV-002323257958 26.258
PV-002323529321	26.279	PV-002323529321 26.279
PV-002323761521	29.137	PV-002323761521 29.137
PV-002323931739	28.788	PV-002323931739 28.788
PV-002323991189	32.174	PV-002323991189 32.174
PV-002323998165	28.961	PV-002323998165 28.961
PV-002324532342	28.957	PV-002324532342 28.957
PV-002324705691	31.045	PV-002324705691 31.045
PV-002325427662	30.165	PV-002325427662 30.165
PV-002325575992	31.454	PV-002325575992 31.454
PV-002326363918	29.622	PV-002326363918 29.622
PV-002326566359	29.804	PV-002326566359 29.804
PV-002326594988	26.958	PV-002326594988 26.958
PV-002327007571	25.758	PV-002327007571 25.758
PV-002327169272	26.937	PV-002327169272 26.937
PV-002328316919	28.044	PV-002328316919 28.044
PV-002330997179	28.219	PV-002330997179 28.219
PV-002331858842	30.47	PV-002331858842 30.470
PV-002331897022	27.205	PV-002331897022 27.205
PV-002332379283	26.478	PV-002332379283 26.478
PV-002332897951	29.069	PV-002332897951 29.069
PV-002333287148	27.671	PV-002333287148 27.671
PV-002334087427	25.518	PV-002334087427 25.518
PV-002334387325	26.273	PV-002334387325 26.273
PV-002334969250	31.698	PV-002334969250 31.698
PV-002335543871	27.334	PV-002335543871 27.334
PV-002335709186	29.726	PV-002335709186 29.726
PV-002335831491	28.533	PV-002335831491 28.533
PV-002335891619	29.818	PV-002335891619 29.818
PV-002335991116	31.516	PV-002335991116 31.516
PV-002337109727	30.917	PV-002337109727 30.917
PV-002337294064	29.577	PV-002337294064 29.577
PV-002337424374	30.497	PV-002337424374 30.497
PV-002338832334	30.306	PV-002338832334 30.306
PV-002338976098	31.111	PV-002338976098 31.111
PV-002339051692	26.035	PV-002339051692 26.035
PV-002339862881	30.823	PV-002339862881 30.823
PV-002340856087	30.468	PV-002340856087 30.468
PV-002340861678	27.903	PV-002340861678 27.903
PV-002340906432	27.253	PV-002340906432 27.253
PV-002341018173	29.925	PV-002341018173 29.925
PV-002341493523	25.982	PV-002341493523 25.982
PV-002343064801	26.182	PV-002343064801 26.182
PV-002343153007	29.098	PV-002343153007 29.098
PV-002343530919	30.281	PV-002343530919 30.281
PV-002343906213	26.765	PV-002343906213 26.765
PV-002344189256	31.352	PV-002344189256 31.352
PV-002344632196	25.633	PV-002344632196 25.633
PV-002344973803	30.002	PV-002344973803 30.002
PV-002346600732	29.195	PV-002346600732 29.195
PV-002346858516	25.269	PV-002346858516 25.269
PV-002348589429	26.03	PV-002348589429 26.030
PV-002349187511	29.679	PV-002349187511 29.679
PV-002350004037	30.022	PV-002350004037 30.022
PV-002350335077	27.647	PV-002350335077 27.647
PV-002351937127	29.46	PV-002351937127 29.460
PV-002351947141	29.393	PV-002351947141 29.393
PV-002352231531	25.914	PV-002352231531 25.914
PV-002352356720	32.022	PV-002352356720 32.022
PV-002353034385	26.546	PV-002353034385 26.546
PV-002353057115	28.608	PV-002353057115 28.608
PV-002353245408	26.973	PV-002353245408 26.973
PV-002353652190	28.949	PV-002353652190 28.949
PV-002354599652	30.105	PV-002354599652 30.105
PV-002354901407	30.324	PV-002354901407 30.324
PV-002355074514	30.681	PV-002355074514 30.681
PV-002356289407	27.097	PV-002356289407 27.097
PV-002356639361	27.122	PV-002356639361 27.122
PV-002357833827	30.491	PV-002357833827 30.491
PV-002360435048	31.073	PV-002360435048 31.073
PV-002360470183	30.198	PV-002360470183 30.198
PV-002360800064	26.158	PV-002360800064 26.158
PV-002361089068	30.827	PV-002361089068 30.827
PV-002361750693	30.068	PV-002361750693 30.068
PV-002361786449	25.939	PV-002361786449 25.939
PV-002361925840	27.207	PV-002361925840 27.207
PV-002362491307	29.486	PV-002362491307 29.486
PV-002363294279	28.649	PV-002363294279 28.649
PV-002363493799	28.971	PV-002363493799 28.971
PV-002363897137	29.717	PV-002363897137 29.717
PV-002367254632	28.426	PV-002367254632 28.426
PV-002367703402	29.294	PV-002367703402 29.294
PV-002368673514	31.296	PV-002368673514 31.296
PV-002369709953	28.588	PV-002369709953 28.588
PV-002370724881	29.274	PV-002370724881 29.274
PV-002370775361	26.74	PV-002370775361 26.740
PV-002371592193	25.658	PV-002371592193 25.658
PV-002371874775	27.899	PV-002371874775 27.899
PV-002372644902	29.241	PV-002372644902 29.241
PV-002372810233	29.371	PV-002372810233 29.371
PV-002374292581	26.386	PV-002374292581 26.386
PV-002376166698	31.875	PV-002376166698 31.875
PV-002376875582	28.63	PV-002376875582 28.630
PV-002377342329	26.684	PV-002377342329 26.684
PV-002377515235	28.426	PV-002377515235 28.426
PV-002379054118	30.291	PV-002379054118 30.291
PV-002379601123	25.404	PV-002379601123 25.404
PV-002381072738	30.904	PV-002381072738 30.904
PV-002381129977	27.249	PV-002381129977 27.249
PV-002381951791	29.72	PV-002381951791 29.720
PV-002382298588	25.692	PV-002382298588 25.692
PV-002382946640	28.872	PV-002382946640 28.872
PV-002383330626	28.558	PV-002383330626 28.558
PV-002383586620	26.704	PV-002383586620 26.704
PV-002383931220	31.217	PV-002383931220 31.217
PV-002384499361	30.204	PV-002384499361 30.204
PV-002384770149	27.139	PV-002384770149 27.139
PV-002385144243	30.61	PV-002385144243 30.610
PV-002385301946	29.245	PV-002385301946 29.245
PV-002385828987	27.726	PV-002385828987 27.726
PV-002386199808	29.29	PV-002386199808 29.290
PV-002386315015	27.504	PV-002386315015 27.504
PV-002386499523	30.281	PV-002386499523 30.281
PV-002387016592	30.545	PV-002387016592 30.545
PV-002387342134	28.065	PV-002387342134 28.065
PV-002387380832	30.99	PV-002387380832 30.990
PV-002387584007	28.462	PV-002387584007 28.462
PV-002387607154	30.826	PV-002387607154 30.826
PV-002388523642	27.664	PV-002388523642 27.664
PV-002389093458	30.405	PV-002389093458 30.405
PV-002389333982	25.357	PV-002389333982 25.357
PV-002389337908	26.383	PV-002389337908 26.383
PV-002389901522	30.294	PV-002389901522 30.294
PV-002390032795	31.643	PV-002390032795 31.643
PV-002390992625	28.634	PV-002390992625 28.634
PV-002391741944	30.631	PV-002391741944 30.631
PV-002392669032	30.769	PV-002392669032 30.769
PV-002392696036	30.733	PV-002392696036 30.733
PV-002392819944	29.385	PV-002392819944 29.385
PV-002392961049	30.922	PV-002392961049 30.922
PV-002393479632	29.81	PV-002393479632 29.810
PV-002394425966	30.313	PV-002394425966 30.313
PV-002394505639	28.192	PV-002394505639 28.192
PV-002394861007	31.552	PV-002394861007 31.552
PV-002395166821	28.594	PV-002395166821 28.594
PV-002396034446	29.147	PV-002396034446 29.147
PV-002396496291	25.426	PV-002396496291 25.426
PV-002399980970	27.929	PV-002399980970 27.929
PV-002402085136	25.178	PV-002402085136 25.178
PV-002402705527	26.922	PV-002402705527 26.922
PV-002402732647	27.853	PV-002402732647 27.853
PV-002403282345	31.474	PV-002403282345 31.474
PV-002403726507	27.857	PV-002403726507 27.857
PV-002404481613	29.519	PV-002404481613 29.519
PV-002404782788	30.574	PV-002404782788 30.574
PV-002405472108	26.174	PV-002405472108 26.174
PV-002406322133	28.073	PV-002406322133 28.073
PV-002407512261	28.382	PV-002407512261 28.382
PV-002408300930	30.617	PV-002408300930 30.617
PV-002408861406	31.673	PV-002408861406 31.673
PV-002409781299	25.587	PV-002409781299 25.587
PV-002410107531	29.014	PV-002410107531 29.014
PV-002411488556	29.925	PV-002411488556 29.925
PV-002412080814	30.299	PV-002412080814 30.299
PV-002412289991	25.849	PV-002412289991 25.849
PV-002412459249	31.471	PV-002412459249 31.471
PV-002412550144	28.075	PV-002412550144 28.075
PV-002412911495	30.583	PV-002412911495 30.583
PV-002414789176	31.004	PV-002414789176 31.004
PV-002415098468	26.114	PV-002415098468 26.114
PV-002415171443	29.52	PV-002415171443 29.520
PV-002417508580	26.932	PV-002417508580 26.932
PV-002417603375	29.508	PV-002417603375 29.508
PV-002417954116	31.424	PV-002417954116 31.424
PV-002419014492	30.574	PV-002419014492 30.574
PV-002419403251	25.135	PV-002419403251 25.135
PV-002419450212	28.274	PV-002419450212 28.274
PV-002420183725	29.582	PV-002420183725 29.582
PV-002420308170	27.802	PV-002420308170 27.802
PV-002421519803	30.346	PV-002421519803 30.346
PV-002421783056	31.18	PV-002421783056 31.180
PV-002423008202	29.537	PV-002423008202 29.537
PV-002423266201	28.714	PV-002423266201 28.714
PV-002424880856	30.77	PV-002424880856 30.770
PV-002426387621	29.742	PV-002426387621 29.742
PV-002426959723	30.397	PV-002426959723 30.397
PV-002427481001	26.913	PV-002427481001 26.913
PV-002427665116	26.771	PV-002427665116 26.771
PV-002428479025	27.413	PV-002428479025 27.413
PV-002428882862	31.65	PV-002428882862 31.650
PV-002430283994	28.794	PV-002430283994 28.794
PV-002430533544	29.203	PV-002430533544 29.203
PV-002430891385	26.673	PV-002430891385 26.673
PV-002432486957	30.721	PV-002432486957 30.721
PV-002432714385	28.966	PV-002432714385 28.966
PV-002433727106	26.397	PV-002433727106 26.397
PV-002433788551	26.9	PV-002433788551 26.900
PV-002434645404	31.182	PV-002434645404 31.182
PV-002434648033	27.025	PV-002434648033 27.025
PV-002434750875	28.719	PV-002434750875 28.719
PV-002435007943	29.906	PV-002435007943 29.906
PV-002436189399	26.143	PV-002436189399 26.143
PV-002436464737	30.553	PV-002436464737 30.553
PV-002436749946	31.134	PV-002436749946 31.134
PV-002437047414	30.882	PV-002437047414 30.882
PV-002437832050	31.298	PV-002437832050 31.298
PV-002437911626	29.729	PV-002437911626 29.729
PV-002438079234	25.983	PV-002438079234 25.983
PV-002438267481	30.498	PV-002438267481 30.498
PV-002438644354	28.977	PV-002438644354 28.977
PV-002439162396	30.415	PV-002439162396 30.415
PV-002439189092	30.33	PV-002439189092 30.330
PV-002439293625	28.646	PV-002439293625 28.646
PV-002439902159	26.312	PV-002439902159 26.312
PV-002440281192	29.616	PV-002440281192 29.616
PV-002440467495	27.065	PV-002440467495 27.065
PV-002441117494	29.667	PV-002441117494 29.667
PV-002441768023	27.611	PV-002441768023 27.611
PV-002442251051	29.455	PV-002442251051 29.455
PV-002442351362	25.492	PV-002442351362 25.492
PV-002442790573	30.044	PV-002442790573 30.044
PV-002442855362	26.427	PV-002442855362 26.427
PV-002443305633	26.464	PV-002443305633 26.464
PV-002444965815	30.074	PV-002444965815 30.074
PV-002444982533	30.518	PV-002444982533 30.518
PV-002445422073	31.324	PV-002445422073 31.324
PV-002445639231	26.661	PV-002445639231 26.661
PV-002445918560	26.272	PV-002445918560 26.272
PV-002446803113	29.415	PV-002446803113 29.415
PV-002446854582	29.407	PV-002446854582 29.407
PV-002446890342	26.477	PV-002446890342 26.477
PV-002447967903	30.428	PV-002447967903 30.428
PV-002448780888	29.881	PV-002448780888 29.881
PV-002451820375	28.187	PV-002451820375 28.187
PV-002453225359	30.46	PV-002453225359 30.460
PV-002453597914	28.699	PV-002453597914 28.699
PV-002454755901	30.85	PV-002454755901 30.850
PV-002455851634	29.251	PV-002455851634 29.251
PV-002456228664	29.403	PV-002456228664 29.403
PV-002456700834	25.81	PV-002456700834 25.810
PV-002457040617	27.901	PV-002457040617 27.901
PV-002458887514	30.299	PV-002458887514 30.299
PV-002459227700	31.168	PV-002459227700 31.168
PV-002459715554	31.879	PV-002459715554 31.879
PV-002461203285	31.065	PV-002461203285 31.065
PV-002461248297	26.267	PV-002461248297 26.267
PV-002461978434	27.254	PV-002461978434 27.254
PV-002462340513	28.45	PV-002462340513 28.450
PV-002463691063	29.298	PV-002463691063 29.298
PV-002463854524	27.457	PV-002463854524 27.457
PV-002464626052	26.087	PV-002464626052 26.087
PV-002464708768	26.888	PV-002464708768 26.888
PV-002465246073	27.674	PV-002465246073 27.674
PV-002465379848	26.818	PV-002465379848 26.818
PV-002465772958	28.276	PV-002465772958 28.276
PV-002466536140	30.109	PV-002466536140 30.109
PV-002466987452	26.67	PV-002466987452 26.670
PV-002467116857	27.295	PV-002467116857 27.295
PV-002468284371	29.946	PV-002468284371 29.946
PV-002468491985	30.774	PV-002468491985 30.774
PV-002468508683	28.184	PV-002468508683 28.184
PV-002469333891	26.08	PV-002469333891 26.080
PV-002469436207	28.837	PV-002469436207 28.837
PV-002470723107	26.795	PV-002470723107 26.795
PV-002470862538	26.581	PV-002470862538 26.581
PV-002470993314	31.041	PV-002470993314 31.041
PV-002471150530	29.28	PV-002471150530 29.280
PV-002472078193	28.786	PV-002472078193 28.786
PV-002472602872	29.172	PV-002472602872 29.172
PV-002472942326	30.092	PV-002472942326 30.092
PV-002473659334	27.46	PV-002473659334 27.460
PV-002474122252	30.687	PV-002474122252 30.687
PV-002475861754	30.199	PV-002475861754 30.199
PV-002477570698	26.462	PV-002477570698 26.462
PV-002478354854	31.716	PV-002478354854 31.716
PV-002479016980	29.035	PV-002479016980 29.035
PV-002480872652	29.14	PV-002480872652 29.140
PV-002481149148	30.389	PV-002481149148 30.389
PV-002481658175	28.594	PV-002481658175 28.594
PV-002483291822	26.481	PV-002483291822 26.481
PV-002485636696	30.551	PV-002485636696 30.551
PV-002485922292	29.842	PV-002485922292 29.842
PV-002486188598	30.649	PV-002486188598 30.649
PV-002486827152	27.511	PV-002486827152 27.511
PV-002487113403	25.885	PV-002487113403 25.885
PV-002488495611	29.424	PV-002488495611 29.424
PV-002488609372	28.773	PV-002488609372 28.773
PV-002489056877	30.715	PV-002489056877 30.715
PV-002489229506	28.823	PV-002489229506 28.823
PV-002489326726	28.01	PV-002489326726 28.010
PV-002489521794	28.312	PV-002489521794 28.312
PV-002489633969	26.651	PV-002489633969 26.651
PV-002490637582	30.941	PV-002490637582 30.941
PV-002491364919	30.219	PV-002491364919 30.219
PV-002491425545	30.665	PV-002491425545 30.665
PV-002491884034	30.381	PV-002491884034 30.381
PV-002492379158	28.568	PV-002492379158 28.568
PV-002493416989	27.028	PV-002493416989 27.028
PV-002493428838	30.37	PV-002493428838 30.370
PV-002493459748	25.851	PV-002493459748 25.851
PV-002493823196	29.515	PV-002493823196 29.515
PV-002493827066	26.536	PV-002493827066 26.536
PV-002494139625	31.885	PV-002494139625 31.885
PV-002494150305	30.808	PV-002494150305 30.808
PV-002494493883	30.551	PV-002494493883 30.551
PV-002494590009	29.823	PV-002494590009 29.823
PV-002495159869	27.312	PV-002495159869 27.312
PV-002496082439	31.767	PV-002496082439 31.767
PV-002496678200	25.63	PV-002496678200 25.630
PV-002497407202	28.994	PV-002497407202 28.994
PV-002497544254	31.243	PV-002497544254 31.243
PV-002498277640	29.345	PV-002498277640 29.345
PV-002498464551	28.703	PV-002498464551 28.703
PV-002498641364	30.613	PV-002498641364 30.613
PV-002499133940	27.799	PV-002499133940 27.799
PV-002500567685	31.239	PV-002500567685 31.239
PV-002500641531	26.65	PV-002500641531 26.650
PV-002503437546	26.366	PV-002503437546 26.366
PV-002503602760	30.12	PV-002503602760 30.120
PV-002504563491	32.289	PV-002504563491 32.289
PV-002504977524	30.535	PV-002504977524 30.535
PV-002505230101	27.051	PV-002505230101 27.051
PV-002507357878	26.968	PV-002507357878 26.968
PV-002509049251	30.654	PV-002509049251 30.654
PV-002509147070	29.318	PV-002509147070 29.318
PV-002509438471	30.302	PV-002509438471 30.302
PV-002510454156	30.902	PV-002510454156 30.902
PV-002510516650	29.647	PV-002510516650 29.647
PV-002511704334	27.621	PV-002511704334 27.621
PV-002515492211	29.56	PV-002515492211 29.560
PV-002516396653	30.138	PV-002516396653 30.138
PV-002516403345	29.279	PV-002516403345 29.279
PV-002516564005	27.063	PV-002516564005 27.063
PV-002517030440	27.225	PV-002517030440 27.225
PV-002517091809	28.971	PV-002517091809 28.971
PV-002519166148	30.073	PV-002519166148 30.073
PV-002519199657	28.688	PV-002519199657 28.688
PV-002520560010	28.86	PV-002520560010 28.860
PV-002521846601	30.441	PV-002521846601 30.441
PV-002523207074	30.325	PV-002523207074 30.325
PV-002524481464	27.115	PV-002524481464 27.115
PV-002524552099	26.363	PV-002524552099 26.363
PV-002524577134	30.951	PV-002524577134 30.951
PV-002526543766	30.807	PV-002526543766 30.807
PV-002526597084	28.465	PV-002526597084 28.465
PV-002527208113	31.859	PV-002527208113 31.859
PV-002528402659	30.553	PV-002528402659 30.553
PV-002529100583	26.38	PV-002529100583 26.380
PV-002531205519	26.992	PV-002531205519 26.992
PV-002531641301	28.596	PV-002531641301 28.596
PV-002531675060	26.614	PV-002531675060 26.614
PV-002532013445	30.134	PV-002532013445 30.134
PV-002532338171	28.339	PV-002532338171 28.339
PV-002533594417	29.358	PV-002533594417 29.358
PV-002535152914	26.491	PV-002535152914 26.491
PV-002536170045	30.007	PV-002536170045 30.007
PV-002536550276	30.756	PV-002536550276 30.756
PV-002537393145	25.679	PV-002537393145 25.679
PV-002537439360	25.923	PV-002537439360 25.923
PV-002537591234	32.389	PV-002537591234 32.389
PV-002537917941	26.972	PV-002537917941 26.972
PV-002538123615	31.948	PV-002538123615 31.948
PV-002538297135	31.086	PV-002538297135 31.086
PV-002538342441	25.704	PV-002538342441 25.704
PV-002538626817	27.347	PV-002538626817 27.347
PV-002539014918	30.13	PV-002539014918 30.130
PV-002539191009	26.541	PV-002539191009 26.541
PV-002540112593	26.404	PV-002540112593 26.404
PV-002540506993	29.396	PV-002540506993 29.396
PV-002540535341	28.578	PV-002540535341 28.578
PV-002541881017	27.128	PV-002541881017 27.128
PV-002541946975	27.713	PV-002541946975 27.713
PV-002542179958	31.035	PV-002542179958 31.035
PV-002543760579	31.43	PV-002543760579 31.430
PV-002543789248	30.706	PV-002543789248 30.706
PV-002544241800	32.021	PV-002544241800 32.021
PV-002544480697	27.91	PV-002544480697 27.910
PV-002544629472	25.167	PV-002544629472 25.167
PV-002545054477	30.752	PV-002545054477 30.752
PV-002546040560	31.587	PV-002546040560 31.587
PV-002546202334	30.792	PV-002546202334 30.792
PV-002547078736	28.05	PV-002547078736 28.050
PV-002547235202	29.061	PV-002547235202 29.061
PV-002548465816	30.952	PV-002548465816 30.952
PV-002550019799	29.923	PV-002550019799 29.923
PV-002550064414	29.669	PV-002550064414 29.669
PV-002550209138	28.278	PV-002550209138 28.278
PV-002550347129	30.536	PV-002550347129 30.536
PV-002551450388	31.953	PV-002551450388 31.953
PV-002553072087	26.191	PV-002553072087 26.191
PV-002554143283	30.7	PV-002554143283 30.700
PV-002555538080	29.286	PV-002555538080 29.286
PV-002555666437	27.468	PV-002555666437 27.468
PV-002555797511	29.462	PV-002555797511 29.462
PV-002555907296	27.4	PV-002555907296 27.400
PV-002556466695	31.313	PV-002556466695 31.313
PV-002558082292	31.056	PV-002558082292 31.056
PV-002558106584	27.5	PV-002558106584 27.500
PV-002558119038	29.561	PV-002558119038 29.561
PV-002558199484	27.979	PV-002558199484 27.979
PV-002560721383	26.407	PV-002560721383 26.407
PV-002561563159	28.798	PV-002561563159 28.798
PV-002561876697	30.526	PV-002561876697 30.526
PV-002563646704	30.86	PV-002563646704 30.860
PV-002563766328	29.66	PV-002563766328 29.660
PV-002563878645	27.333	PV-002563878645 27.333
PV-002564670020	31.166	PV-002564670020 31.166
PV-002566201608	29.12	PV-002566201608 29.120
PV-002566425463	28.007	PV-002566425463 28.007
PV-002570490491	31.015	PV-002570490491 31.015
PV-002570537549	31.238	PV-002570537549 31.238
PV-002570690184	30.426	PV-002570690184 30.426
PV-002570926306	30.312	PV-002570926306 30.312
PV-002571443594	29.65	PV-002571443594 29.650
PV-002571697220	29.473	PV-002571697220 29.473
PV-002572046158	29.976	PV-002572046158 29.976
PV-002572437864	26.692	PV-002572437864 26.692
PV-002572900596	28.82	PV-002572900596 28.820
PV-002573917269	30.378	PV-002573917269 30.378
PV-002574149693	28.655	PV-002574149693 28.655
PV-002574820216	27.775	PV-002574820216 27.775
PV-002575557124	29.706	PV-002575557124 29.706
PV-002575611302	30.66	PV-002575611302 30.660
PV-002575783040	27.465	PV-002575783040 27.465
PV-002576034303	29.793	PV-002576034303 29.793
PV-002576415487	25.895	PV-002576415487 25.895
PV-002577000915	29.437	PV-002577000915 29.437
PV-002577130175	25.786	PV-002577130175 25.786
PV-002577131077	28.257	PV-002577131077 28.257
PV-002579497364	30.56	PV-002579497364 30.560
PV-002580018706	30.107	PV-002580018706 30.107
PV-002581019339	31.071	PV-002581019339 31.071
PV-002581520578	25.728	PV-002581520578 25.728
PV-002581811824	30.569	PV-002581811824 30.569
PV-002582074854	29.844	PV-002582074854 29.844
PV-002582097618	29.492	PV-002582097618 29.492
PV-002582771404	30.444	PV-002582771404 30.444
PV-002583777939	26.094	PV-002583777939 26.094
PV-002584140361	29.958	PV-002584140361 29.958
PV-002584319632	26.338	PV-002584319632 26.338
PV-002584334094	29.453	PV-002584334094 29.453
PV-002585137727	25.532	PV-002585137727 25.532
PV-002585455887	26.029	PV-002585455887 26.029
PV-002585596930	26.675	PV-002585596930 26.675
PV-002586008538	32.079	PV-002586008538 32.079
PV-002587535124	30.513	PV-002587535124 30.513
PV-002588346227	26.715	PV-002588346227 26.715
PV-002588606918	27.95	PV-002588606918 27.950
PV-002588652372	30.818	PV-002588652372 30.818
PV-002589135088	29.573	PV-002589135088 29.573
PV-002590767806	25.638	PV-002590767806 25.638
PV-002592805222	29.058	PV-002592805222 29.058
PV-002594355601	27.314	PV-002594355601 27.314
PV-002594511601	27.127	PV-002594511601 27.127
PV-002594609628	29.843	PV-002594609628 29.843
PV-002595942989	29.075	PV-002595942989 29.075
PV-002596284644	28.511	PV-002596284644 28.511
PV-002596875222	26.675	PV-002596875222 26.675
PV-002596993040	29.323	PV-002596993040 29.323
PV-002597392953	29.124	PV-002597392953 29.124
PV-002598055221	29.504	PV-002598055221 29.504
PV-002598339301	29.243	PV-002598339301 29.243
PV-002598352243	26.486	PV-002598352243 26.486
PV-002598434377	30.571	PV-002598434377 30.571
PV-002599132639	30.251	PV-002599132639 30.251
PV-002599139782	29.705	PV-002599139782 29.705
PV-002599173776	29.927	PV-002599173776 29.927
PV-002599319139	30.649	PV-002599319139 30.649
PV-002599448614	29.347	PV-002599448614 29.347
PV-002599877635	28.477	PV-002599877635 28.477
PV-002599905993	25.557	PV-002599905993 25.557
PV-002600670052	26.715	PV-002600670052 26.715
PV-002600872890	25.475	PV-002600872890 25.475
PV-002601232312	28.554	PV-002601232312 28.554
PV-002601341655	29.728	PV-002601341655 29.728
PV-002601596715	30.036	PV-002601596715 30.036
PV-002601605798	29.36	PV-002601605798 29.360
PV-002601898446	30.879	PV-002601898446 30.879
PV-002601907877	32.202	PV-002601907877 32.202
PV-002601928247	29.624	PV-002601928247 29.624
PV-002602100372	30.037	PV-002602100372 30.037
PV-002602195228	30.915	PV-002602195228 30.915
PV-002606958668	30.449	PV-002606958668 30.449
PV-002606958669	27.95	PV-002606958669 27.950
PV-002626203179	29.863	PV-002626203179 29.863
PV-002651106005	29.406	PV-002651106005 29.406
PV-002662795914	28.181	PV-002662795914 28.181
PV-002662795915	26.958	PV-002662795915 26.958
PV-002664141793	28.599	PV-002664141793 28.599
PV-002680707076	27.459	PV-002680707076 27.459
PV-002685938978	30.302	PV-002685938978 30.302
PV-002685938979	29.465	PV-002685938979 29.465
PV-002688610271	27.827	PV-002688610271 27.827
PV-002707238962	29.271	PV-002707238962 29.271
PV-002709992896	28.983	PV-002709992896 28.983
PV-002710109189	31.534	PV-002710109189 31.534
PV-002710669278	26.42	PV-002710669278 26.420
PV-002710857608	25.527	PV-002710857608 25.527
PV-002710870774	28.609	PV-002710870774 28.609
PV-002711152293	25.673	PV-002711152293 25.673
PV-002711244117	29.555	PV-002711244117 29.555
PV-002712054906	29.811	PV-002712054906 29.811
PV-002712462537	31.374	PV-002712462537 31.374
PV-002713108493	29.189	PV-002713108493 29.189
PV-002713140307	27.733	PV-002713140307 27.733
PV-002713724141	31.81	PV-002713724141 31.810
PV-002714201981	30.128	PV-002714201981 30.128
PV-002714201982	28.866	PV-002714201982 28.866
PV-002714991599	27.587	PV-002714991599 27.587
PV-002715262455	29.328	PV-002715262455 29.328
PV-002716006855	29.792	PV-002716006855 29.792
PV-002716006856	30.897	PV-002716006856 30.897
PV-002716465686	29.373	PV-002716465686 29.373
PV-002717265077	30.742	PV-002717265077 30.742
PV-002717733019	25.874	PV-002717733019 25.874
PV-002717734523	27.36	PV-002717734523 27.360
PV-002718068130	30.929	PV-002718068130 30.929
PV-002718090202	29.183	PV-002718090202 29.183
PV-002718583159	25.309	PV-002718583159 25.309
PV-002719443127	30.206	PV-002719443127 30.206
PV-002719443128	32.377	PV-002719443128 32.377
PV-002719972176	30.589	PV-002719972176 30.589
PV-002720167801	28.937	PV-002720167801 28.937
PV-002720549531	29.607	PV-002720549531 29.607
PV-002720559047	29.876	PV-002720559047 29.876
PV-002720559048	28.086	PV-002720559048 28.086
PV-002721064887	27.943	PV-002721064887 27.943
PV-002721064888	28.88	PV-002721064888 28.880
PV-002721562514	29.535	PV-002721562514 29.535
PV-002721888632	26.613	PV-002721888632 26.613
PV-002722164716	29.477	PV-002722164716 29.477
PV-002722580160	29.284	PV-002722580160 29.284
PV-002722666185	29.665	PV-002722666185 29.665
PV-002722666186	28.98	PV-002722666186 28.980
PV-002722774830	30.261	PV-002722774830 30.261
PV-002723042773	29.394	PV-002723042773 29.394
PV-002723264248	26.515	PV-002723264248 26.515
PV-002723264249	31.126	PV-002723264249 31.126
PV-002723500273	30.057	PV-002723500273 30.057
PV-002724212477	28.928	PV-002724212477 28.928
PV-002724386302	28.537	PV-002724386302 28.537
PV-002725088465	31.58	PV-002725088465 31.580
PV-002726100927	26.851	PV-002726100927 26.851
PV-002726100928	30.633	PV-002726100928 30.633
PV-002726100929	29.161	PV-002726100929 29.161
PV-002726131753	27.843	PV-002726131753 27.843
PV-002726191669	29.601	PV-002726191669 29.601
PV-002726204631	31.432	PV-002726204631 31.432
PV-002726462516	29.186	PV-002726462516 29.186
PV-002726479618	31.408	PV-002726479618 31.408
PV-002727375068	27.216	PV-002727375068 27.216
PV-002728697279	26.748	PV-002728697279 26.748
PV-002729361388	29.163	PV-002729361388 29.163
PV-002730415802	31.179	PV-002730415802 31.179
PV-002730415803	29.904	PV-002730415803 29.904
PV-002730415804	26.881	PV-002730415804 26.881
PV-002732385232	28.258	PV-002732385232 28.258
PV-002732738926	29.795	PV-002732738926 29.795
PV-002733199995	28.955	PV-002733199995 28.955
PV-002734382279	26.127	PV-002734382279 26.127
PV-002734545848	30.564	PV-002734545848 30.564
PV-002734545849	28.182	PV-002734545849 28.182
PV-002734653852	29.74	PV-002734653852 29.740
PV-002734838040	29.928	PV-002734838040 29.928
PV-002735025229	26.705	PV-002735025229 26.705
PV-002735849716	29.213	PV-002735849716 29.213
PV-002735979802	26.303	PV-002735979802 26.303
PV-002736087092	29.278	PV-002736087092 29.278
PV-002737747248	26.632	PV-002737747248 26.632
PV-002738005083	26.896	PV-002738005083 26.896
PV-002738289925	29.518	PV-002738289925 29.518
PV-002738289926	29.884	PV-002738289926 29.884
PV-002738423953	30.881	PV-002738423953 30.881
PV-002738562345	29.203	PV-002738562345 29.203
PV-002739321828	29.364	PV-002739321828 29.364
PV-002739388349	27.306	PV-002739388349 27.306
PV-002739421418	30.726	PV-002739421418 30.726
PV-002739970499	31.441	PV-002739970499 31.441
PV-002740082048	27.086	PV-002740082048 27.086
PV-002740655657	30.534	PV-002740655657 30.534
PV-002741169809	25.939	PV-002741169809 25.939
PV-002741240014	29.752	PV-002741240014 29.752
PV-002741240015	31.028	PV-002741240015 31.028
PV-002741240016	29.667	PV-002741240016 29.667
PV-002742219743	30.12	PV-002742219743 30.120
PV-002742219744	25.954	PV-002742219744 25.954
PV-002742219745	30.689	PV-002742219745 30.689
PV-002742866540	28.513	PV-002742866540 28.513
PV-002744025211	25.477	PV-002744025211 25.477
PV-002744367128	32.602	PV-002744367128 32.602
PV-002745365679	26.348	PV-002745365679 26.348
PV-002745365680	27.564	PV-002745365680 27.564
PV-002745365681	26.404	PV-002745365681 26.404
PV-002745541922	29.074	PV-002745541922 29.074
PV-002745592963	30.43	PV-002745592963 30.430
PV-002746568942	27.454	PV-002746568942 27.454
PV-002747034800	28.648	PV-002747034800 28.648
PV-002747034801	31.707	PV-002747034801 31.707
PV-002748102692	27.05	PV-002748102692 27.050
PV-002748208541	31.026	PV-002748208541 31.026
PV-002748286222	29.821	PV-002748286222 29.821
PV-002749800003	30.023	PV-002749800003 30.023
PV-002749936452	29.19	PV-002749936452 29.190
PV-002749936453	26.318	PV-002749936453 26.318
PV-002750617785	32.437	PV-002750617785 32.437
PV-002750939032	27.131	PV-002750939032 27.131
PV-002751323346	30.218	PV-002751323346 30.218
PV-002751429301	26.003	PV-002751429301 26.003
PV-002751473331	27.51	PV-002751473331 27.510
PV-002751503297	27.223	PV-002751503297 27.223
PV-002752477677	28.164	PV-002752477677 28.164
PV-002752904029	29.907	PV-002752904029 29.907
PV-002753253112	26.218	PV-002753253112 26.218
PV-002753459404	30.884	PV-002753459404 30.884
PV-002753697338	28.46	PV-002753697338 28.460
PV-002754043208	31.216	PV-002754043208 31.216
PV-002755316924	28.385	PV-002755316924 28.385
PV-002755415980	28.091	PV-002755415980 28.091
PV-002755958679	25.499	PV-002755958679 25.499
PV-002756516692	27.423	PV-002756516692 27.423
PV-002756516693	29.161	PV-002756516693 29.161
PV-002756516694	27.925	PV-002756516694 27.925
PV-002756716132	25.963	PV-002756716132 25.963
PV-002757025758	26.589	PV-002757025758 26.589
PV-002757093523	25.698	PV-002757093523 25.698
PV-002757699456	29.317	PV-002757699456 29.317
PV-002758447720	30.2	PV-002758447720 30.200
PV-002758895410	25.702	PV-002758895410 25.702
PV-002759252108	29.979	PV-002759252108 29.979
PV-002759997248	28.625	PV-002759997248 28.625
PV-002760309918	26.358	PV-002760309918 26.358
PV-002761049451	27.986	PV-002761049451 27.986
PV-002763127660	25.366	PV-002763127660 25.366
PV-002763276021	26.262	PV-002763276021 26.262
PV-002763627295	29.794	PV-002763627295 29.794
PV-002763627296	31.249	PV-002763627296 31.249
PV-002763627297	29.327	PV-002763627297 29.327
PV-002764518725	25.52	PV-002764518725 25.520
PV-002765124897	29.888	PV-002765124897 29.888
PV-002765174540	30.63	PV-002765174540 30.630
PV-002765240584	28.041	PV-002765240584 28.041
PV-002765246263	29.318	PV-002765246263 29.318
PV-002765968206	30.192	PV-002765968206 30.192
PV-002766116492	29.309	PV-002766116492 29.309
PV-002766314834	30.215	PV-002766314834 30.215
PV-002766314835	25.493	PV-002766314835 25.493
PV-002766314836	30.291	PV-002766314836 30.291
PV-002767641649	26.919	PV-002767641649 26.919
PV-002767641650	29.502	PV-002767641650 29.502
PV-002767765704	27.01	PV-002767765704 27.010
PV-002767942839	29.984	PV-002767942839 29.984
PV-002768062020	27.968	PV-002768062020 27.968
PV-002768806480	25.379	PV-002768806480 25.379
PV-002769779430	29.968	PV-002769779430 29.968
PV-002769906719	30.558	PV-002769906719 30.558
PV-002770086888	29.322	PV-002770086888 29.322
PV-002770230847	25.372	PV-002770230847 25.372
PV-002770299394	25.646	PV-002770299394 25.646
PV-002770357127	29.619	PV-002770357127 29.619
PV-002770357128	28.444	PV-002770357128 28.444
PV-002770357129	27.507	PV-002770357129 27.507
PV-002771122761	30.834	PV-002771122761 30.834
PV-002771168099	28.293	PV-002771168099 28.293
PV-002771244889	28.232	PV-002771244889 28.232
PV-002771244890	26.586	PV-002771244890 26.586
PV-002771244891	29.533	PV-002771244891 29.533
PV-002771244892	30.087	PV-002771244892 30.087
PV-002771748684	30.845	PV-002771748684 30.845
PV-002771983157	30.236	PV-002771983157 30.236
PV-002772066127	29.892	PV-002772066127 29.892
PV-002772075022	31.023	PV-002772075022 31.023
PV-002772542808	26.598	PV-002772542808 26.598
PV-002772542809	27.935	PV-002772542809 27.935
PV-002772542810	29.166	PV-002772542810 29.166
PV-002773300685	28.551	PV-002773300685 28.551
PV-002773345351	25.101	PV-002773345351 25.101
PV-002773744261	27.395	PV-002773744261 27.395
PV-002774076046	28.422	PV-002774076046 28.422
PV-002774707399	29.072	PV-002774707399 29.072
PV-002774730117	28.398	PV-002774730117 28.398
PV-002775020728	28.931	PV-002775020728 28.931
PV-002775468480	31.394	PV-002775468480 31.394
PV-002775987162	31.055	PV-002775987162 31.055
PV-002776019489	30.058	PV-002776019489 30.058
PV-002776073360	27.937	PV-002776073360 27.937
PV-002776079011	26.428	PV-002776079011 26.428
PV-002776124560	26.69	PV-002776124560 26.690
PV-002776726826	31.299	PV-002776726826 31.299
PV-002776820183	31.711	PV-002776820183 31.711
PV-002776887019	30.445	PV-002776887019 30.445
PV-002777128678	30.15	PV-002777128678 30.150
PV-002777210955	29.635	PV-002777210955 29.635
PV-002777210956	29.393	PV-002777210956 29.393
PV-002777368957	30.274	PV-002777368957 30.274
PV-002777713650	29.347	PV-002777713650 29.347
PV-002778271940	30.519	PV-002778271940 30.519
PV-002778333212	30.301	PV-002778333212 30.301
PV-002778492726	27.21	PV-002778492726 27.210
PV-002779993744	26.12	PV-002779993744 26.120
PV-002780008686	30.803	PV-002780008686 30.803
PV-002780597440	31.463	PV-002780597440 31.463
PV-002780735735	29.086	PV-002780735735 29.086
PV-002781050297	30.855	PV-002781050297 30.855
PV-002781198958	29.722	PV-002781198958 29.722
PV-002781366698	29.603	PV-002781366698 29.603
PV-002782134516	27.715	PV-002782134516 27.715
PV-002782390975	28.448	PV-002782390975 28.448
PV-002783188766	29.039	PV-002783188766 29.039
PV-002783679559	30.007	PV-002783679559 30.007
PV-002784672220	30.161	PV-002784672220 30.161
PV-002784925423	28.904	PV-002784925423 28.904
PV-002785885555	27.074	PV-002785885555 27.074
PV-002786344648	27.34	PV-002786344648 27.340
PV-002786587621	29.205	PV-002786587621 29.205
PV-002786840378	30.117	PV-002786840378 30.117
PV-002786875757	27.189	PV-002786875757 27.189
PV-002786894535	30.142	PV-002786894535 30.142
PV-002786969716	28.891	PV-002786969716 28.891
PV-002787228539	28.472	PV-002787228539 28.472
PV-002787228540	26.721	PV-002787228540 26.721
PV-002787228541	30.963	PV-002787228541 30.963
PV-002787821456	27.647	PV-002787821456 27.647
PV-002787973207	31.411	PV-002787973207 31.411
PV-002787973208	29.102	PV-002787973208 29.102
PV-002788551936	26.799	PV-002788551936 26.799
PV-002788849068	26.385	PV-002788849068 26.385
PV-002789040948	26.459	PV-002789040948 26.459
PV-002789436419	28.411	PV-002789436419 28.411
PV-002789458698	28.568	PV-002789458698 28.568
PV-002789601240	28.703	PV-002789601240 28.703
PV-002790545984	28.907	PV-002790545984 28.907
PV-002790675544	29.666	PV-002790675544 29.666
PV-002790753211	27.908	PV-002790753211 27.908
PV-002790935205	26.263	PV-002790935205 26.263
PV-002791226482	30.925	PV-002791226482 30.925
PV-002791494482	26.326	PV-002791494482 26.326
PV-002791494483	30.918	PV-002791494483 30.918
PV-002791636549	27.439	PV-002791636549 27.439
PV-002791636550	30.949	PV-002791636550 30.949
PV-002791636551	30.113	PV-002791636551 30.113
PV-002791794515	30.732	PV-002791794515 30.732
PV-002791869336	26.953	PV-002791869336 26.953
PV-002792190950	29.994	PV-002792190950 29.994
PV-002792301607	27.567	PV-002792301607 27.567
PV-002792578757	26.679	PV-002792578757 26.679
PV-002792746047	29.481	PV-002792746047 29.481
PV-002793043041	27.154	PV-002793043041 27.154
PV-002793248003	30.583	PV-002793248003 30.583
PV-002793326312	31.447	PV-002793326312 31.447
PV-002793407691	26.413	PV-002793407691 26.413
PV-002793541452	31.164	PV-002793541452 31.164
PV-002794374351	28.431	PV-002794374351 28.431
PV-002794481453	28.308	PV-002794481453 28.308
PV-002794500424	29.272	PV-002794500424 29.272
PV-002794785160	28.851	PV-002794785160 28.851
PV-002794852076	29.306	PV-002794852076 29.306
PV-002795181828	29.776	PV-002795181828 29.776
PV-002795832607	29.116	PV-002795832607 29.116
PV-002795832608	27.491	PV-002795832608 27.491
PV-002795998793	25.694	PV-002795998793 25.694
PV-002796223641	29.681	PV-002796223641 29.681
PV-002796295914	30.874	PV-002796295914 30.874
PV-002796388851	25.944	PV-002796388851 25.944
PV-002796388852	28.73	PV-002796388852 28.730
PV-002796388853	29.34	PV-002796388853 29.340
PV-002796446875	27.418	PV-002796446875 27.418
PV-002796998206	25.737	PV-002796998206 25.737
PV-002797091412	26.461	PV-002797091412 26.461
PV-002797172338	30.644	PV-002797172338 30.644
PV-002797242226	29.688	PV-002797242226 29.688
PV-002797431091	27.977	PV-002797431091 27.977
PV-002797682060	29.088	PV-002797682060 29.088
PV-002797831456	26.173	PV-002797831456 26.173
PV-002797849457	27.059	PV-002797849457 27.059
PV-002797875007	26.954	PV-002797875007 26.954
PV-002798067037	28.725	PV-002798067037 28.725
PV-002798096123	30.009	PV-002798096123 30.009
PV-002798201678	25.505	PV-002798201678 25.505
PV-002798338123	31.245	PV-002798338123 31.245
PV-002798996414	30.208	PV-002798996414 30.208
PV-002799148363	30.163	PV-002799148363 30.163
PV-002799437811	30.644	PV-002799437811 30.644
PV-002799559960	31.14	PV-002799559960 31.140
PV-002799685198	29.659	PV-002799685198 29.659
PV-002800290931	27.691	PV-002800290931 27.691
PV-002800331546	25.625	PV-002800331546 25.625
PV-002800428970	27.142	PV-002800428970 27.142
PV-002800665306	31.853	PV-002800665306 31.853
PV-002800717554	31.477	PV-002800717554 31.477
PV-002800736534	31.529	PV-002800736534 31.529
PV-002800745221	31.157	PV-002800745221 31.157
PV-002800806250	26.486	PV-002800806250 26.486
PV-002801700165	31.527	PV-002801700165 31.527
PV-002801859485	28.658	PV-002801859485 28.658
PV-002802141894	29.442	PV-002802141894 29.442
PV-002802209393	25.715	PV-002802209393 25.715
PV-002802284604	25.713	PV-002802284604 25.713
PV-002802284605	26.958	PV-002802284605 26.958
PV-002802284606	31.421	PV-002802284606 31.421
PV-002802408704	26.332	PV-002802408704 26.332
PV-002802408705	28.766	PV-002802408705 28.766
PV-002802408706	29.71	PV-002802408706 29.710
PV-002802502006	26.394	PV-002802502006 26.394
PV-002802594240	30.519	PV-002802594240 30.519
PV-002802594241	31.513	PV-002802594241 31.513
PV-002802668284	28.324	PV-002802668284 28.324
PV-002803171870	30.751	PV-002803171870 30.751
PV-002803718138	29.4	PV-002803718138 29.400
PV-002803859602	26.413	PV-002803859602 26.413
PV-002804031742	27.738	PV-002804031742 27.738
PV-002804031743	31.127	PV-002804031743 31.127
PV-002804147442	29.38	PV-002804147442 29.380
PV-002804147443	26.979	PV-002804147443 26.979
PV-002804147444	27.888	PV-002804147444 27.888
PV-002804211768	31.811	PV-002804211768 31.811
PV-002804381077	28.75	PV-002804381077 28.750
PV-002804381078	28.013	PV-002804381078 28.013
PV-002804766620	29.273	PV-002804766620 29.273
PV-002805290190	27.047	PV-002805290190 27.047
PV-002805509598	28.752	PV-002805509598 28.752
PV-002805730492	26.457	PV-002805730492 26.457
PV-002805861065	28.766	PV-002805861065 28.766
PV-002805861066	25.927	PV-002805861066 25.927
PV-002805867954	28.849	PV-002805867954 28.849
PV-002805915259	30.143	PV-002805915259 30.143
PV-002806468756	27.672	PV-002806468756 27.672
PV-002806468757	29.166	PV-002806468757 29.166
PV-002806541551	30.798	PV-002806541551 30.798
PV-002806584308	30.426	PV-002806584308 30.426
PV-002806782583	29.351	PV-002806782583 29.351
PV-002806828926	31.402	PV-002806828926 31.402
PV-002806987870	30.949	PV-002806987870 30.949
PV-002807212910	30.87	PV-002807212910 30.870
PV-002807227897	27.952	PV-002807227897 27.952
PV-002807308425	32.048	PV-002807308425 32.048
PV-002807308426	30.564	PV-002807308426 30.564
PV-002807308427	27.399	PV-002807308427 27.399
PV-002807623986	31.858	PV-002807623986 31.858
PV-002807639372	29.064	PV-002807639372 29.064
PV-002807639373	27.394	PV-002807639373 27.394
PV-002807639374	29.368	PV-002807639374 29.368
PV-002807942488	25.721	PV-002807942488 25.721
PV-002807942489	27.011	PV-002807942489 27.011
PV-002807942490	29.602	PV-002807942490 29.602
PV-002807947101	31.454	PV-002807947101 31.454
PV-002807947102	25.941	PV-002807947102 25.941
PV-002807988619	26.599	PV-002807988619 26.599
PV-002807990960	25.801	PV-002807990960 25.801
PV-002808071494	30.465	PV-002808071494 30.465
PV-002808090074	31.527	PV-002808090074 31.527
PV-002808224521	29.006	PV-002808224521 29.006
PV-002808325568	28.712	PV-002808325568 28.712
PV-002808327304	31.052	PV-002808327304 31.052
PV-002808491680	28.912	PV-002808491680 28.912
PV-002808567700	25.739	PV-002808567700 25.739
PV-002808618245	31.758	PV-002808618245 31.758
PV-002808664069	29.724	PV-002808664069 29.724
PV-002808774653	29.497	PV-002808774653 29.497
PV-002808953635	31.377	PV-002808953635 31.377
PV-002809137952	27.427	PV-002809137952 27.427
PV-002809589687	26.79	PV-002809589687 26.790
PV-002810036939	29.646	PV-002810036939 29.646
PV-002810285465	30.525	PV-002810285465 30.525
PV-002810421275	32.314	PV-002810421275 32.314
PV-002810468807	26.054	PV-002810468807 26.054
PV-002810683617	30.974	PV-002810683617 30.974
PV-002811208241	29.075	PV-002811208241 29.075
PV-002811418117	31.745	PV-002811418117 31.745
PV-002811430236	29.51	PV-002811430236 29.510
PV-002811811718	27.219	PV-002811811718 27.219
PV-002811879857	29.378	PV-002811879857 29.378
PV-002811910856	29.261	PV-002811910856 29.261
PV-002811984146	31.289	PV-002811984146 31.289
PV-002812074393	27.181	PV-002812074393 27.181
PV-002812186050	29.243	PV-002812186050 29.243
PV-002812236295	30.812	PV-002812236295 30.812
PV-002812372047	26.426	PV-002812372047 26.426
PV-002812372048	27.874	PV-002812372048 27.874
PV-002812372049	26.248	PV-002812372049 26.248
PV-002812372050	26.138	PV-002812372050 26.138
PV-002812372051	31.384	PV-002812372051 31.384
PV-002812372052	29.806	PV-002812372052 29.806
PV-002812933944	28.944	PV-002812933944 28.944
PV-002813068640	25.62	PV-002813068640 25.620
PV-002813089877	30.609	PV-002813089877 30.609
PV-002814363629	25.388	PV-002814363629 25.388
PV-002814471429	31.028	PV-002814471429 31.028
PV-002814663201	29.789	PV-002814663201 29.789
PV-002815719770	27.903	PV-002815719770 27.903
PV-002815845820	26.465	PV-002815845820 26.465
PV-002815919615	29.471	PV-002815919615 29.471
PV-002815994359	30.094	PV-002815994359 30.094
PV-002816197806	30.134	PV-002816197806 30.134
PV-002816325460	30.619	PV-002816325460 30.619
PV-002816622728	29.816	PV-002816622728 29.816
PV-002816967447	29.47	PV-002816967447 29.470
PV-002816967448	31.126	PV-002816967448 31.126
PV-002816967449	25.646	PV-002816967449 25.646
PV-002817355726	29.382	PV-002817355726 29.382
PV-002817434441	31.038	PV-002817434441 31.038
PV-002817551997	26.615	PV-002817551997 26.615
PV-002817645144	26.675	PV-002817645144 26.675
PV-002817655615	28.631	PV-002817655615 28.631
PV-002818157188	28.669	PV-002818157188 28.669
PV-002818224093	29.508	PV-002818224093 29.508
PV-002818957155	29.457	PV-002818957155 29.457
PV-002818957156	31.907	PV-002818957156 31.907
PV-002818957157	29.486	PV-002818957157 29.486
PV-002819096338	30.982	PV-002819096338 30.982
PV-002819096339	27.285	PV-002819096339 27.285
PV-002819103078	26.73	PV-002819103078 26.730
PV-002819103079	28.542	PV-002819103079 28.542
PV-002819103080	32.223	PV-002819103080 32.223
PV-002819103081	26.654	PV-002819103081 26.654
PV-002819103082	29.989	PV-002819103082 29.989
PV-002819103083	26.138	PV-002819103083 26.138
PV-002819178184	29.673	PV-002819178184 29.673
PV-002819286787	25.324	PV-002819286787 25.324
PV-002819286788	28.377	PV-002819286788 28.377
PV-002819319495	30.64	PV-002819319495 30.640
PV-002819561831	31.032	PV-002819561831 31.032
PV-002819561832	25.139	PV-002819561832 25.139
PV-002819561833	27.307	PV-002819561833 27.307
PV-002819912128	29.273	PV-002819912128 29.273
PV-002819912129	31.319	PV-002819912129 31.319
PV-002819912130	29.023	PV-002819912130 29.023
PV-002820042618	30.822	PV-002820042618 30.822
PV-002820042619	29.533	PV-002820042619 29.533
PV-002820042620	30.601	PV-002820042620 30.601
PV-002820132693	29.804	PV-002820132693 29.804
PV-002820514558	26.448	PV-002820514558 26.448
PV-002821041583	29.027	PV-002821041583 29.027
PV-002821174303	26.758	PV-002821174303 26.758
PV-002821174304	25.447	PV-002821174304 25.447
PV-002821174305	28.13	PV-002821174305 28.130
PV-002821250572	28.681	PV-002821250572 28.681
PV-002821385275	29.377	PV-002821385275 29.377
PV-002821479707	27.59	PV-002821479707 27.590
PV-002822671782	30.596	PV-002822671782 30.596
PV-002822671783	29.923	PV-002822671783 29.923
PV-002822846113	31.32	PV-002822846113 31.320
PV-002822846114	28.038	PV-002822846114 28.038
PV-002822846115	31.905	PV-002822846115 31.905
PV-002823071317	33.398	PV-002823071317 33.398
PV-002823075818	27.012	PV-002823075818 27.012
PV-002823075819	29.607	PV-002823075819 29.607
PV-002823114121	25.101	PV-002823114121 25.101
PV-002823177764	30.993	PV-002823177764 30.993
PV-002823225309	29.872	PV-002823225309 29.872
PV-002823307173	30.238	PV-002823307173 30.238
PV-002823464828	29.264	PV-002823464828 29.264
PV-002823662854	30.258	PV-002823662854 30.258
PV-002823813428	26.639	PV-002823813428 26.639
PV-002823813429	28.522	PV-002823813429 28.522
PV-002824199460	30.065	PV-002824199460 30.065
PV-002824207699	27.811	PV-002824207699 27.811
PV-002824291758	29.77	PV-002824291758 29.770
PV-002825012645	31.458	PV-002825012645 31.458
PV-002825561139	30.546	PV-002825561139 30.546
PV-002825649403	27.109	PV-002825649403 27.109
PV-002825649404	29.513	PV-002825649404 29.513
PV-002825649405	29.893	PV-002825649405 29.893
PV-002825674031	29.327	PV-002825674031 29.327
PV-002825693470	30.16	PV-002825693470 30.160
PV-002825796983	31.541	PV-002825796983 31.541
PV-003958434206	29.492	PV-003958434206 29.492
PV-003958482633	29.423	PV-003958482633 29.423
PV-003958504755	28.817	PV-003958504755 28.817
PV-003958525287	30.434	PV-003958525287 30.434
PV-003958584153	26.849	PV-003958584153 26.849
PV-003958705634	26.196	PV-003958705634 26.196
PV-003958718784	30.364	PV-003958718784 30.364
PV-003958718785	27.077	PV-003958718785 27.077
PV-003958718786	27.026	PV-003958718786 27.026
PV-003958777898	31.752	PV-003958777898 31.752
PV-003958791572	29.689	PV-003958791572 29.689
PV-003958791573	25.731	PV-003958791573 25.731
PV-003958791574	29.597	PV-003958791574 29.597
PV-003958794940	29.616	PV-003958794940 29.616
PV-003958809436	29.857	PV-003958809436 29.857
PV-003958814952	31.329	PV-003958814952 31.329
PV-003958822312	29.072	PV-003958822312 29.072
PV-003958822313	27.231	PV-003958822313 27.231
PV-003958822314	30.842	PV-003958822314 30.842
PV-003958822315	28.752	PV-003958822315 28.752
PV-003958859902	26.434	PV-003958859902 26.434
PV-003958897728	26.522	PV-003958897728 26.522
PV-003958949477	30.071	PV-003958949477 30.071
PV-003959031879	29.625	PV-003959031879 29.625
PV-003959066394	25.724	PV-003959066394 25.724
PV-003959085665	30.947	PV-003959085665 30.947
PV-003959085666	25.869	PV-003959085666 25.869
PV-003959264658	29.396	PV-003959264658 29.396
PV-003959264659	30.442	PV-003959264659 30.442
PV-003959264660	25.479	PV-003959264660 25.479
PV-003959282655	28.377	PV-003959282655 28.377
PV-003959282656	26.27	PV-003959282656 26.270
PV-003959282657	27.543	PV-003959282657 27.543
PV-003959289629	31.32	PV-003959289629 31.320
PV-003959317991	26.361	PV-003959317991 26.361
PV-003959327982	30.787	PV-003959327982 30.787
PV-003959327983	25.949	PV-003959327983 25.949
PV-003959327984	29.709	PV-003959327984 29.709
PV-003959440893	30.842	PV-003959440893 30.842
PV-003959482532	30.431	PV-003959482532 30.431
PV-003959482533	31.338	PV-003959482533 31.338
PV-003959482534	28.829	PV-003959482534 28.829
PV-003959495486	28.698	PV-003959495486 28.698
PV-003959495487	30.88	PV-003959495487 30.880
PV-003959495488	27.006	PV-003959495488 27.006
PV-003959519255	30.022	PV-003959519255 30.022
PV-003959519256	30.302	PV-003959519256 30.302
PV-003959519257	28.922	PV-003959519257 28.922
PV-003959677450	26.876	PV-003959677450 26.876
PV-003959687263	25.896	PV-003959687263 25.896
PV-003959700884	26.145	PV-003959700884 26.145
PV-003959729007	29.633	PV-003959729007 29.633
PV-003959729008	28.1	PV-003959729008 28.100
PV-003959729009	26.373	PV-003959729009 26.373
PV-003959754048	31.996	PV-003959754048 31.996
PV-003959854089	27.339	PV-003959854089 27.339
PV-003959913902	27.593	PV-003959913902 27.593
PV-003959930283	29.025	PV-003959930283 29.025
PV-003959964905	31.483	PV-003959964905 31.483
PV-003959985600	30.952	PV-003959985600 30.952
PV-003960034760	30.609	PV-003960034760 30.609
PV-003960034761	26.894	PV-003960034761 26.894
PV-003960042590	29.181	PV-003960042590 29.181
PV-003960158463	26.725	PV-003960158463 26.725
PV-003960446742	28.077	PV-003960446742 28.077
PV-003960473214	30.622	PV-003960473214 30.622
PV-003960558512	26.297	PV-003960558512 26.297
PV-003960631496	26.28	PV-003960631496 26.280
PV-003960720839	32.953	PV-003960720839 32.953
PV-003961076301	29.948	PV-003961076301 29.948
PV-003961076302	26.424	PV-003961076302 26.424
PV-003961117540	27.449	PV-003961117540 27.449
PV-003961192921	30.521	PV-003961192921 30.521
PV-003961254864	29.286	PV-003961254864 29.286
PV-003961254865	29.136	PV-003961254865 29.136
PV-003961254866	26.123	PV-003961254866 26.123
PV-003961292575	28.898	PV-003961292575 28.898
PV-003961515222	29.999	PV-003961515222 29.999
PV-003961515223	30.535	PV-003961515223 30.535
PV-003961727321	27.963	PV-003961727321 27.963
PV-003961755800	26.549	PV-003961755800 26.549
PV-003961800143	30.988	PV-003961800143 30.988
PV-003961867369	29.874	PV-003961867369 29.874
PV-003961990310	25.487	PV-003961990310 25.487
PV-003962062689	31.315	PV-003962062689 31.315
PV-003962153584	26.833	PV-003962153584 26.833
PV-003962153585	29.103	PV-003962153585 29.103
PV-003962153586	26.336	PV-003962153586 26.336
PV-003962192622	28.619	PV-003962192622 28.619
PV-003962192623	28.846	PV-003962192623 28.846
PV-003962257979	29.052	PV-003962257979 29.052
PV-003962331191	29.501	PV-003962331191 29.501
PV-003962331192	26.144	PV-003962331192 26.144
PV-003962331193	31.319	PV-003962331193 31.319
PV-003962337761	31.327	PV-003962337761 31.327
PV-003962431775	28.512	PV-003962431775 28.512
PV-003962431776	30.255	PV-003962431776 30.255
PV-003962431777	29.927	PV-003962431777 29.927
PV-003962456525	31.554	PV-003962456525 31.554
PV-003962456526	26.151	PV-003962456526 26.151
PV-003999886049	31.781	PV-003999886049 31.781
PV-003999934836	32.501	PV-003999934836 32.501
PV-004000047835	31.616	PV-004000047835 31.616
PV-004000058692	29.054	PV-004000058692 29.054
PV-004000130172	26.089	PV-004000130172 26.089
PV-004000130173	29.482	PV-004000130173 29.482
PV-004000130174	31.924	PV-004000130174 31.924
PV-004000180027	30.681	PV-004000180027 30.681
PV-004000180028	25.936	PV-004000180028 25.936
PV-004000180029	26.244	PV-004000180029 26.244
PV-004000464416	28.209	PV-004000464416 28.209
PV-004000486070	30.113	PV-004000486070 30.113
PV-004000486071	28.138	PV-004000486071 28.138
PV-004000486072	29.946	PV-004000486072 29.946
PV-004000620511	30.422	PV-004000620511 30.422
PV-004000726742	29.521	PV-004000726742 29.521
PV-004000726743	26.796	PV-004000726743 26.796
PV-004000859732	26.706	PV-004000859732 26.706
PV-004000914850	26.845	PV-004000914850 26.845
PV-004000950273	31.253	PV-004000950273 31.253
PV-004001014684	28.735	PV-004001014684 28.735
PV-004001082147	30.972	PV-004001082147 30.972
PV-004001082148	26.728	PV-004001082148 26.728
PV-004001131802	26.937	PV-004001131802 26.937
PV-004001167097	28.711	PV-004001167097 28.711
PV-004001167098	27.409	PV-004001167098 27.409
PV-004001167099	31.655	PV-004001167099 31.655
PV-004001168820	29.611	PV-004001168820 29.611
PV-004001194371	29.813	PV-004001194371 29.813
PV-004001194372	30.204	PV-004001194372 30.204
PV-004001194373	29.697	PV-004001194373 29.697
PV-004001206401	30.332	PV-004001206401 30.332
PV-004001206402	28.17	PV-004001206402 28.170
PV-004001239812	29.596	PV-004001239812 29.596
PV-004001239813	26.222	PV-004001239813 26.222
PV-004001239814	30.239	PV-004001239814 30.239
PV-004001241390	26.164	PV-004001241390 26.164
PV-004001241391	27.581	PV-004001241391 27.581
PV-004001241392	29.116	PV-004001241392 29.116
PV-004001355009	31.499	PV-004001355009 31.499
PV-004001508813	30.958	PV-004001508813 30.958
PV-004001508814	30.885	PV-004001508814 30.885
PV-004001508815	30.238	PV-004001508815 30.238
PV-004001546858	29.825	PV-004001546858 29.825
PV-004001546860	26.905	PV-004001546860 26.905
PV-004001546861	28.981	PV-004001546861 28.981
PV-004001546863	26.512	PV-004001546863 26.512
PV-004001546864	29.019	PV-004001546864 29.019
PV-004001546865	28.505	PV-004001546865 28.505
PV-004001556470	30.934	PV-004001556470 30.934
PV-004001597917	25.876	PV-004001597917 25.876
PV-004001632936	26.533	PV-004001632936 26.533
PV-004001769188	29.091	PV-004001769188 29.091
PV-004001820464	29.178	PV-004001820464 29.178
PV-004001820465	28.235	PV-004001820465 28.235
PV-004001820466	29.274	PV-004001820466 29.274
PV-004001936303	28.845	PV-004001936303 28.845
PV-004001970598	29.055	PV-004001970598 29.055
PV-004002017077	27.392	PV-004002017077 27.392
PV-004002064829	26.96	PV-004002064829 26.960
PV-004002091448	31.284	PV-004002091448 31.284
PV-004002205297	28.408	PV-004002205297 28.408
PV-004002246643	28.616	PV-004002246643 28.616
PV-004002434218	30.967	PV-004002434218 30.967
PV-004002467107	31.074	PV-004002467107 31.074
PV-004002467108	29.268	PV-004002467108 29.268
PV-004002493591	31.387	PV-004002493591 31.387
PV-004002501368	27.959	PV-004002501368 27.959
PV-004002513564	27.506	PV-004002513564 27.506
PV-004002689275	30.575	PV-004002689275 30.575
PV-004002719551	25.625	PV-004002719551 25.625
PV-004002719552	29.465	PV-004002719552 29.465
PV-004002719553	30.369	PV-004002719553 30.369
PV-004002812588	30.602	PV-004002812588 30.602
PV-004002812589	30.768	PV-004002812589 30.768
PV-004002839540	27.743	PV-004002839540 27.743
PV-004002865563	26.546	PV-004002865563 26.546
PV-004002865564	29.446	PV-004002865564 29.446
PV-004002865565	28.542	PV-004002865565 28.542
PV-004002875637	32.067	PV-004002875637 32.067
PV-004002875638	29.125	PV-004002875638 29.125
PV-004002875639	30.992	PV-004002875639 30.992
PV-004002976311	28.971	PV-004002976311 28.971
PV-004002985858	30.938	PV-004002985858 30.938
PV-004002985859	29.455	PV-004002985859 29.455
PV-004003027534	30.805	PV-004003027534 30.805
PV-004003053165	28.736	PV-004003053165 28.736
PV-004003053166	31.066	PV-004003053166 31.066
PV-004003053167	29.488	PV-004003053167 29.488
PV-004003080065	31.131	PV-004003080065 31.131
PV-004003123575	29.016	PV-004003123575 29.016
PV-004003176997	26.027	PV-004003176997 26.027
PV-004003176998	29.492	PV-004003176998 29.492
PV-004003176999	25.762	PV-004003176999 25.762
PV-004003192485	31.735	PV-004003192485 31.735
PV-004003192486	29.672	PV-004003192486 29.672
PV-004003211550	29.018	PV-004003211550 29.018
PV-004003286481	29.443	PV-004003286481 29.443
PV-004003286482	30.463	PV-004003286482 30.463
PV-004007497527	29.749	PV-004007497527 29.749
PV-004007497528	29.027	PV-004007497528 29.027
PV-004007497529	25.897	PV-004007497529 25.897
PV-004007555960	26.965	PV-004007555960 26.965
PV-004007556205	26.466	PV-004007556205 26.466
PV-004007558029	26.501	PV-004007558029 26.501
PV-004007576037	30.961	PV-004007576037 30.961
PV-004007596595	30.022	PV-004007596595 30.022
PV-004007622311	29.483	PV-004007622311 29.483
PV-004007623556	25.73	PV-004007623556 25.730
PV-004007623557	28.521	PV-004007623557 28.521
PV-004007623558	30.419	PV-004007623558 30.419
PV-004007642528	30.797	PV-004007642528 30.797
PV-004007660569	30.644	PV-004007660569 30.644
PV-004007666418	29.092	PV-004007666418 29.092
PV-004007676770	26.247	PV-004007676770 26.247
PV-004007726309	31.248	PV-004007726309 31.248
PV-004007727023	27.641	PV-004007727023 27.641
PV-004007738483	25.737	PV-004007738483 25.737
PV-004007755631	26.988	PV-004007755631 26.988
PV-004007757375	29.659	PV-004007757375 29.659
PV-004007757376	28.765	PV-004007757376 28.765
PV-004007757377	26.486	PV-004007757377 26.486
PV-004007783068	30.358	PV-004007783068 30.358
PV-004007783069	28.087	PV-004007783069 28.087
PV-004007791993	25.668	PV-004007791993 25.668
PV-004007813434	30.377	PV-004007813434 30.377
PV-004007863660	29.194	PV-004007863660 29.194
PV-004007870961	29.029	PV-004007870961 29.029
PV-004007877185	30.062	PV-004007877185 30.062
PV-004007900598	32.078	PV-004007900598 32.078
PV-004007912073	30.336	PV-004007912073 30.336
PV-004007935239	29.029	PV-004007935239 29.029
PV-004007935240	28.878	PV-004007935240 28.878
PV-004007962067	30.177	PV-004007962067 30.177
PV-004007962757	30.748	PV-004007962757 30.748
PV-004008021232	28.73	PV-004008021232 28.730
PV-004008042258	27.537	PV-004008042258 27.537
PV-004008064738	30.916	PV-004008064738 30.916
PV-004008122202	29.766	PV-004008122202 29.766
PV-004008122203	31.535	PV-004008122203 31.535
PV-004008124208	30.755	PV-004008124208 30.755
PV-004008129658	26.923	PV-004008129658 26.923
PV-004008137761	27.43	PV-004008137761 27.430
PV-004008145406	30.867	PV-004008145406 30.867
PV-004008152905	30.34	PV-004008152905 30.340
PV-004008180198	25.803	PV-004008180198 25.803
PV-004008210224	27.162	PV-004008210224 27.162
PV-004008215239	26.31	PV-004008215239 26.310
PV-004008215240	27.217	PV-004008215240 27.217
PV-004008215241	29.379	PV-004008215241 29.379
PV-004008221395	28.736	PV-004008221395 28.736
PV-004008222306	26.396	PV-004008222306 26.396
PV-004008236879	30.866	PV-004008236879 30.866
PV-004008244073	29.782	PV-004008244073 29.782
PV-004008267412	30.546	PV-004008267412 30.546
PV-004008267413	29.392	PV-004008267413 29.392
PV-004008267414	31.046	PV-004008267414 31.046
PV-004008275665	31.582	PV-004008275665 31.582
PV-004008302138	27.286	PV-004008302138 27.286
PV-004008359799	30.038	PV-004008359799 30.038
PV-004008374684	29.227	PV-004008374684 29.227
PV-004008416028	31.165	PV-004008416028 31.165
PV-004008442576	31.372	PV-004008442576 31.372
PV-004008442577	27.981	PV-004008442577 27.981
PV-004008454711	29.659	PV-004008454711 29.659
PV-004008454712	30.23	PV-004008454712 30.230
PV-004008454713	31.04	PV-004008454713 31.040
PV-004008459607	29.425	PV-004008459607 29.425
PV-004008469313	29.189	PV-004008469313 29.189
PV-004008492562	28.182	PV-004008492562 28.182
PV-004008492563	27.438	PV-004008492563 27.438
PV-004008492564	28.715	PV-004008492564 28.715
PV-004008559406	29.452	PV-004008559406 29.452
PV-004008559407	25.845	PV-004008559407 25.845
PV-004008559408	26.142	PV-004008559408 26.142
PV-004008586443	30.972	PV-004008586443 30.972
PV-004008648832	29.519	PV-004008648832 29.519
PV-004008648833	27.839	PV-004008648833 27.839
PV-004008671540	31.253	PV-004008671540 31.253
PV-004008671541	29.504	PV-004008671541 29.504
PV-004008671542	26.959	PV-004008671542 26.959
PV-004008692760	30.109	PV-004008692760 30.109
PV-004008769962	26.452	PV-004008769962 26.452
PV-004008769963	29.259	PV-004008769963 29.259
PV-004008791453	29.995	PV-004008791453 29.995
PV-004008797822	26.448	PV-004008797822 26.448
PV-004008809508	31.073	PV-004008809508 31.073
PV-004008826953	29.899	PV-004008826953 29.899
PV-004008826954	25.982	PV-004008826954 25.982
PV-004008826955	27.404	PV-004008826955 27.404
PV-004008834462	26.908	PV-004008834462 26.908
PV-004008844556	29.727	PV-004008844556 29.727
PV-004008858992	30.758	PV-004008858992 30.758
PV-004008858993	31.861	PV-004008858993 31.861
PV-004008858994	27.941	PV-004008858994 27.941
PV-004008866987	26.014	PV-004008866987 26.014
PV-004008866988	30.455	PV-004008866988 30.455
PV-004008869867	28.551	PV-004008869867 28.551
PV-004012970995	26.306	PV-004012970995 26.306
PV-004013054004	29.381	PV-004013054004 29.381
PV-004013072616	26.538	PV-004013072616 26.538
PV-004013087973	27.903	PV-004013087973 27.903
PV-004013141278	31.287	PV-004013141278 31.287
PV-004013157187	30.87	PV-004013157187 30.870
PV-004013239336	29.243	PV-004013239336 29.243
PV-004013239337	29.768	PV-004013239337 29.768
PV-004013239338	29.184	PV-004013239338 29.184
PV-004013309509	29.17	PV-004013309509 29.170
PV-004013309510	29.924	PV-004013309510 29.924
PV-004013309511	31.407	PV-004013309511 31.407
PV-004013339218	28.434	PV-004013339218 28.434
PV-004013339220	29.248	PV-004013339220 29.248
PV-004013376921	28.814	PV-004013376921 28.814
PV-004013379634	30.137	PV-004013379634 30.137
PV-004013385434	27.295	PV-004013385434 27.295
PV-004013412416	27.789	PV-004013412416 27.789
PV-004013426251	31.004	PV-004013426251 31.004
PV-004013430945	28.352	PV-004013430945 28.352
PV-004013483474	28.718	PV-004013483474 28.718
PV-004013537433	27.422	PV-004013537433 27.422
PV-004013537434	29.493	PV-004013537434 29.493
PV-004013594010	29.732	PV-004013594010 29.732
PV-004013597835	28.959	PV-004013597835 28.959
PV-004013598328	27.147	PV-004013598328 27.147
PV-004013601556	28.723	PV-004013601556 28.723
PV-004013610646	30.41	PV-004013610646 30.410
PV-004013711480	28.949	PV-004013711480 28.949
PV-004013875297	26.223	PV-004013875297 26.223
PV-004013875298	29.419	PV-004013875298 29.419
PV-004013875299	31.333	PV-004013875299 31.333
PV-004013915202	26.323	PV-004013915202 26.323
PV-004013939174	28.847	PV-004013939174 28.847
PV-004013950789	30.544	PV-004013950789 30.544
PV-004013968043	30.457	PV-004013968043 30.457
PV-004013973986	26.752	PV-004013973986 26.752
PV-004013979471	30.655	PV-004013979471 30.655
PV-004013979472	31.884	PV-004013979472 31.884
PV-004013979473	28.744	PV-004013979473 28.744
PV-004013993090	28.395	PV-004013993090 28.395
PV-004014005207	31.488	PV-004014005207 31.488
PV-004014018474	29.742	PV-004014018474 29.742
PV-004014048354	30.417	PV-004014048354 30.417
PV-004014111712	28.879	PV-004014111712 28.879
PV-004014141324	27.334	PV-004014141324 27.334
PV-004014144293	29.856	PV-004014144293 29.856
PV-004014221498	30.604	PV-004014221498 30.604
PV-004014306298	30.803	PV-004014306298 30.803
PV-004014516613	28.296	PV-004014516613 28.296
PV-004014516614	30.12	PV-004014516614 30.120
PV-004014526720	27.931	PV-004014526720 27.931
PV-004014541472	26.17	PV-004014541472 26.170
PV-004014583516	31.636	PV-004014583516 31.636
PV-004014652925	30.509	PV-004014652925 30.509
PV-004014652926	26.211	PV-004014652926 26.211
PV-004014652927	30.703	PV-004014652927 30.703
PV-004014731625	28.383	PV-004014731625 28.383
PV-004014770672	31.447	PV-004014770672 31.447
PV-004014770673	29.647	PV-004014770673 29.647
PV-004014770674	30.66	PV-004014770674 30.660
PV-004014802199	29.976	PV-004014802199 29.976
PV-004014802200	30.401	PV-004014802200 30.401
PV-004014802201	29.115	PV-004014802201 29.115
PV-004014937361	27.557	PV-004014937361 27.557
PV-004014937362	27.454	PV-004014937362 27.454
PV-004014937363	29.02	PV-004014937363 29.020
PV-004014952635	28.371	PV-004014952635 28.371
PV-004014953424	29.105	PV-004014953424 29.105
PV-004014996981	31.967	PV-004014996981 31.967
PV-004015015415	29.899	PV-004015015415 29.899
PV-004015078207	30.387	PV-004015078207 30.387
PV-004015078208	31.529	PV-004015078208 31.529
PV-004015112627	27.685	PV-004015112627 27.685
PV-004015245266	28.829	PV-004015245266 28.829
PV-004015245267	31.26	PV-004015245267 31.260
PV-004015245268	27.404	PV-004015245268 27.404
PV-004015407946	30.652	PV-004015407946 30.652
PV-004015428485	30.564	PV-004015428485 30.564
PV-004015434301	30.364	PV-004015434301 30.364
PV-004015440703	26.311	PV-004015440703 26.311
PV-004015440704	29.478	PV-004015440704 29.478
PV-004015440705	27.01	PV-004015440705 27.010
PV-004015486374	29.492	PV-004015486374 29.492
PV-004015547032	29.805	PV-004015547032 29.805
PV-004015547033	28.631	PV-004015547033 28.631
PV-004015561164	29.375	PV-004015561164 29.375
PV-004015613962	29.979	PV-004015613962 29.979
PV-004015645732	30.409	PV-004015645732 30.409
PV-004015655660	31.027	PV-004015655660 31.027
PV-004015655661	27.526	PV-004015655661 27.526
PV-004015655662	29.96	PV-004015655662 29.960
PV-004015727307	27.317	PV-004015727307 27.317
PV-004015789546	26.213	PV-004015789546 26.213
PV-004015789547	25.767	PV-004015789547 25.767
PV-004015864841	30.846	PV-004015864841 30.846
PV-004015864842	30.735	PV-004015864842 30.735
PV-004015864843	26.157	PV-004015864843 26.157
PV-004015913064	29.144	PV-004015913064 29.144
PV-004015995917	31.068	PV-004015995917 31.068
PV-004020243040	29.129	PV-004020243040 29.129
PV-004020260904	26.737	PV-004020260904 26.737
PV-004020260905	30.255	PV-004020260905 30.255
PV-004020260906	31.013	PV-004020260906 31.013
PV-004020304020	30.679	PV-004020304020 30.679
PV-004020448910	31.375	PV-004020448910 31.375
PV-004020448911	28.852	PV-004020448911 28.852
PV-004020448912	30.059	PV-004020448912 30.059
PV-004020567815	27.25	PV-004020567815 27.250
PV-004020587867	29.479	PV-004020587867 29.479
PV-004020650429	29.695	PV-004020650429 29.695
PV-004020650430	29.61	PV-004020650430 29.610
PV-004020696654	27.903	PV-004020696654 27.903
PV-004020715720	30.694	PV-004020715720 30.694
PV-004020715721	25.897	PV-004020715721 25.897
PV-004020715722	30.573	PV-004020715722 30.573
PV-004020729580	28.881	PV-004020729580 28.881
PV-004020803906	31.811	PV-004020803906 31.811
PV-004020803907	30.541	PV-004020803907 30.541
PV-004020803908	29.069	PV-004020803908 29.069
PV-004020803909	30.296	PV-004020803909 30.296
PV-004020871087	29.69	PV-004020871087 29.690
PV-004020871088	29.646	PV-004020871088 29.646
PV-004020871089	30.467	PV-004020871089 30.467
PV-004020959237	30.604	PV-004020959237 30.604
PV-004020978466	27.636	PV-004020978466 27.636
PV-004021211409	28.829	PV-004021211409 28.829
PV-004021211410	29.452	PV-004021211410 29.452
PV-004021211411	31.344	PV-004021211411 31.344
PV-004021259841	25.557	PV-004021259841 25.557
PV-004021348706	30.823	PV-004021348706 30.823
PV-004021348707	28.697	PV-004021348707 28.697
PV-004021348708	30.78	PV-004021348708 30.780
PV-004021555499	26.423	PV-004021555499 26.423
PV-004021584126	30.251	PV-004021584126 30.251
PV-004021584127	29.53	PV-004021584127 29.530
PV-004021584128	28.31	PV-004021584128 28.310
PV-004021642762	29.893	PV-004021642762 29.893
PV-004021642763	26.684	PV-004021642763 26.684
PV-004021642764	31.072	PV-004021642764 31.072
PV-004021721363	29.089	PV-004021721363 29.089
PV-004021724057	30.595	PV-004021724057 30.595
PV-004021783645	31.069	PV-004021783645 31.069
PV-004021823248	28.746	PV-004021823248 28.746
PV-004021823249	30.584	PV-004021823249 30.584
PV-004021857583	30.23	PV-004021857583 30.230
PV-004021857584	29.283	PV-004021857584 29.283
PV-004021877975	26.294	PV-004021877975 26.294
PV-004021968204	27.174	PV-004021968204 27.174
PV-004022000416	28.686	PV-004022000416 28.686
PV-004022000417	29.225	PV-004022000417 29.225
PV-004022000418	29.828	PV-004022000418 29.828
PV-004022104994	27.422	PV-004022104994 27.422
PV-004022154860	28.862	PV-004022154860 28.862
PV-004022206253	29.149	PV-004022206253 29.149
PV-004022297284	26.641	PV-004022297284 26.641
PV-004022370005	29.202	PV-004022370005 29.202
PV-004022430872	29.544	PV-004022430872 29.544
PV-004022430873	32.627	PV-004022430873 32.627
PV-004022468639	29.097	PV-004022468639 29.097
PV-004022561617	29.123	PV-004022561617 29.123
PV-004022580683	26.397	PV-004022580683 26.397
PV-004022580684	30.805	PV-004022580684 30.805
PV-004022580685	30.436	PV-004022580685 30.436
PV-004022582186	29.319	PV-004022582186 29.319
PV-004022619915	29.848	PV-004022619915 29.848
PV-004022671836	28.012	PV-004022671836 28.012
PV-004022671837	30.966	PV-004022671837 30.966
PV-004022693341	25.63	PV-004022693341 25.630
PV-004022693342	29.799	PV-004022693342 29.799
PV-004022755276	30.736	PV-004022755276 30.736
PV-004022782075	30.909	PV-004022782075 30.909
PV-004022853783	26.021	PV-004022853783 26.021
PV-004023001620	30.425	PV-004023001620 30.425
PV-004023001621	31.545	PV-004023001621 31.545
PV-004023001622	27.178	PV-004023001622 27.178
PV-004023053440	31.682	PV-004023053440 31.682
PV-004023057536	28.768	PV-004023057536 28.768
PV-004023062860	28.595	PV-004023062860 28.595
PV-004023161551	30.021	PV-004023161551 30.021
PV-004023197259	30.668	PV-004023197259 30.668
PV-004023197260	28.924	PV-004023197260 28.924
PV-004023197261	25.691	PV-004023197261 25.691
PV-004023208920	30.044	PV-004023208920 30.044
PV-004023224192	25.92	PV-004023224192 25.920
PV-004023304614	30.563	PV-004023304614 30.563
PV-004023339161	26.664	PV-004023339161 26.664
PV-004023345309	28.801	PV-004023345309 28.801
PV-004023345310	26.848	PV-004023345310 26.848
PV-004023345311	27.688	PV-004023345311 27.688
PV-004023366442	29.437	PV-004023366442 29.437
PV-004023376957	29.907	PV-004023376957 29.907
PV-004023385257	30.92	PV-004023385257 30.920
PV-004023440532	29.673	PV-004023440532 29.673
PV-004023440533	29.334	PV-004023440533 29.334
PV-004023532316	28.097	PV-004023532316 28.097
PV-004023591393	30.812	PV-004023591393 30.812
PV-004023591394	29.404	PV-004023591394 29.404
PV-004023591395	28.987	PV-004023591395 28.987
PV-004023647080	28.914	PV-004023647080 28.914
PV-004004589961	30.427	PV-004004589961 30.427
PV-004004589962	31.291	PV-004004589962 31.291
PV-004004654359	31.425	PV-004004654359 31.425
PV-004004654360	29.777	PV-004004654360 29.777
PV-004004658856	30.212	PV-004004658856 30.212
PV-004004658857	32.232	PV-004004658857 32.232
PV-004004696867	29.26	PV-004004696867 29.260
PV-004004754967	26.808	PV-004004754967 26.808
PV-004004763426	26.626	PV-004004763426 26.626
PV-004004814901	30.261	PV-004004814901 30.261
PV-004004837492	27.117	PV-004004837492 27.117
PV-004004841647	30.556	PV-004004841647 30.556
PV-004004925013	31.45	PV-004004925013 31.450
PV-004004925014	28.598	PV-004004925014 28.598
PV-004004966740	29.759	PV-004004966740 29.759
PV-004004966742	30.459	PV-004004966742 30.459
PV-004004991042	28.813	PV-004004991042 28.813
PV-004005027580	29.817	PV-004005027580 29.817
PV-004005039432	29.328	PV-004005039432 29.328
PV-004005050746	30.646	PV-004005050746 30.646
PV-004005066212	31.273	PV-004005066212 31.273
PV-004005098631	31.465	PV-004005098631 31.465
PV-004005098632	31.121	PV-004005098632 31.121
PV-004005098633	28.064	PV-004005098633 28.064
PV-004005102449	29.413	PV-004005102449 29.413
PV-004005134287	30.512	PV-004005134287 30.512
PV-004005137960	27.432	PV-004005137960 27.432
PV-004005166367	30.434	PV-004005166367 30.434
PV-004005186390	29.79	PV-004005186390 29.790
PV-004005252878	29.318	PV-004005252878 29.318
PV-004005252879	25.929	PV-004005252879 25.929
PV-004005303579	30.748	PV-004005303579 30.748
PV-004005303580	29.979	PV-004005303580 29.979
PV-004005303581	31.257	PV-004005303581 31.257
PV-004005352605	30.077	PV-004005352605 30.077
PV-004005358064	28.792	PV-004005358064 28.792
PV-004005358065	30.888	PV-004005358065 30.888
PV-004005358066	28.113	PV-004005358066 28.113
PV-004005370526	29.833	PV-004005370526 29.833
PV-004005396113	30.478	PV-004005396113 30.478
PV-004005449264	29.242	PV-004005449264 29.242
PV-004005449265	31.289	PV-004005449265 31.289
PV-004005449266	29.569	PV-004005449266 29.569
PV-004005471868	25.734	PV-004005471868 25.734
PV-004005484148	28.289	PV-004005484148 28.289
PV-004005484149	27.191	PV-004005484149 27.191
PV-004005484150	30.087	PV-004005484150 30.087
PV-004005485150	30.654	PV-004005485150 30.654
PV-004005485151	27.447	PV-004005485151 27.447
PV-004005485152	29.503	PV-004005485152 29.503
PV-004005491664	29.515	PV-004005491664 29.515
PV-004005498628	29.444	PV-004005498628 29.444
PV-004005530050	29.257	PV-004005530050 29.257
PV-004005530051	25.792	PV-004005530051 25.792
PV-004005530052	27.438	PV-004005530052 27.438
PV-004005555168	29.542	PV-004005555168 29.542
PV-004005555169	31.732	PV-004005555169 31.732
PV-004005585737	29.393	PV-004005585737 29.393
PV-004005618172	30.014	PV-004005618172 30.014
PV-004005637912	29.651	PV-004005637912 29.651
PV-004005637913	32.134	PV-004005637913 32.134
PV-004005637914	25.553	PV-004005637914 25.553
PV-004005644745	29.558	PV-004005644745 29.558
PV-004005644746	29.805	PV-004005644746 29.805
PV-004005644747	26.114	PV-004005644747 26.114
PV-004005678188	30.074	PV-004005678188 30.074
PV-004005678189	31.177	PV-004005678189 31.177
PV-004005730086	31.598	PV-004005730086 31.598
PV-004005735208	29.038	PV-004005735208 29.038
PV-004005751958	29.376	PV-004005751958 29.376
PV-004005767111	25.413	PV-004005767111 25.413
PV-004005783836	25.941	PV-004005783836 25.941
PV-004005801912	28.591	PV-004005801912 28.591
PV-004005833080	29.187	PV-004005833080 29.187
PV-004005848438	28.951	PV-004005848438 28.951
PV-004005867711	29.115	PV-004005867711 29.115
PV-004005867712	30.011	PV-004005867712 30.011
PV-004005867713	30.878	PV-004005867713 30.878
PV-004005903464	31.147	PV-004005903464 31.147
PV-004005919491	29.491	PV-004005919491 29.491
PV-004005923965	29.784	PV-004005923965 29.784
PV-004005934341	28.861	PV-004005934341 28.861
PV-004005937727	31.638	PV-004005937727 31.638
PV-004005937728	30.49	PV-004005937728 30.490
PV-004005937729	29.985	PV-004005937729 29.985
PV-004005976052	28.802	PV-004005976052 28.802
PV-004005983007	29.193	PV-004005983007 29.193
PV-004005983008	26.073	PV-004005983008 26.073
PV-004005983009	28.572	PV-004005983009 28.572
PV-004006031808	29.821	PV-004006031808 29.821
PV-004006031809	29.86	PV-004006031809 29.860
PV-004006035391	30.32	PV-004006035391 30.320
PV-004006035392	26.025	PV-004006035392 26.025
PV-004006036101	29.14	PV-004006036101 29.140
PV-004006037681	28.804	PV-004006037681 28.804
PV-004006063365	28.064	PV-004006063365 28.064
PV-004006109615	31.044	PV-004006109615 31.044
PV-004006114913	30.663	PV-004006114913 30.663
PV-004006114914	28.886	PV-004006114914 28.886
PV-004006133191	25.681	PV-004006133191 25.681
PV-004006145296	32.329	PV-004006145296 32.329
PV-004006153547	30.248	PV-004006153547 30.248
PV-004006182613	28.761	PV-004006182613 28.761
PV-004006182614	26.42	PV-004006182614 26.420
PV-004006182615	26.658	PV-004006182615 26.658
PV-004006244929	30.817	PV-004006244929 30.817
PV-004006323431	29.841	PV-004006323431 29.841
PV-004006323432	25.971	PV-004006323432 25.971
PV-004006323433	29.185	PV-004006323433 29.185
PV-004006354277	27.577	PV-004006354277 27.577
PV-004006356387	30.685	PV-004006356387 30.685
PV-004006356388	30.998	PV-004006356388 30.998
PV-004006356389	27.622	PV-004006356389 27.622
PV-004006374908	30.011	PV-004006374908 30.011
PV-004006374909	27.408	PV-004006374909 27.408
PV-004006374910	29.417	PV-004006374910 29.417
PV-004006381586	32.062	PV-004006381586 32.062
PV-004006411800	26.13	PV-004006411800 26.130
PV-004006434347	29.531	PV-004006434347 29.531
PV-004006434348	26.629	PV-004006434348 26.629
PV-004006434349	29.852	PV-004006434349 29.852
PV-004006439441	30.727	PV-004006439441 30.727
PV-004006439442	29.288	PV-004006439442 29.288
PV-004006461149	31.413	PV-004006461149 31.413
PV-004006461150	30.713	PV-004006461150 30.713
PV-004006461151	26.455	PV-004006461151 26.455
PV-004006472248	31.239	PV-004006472248 31.239
PV-004006486940	29.181	PV-004006486940 29.181
PV-004006542488	30.552	PV-004006542488 30.552
PV-004006542489	31.957	PV-004006542489 31.957
PV-004006542490	29.864	PV-004006542490 29.864
PV-004006586403	26.35	PV-004006586403 26.350
PV-004006586404	26.43	PV-004006586404 26.430
PV-004006586405	30.991	PV-004006586405 30.991
PV-004006596299	26.417	PV-004006596299 26.417
PV-004006615263	30.658	PV-004006615263 30.658
PV-004006667249	30.333	PV-004006667249 30.333
PV-004006673515	26.648	PV-004006673515 26.648
PV-004006677373	26.608	PV-004006677373 26.608
PV-004006677374	29.238	PV-004006677374 29.238
PV-004006677375	29.973	PV-004006677375 29.973
PV-004006686944	26.73	PV-004006686944 26.730
PV-004006686945	30.764	PV-004006686945 30.764
PV-004006686946	25.774	PV-004006686946 25.774
PV-004006702163	31.773	PV-004006702163 31.773
PV-004006707238	26.305	PV-004006707238 26.305
PV-004006707239	26.427	PV-004006707239 26.427
PV-004006707240	32.268	PV-004006707240 32.268
PV-004006742547	29.0	PV-004006742547 29.000
PV-004006785109	29.475	PV-004006785109 29.475
PV-004006785110	32.627	PV-004006785110 32.627
PV-004006785111	31.153	PV-004006785111 31.153
PV-004006810987	27.406	PV-004006810987 27.406
PV-004006816837	30.105	PV-004006816837 30.105
PV-004006852084	31.373	PV-004006852084 31.373
PV-004006862754	26.83	PV-004006862754 26.830
PV-004006864302	26.521	PV-004006864302 26.521
PV-004006864303	25.541	PV-004006864303 25.541
PV-004006868692	29.863	PV-004006868692 29.863
PV-004006868693	29.837	PV-004006868693 29.837
PV-004006868694	27.286	PV-004006868694 27.286
PV-004006871406	26.354	PV-004006871406 26.354
PV-004006871407	28.911	PV-004006871407 28.911
PV-004006871408	30.802	PV-004006871408 30.802
PV-004006890650	26.66	PV-004006890650 26.660
PV-004006890651	31.166	PV-004006890651 31.166
PV-004006900580	29.443	PV-004006900580 29.443
PV-004006932951	32.133	PV-004006932951 32.133
PV-004006932952	27.848	PV-004006932952 27.848
PV-004006932953	27.292	PV-004006932953 27.292
PV-004006966458	26.931	PV-004006966458 26.931
PV-004006966459	31.544	PV-004006966459 31.544
PV-004006972735	30.802	PV-004006972735 30.802
PV-004006972736	31.61	PV-004006972736 31.610
PV-004007074619	30.432	PV-004007074619 30.432
PV-004007075668	26.254	PV-004007075668 26.254
PV-004007090934	25.924	PV-004007090934 25.924
PV-004007123766	28.907	PV-004007123766 28.907
PV-004007123767	31.998	PV-004007123767 31.998
PV-004007123768	31.8	PV-004007123768 31.800
PV-004007137725	30.166	PV-004007137725 30.166
PV-004007159458	29.57	PV-004007159458 29.570
PV-004007162992	26.669	PV-004007162992 26.669
PV-004007225377	25.883	PV-004007225377 25.883
PV-004007225378	27.369	PV-004007225378 27.369
PV-004007225379	30.283	PV-004007225379 30.283
PV-004007244027	30.889	PV-004007244027 30.889
PV-004007244028	27.132	PV-004007244028 27.132
PV-004007253400	30.387	PV-004007253400 30.387
PV-004007253401	31.255	PV-004007253401 31.255
PV-004007292534	30.005	PV-004007292534 30.005
PV-004007292535	29.808	PV-004007292535 29.808
PV-004007292536	30.05	PV-004007292536 30.050
PV-004007346531	28.111	PV-004007346531 28.111
PV-004007346532	31.599	PV-004007346532 31.599
PV-004007346533	31.115	PV-004007346533 31.115
PV-004007371570	30.132	PV-004007371570 30.132
PV-004007371571	30.682	PV-004007371571 30.682
PV-004007401489	31.379	PV-004007401489 31.379
PV-004007471809	26.894	PV-004007471809 26.894
PV-004008904406	29.827	PV-004008904406 29.827
PV-004008916283	28.765	PV-004008916283 28.765
PV-004008944073	31.029	PV-004008944073 31.029
PV-004008995170	31.127	PV-004008995170 31.127
PV-004008995171	31.606	PV-004008995171 31.606
PV-004009019381	30.68	PV-004009019381 30.680
PV-004009019382	30.884	PV-004009019382 30.884
PV-004009027913	26.518	PV-004009027913 26.518
PV-004009027914	30.303	PV-004009027914 30.303
PV-004009027915	29.073	PV-004009027915 29.073
PV-004009042384	29.145	PV-004009042384 29.145
PV-004009063545	30.819	PV-004009063545 30.819
PV-004009068214	29.934	PV-004009068214 29.934
PV-004009070913	30.156	PV-004009070913 30.156
PV-004009076010	31.496	PV-004009076010 31.496
PV-004009076011	27.571	PV-004009076011 27.571
PV-004009094832	27.499	PV-004009094832 27.499
PV-004009121574	31.232	PV-004009121574 31.232
PV-004009164524	31.598	PV-004009164524 31.598
PV-004009164525	28.603	PV-004009164525 28.603
PV-004009164526	26.085	PV-004009164526 26.085
PV-004009173466	29.178	PV-004009173466 29.178
PV-004009177483	29.547	PV-004009177483 29.547
PV-004009177484	27.713	PV-004009177484 27.713
PV-004009177485	26.623	PV-004009177485 26.623
PV-004009189466	29.112	PV-004009189466 29.112
PV-004009199987	30.373	PV-004009199987 30.373
PV-004009199988	31.993	PV-004009199988 31.993
PV-004009199989	28.331	PV-004009199989 28.331
PV-004009203133	30.029	PV-004009203133 30.029
PV-004009255436	27.453	PV-004009255436 27.453
PV-004009323366	26.514	PV-004009323366 26.514
PV-004009338035	27.263	PV-004009338035 27.263
PV-004009338036	28.327	PV-004009338036 28.327
PV-004009338037	26.927	PV-004009338037 26.927
PV-004009377704	27.25	PV-004009377704 27.250
PV-004009455851	29.54	PV-004009455851 29.540
PV-004009503051	29.323	PV-004009503051 29.323
PV-004009530443	30.879	PV-004009530443 30.879
PV-004009530444	29.408	PV-004009530444 29.408
PV-004009530445	26.437	PV-004009530445 26.437
PV-004009573149	28.281	PV-004009573149 28.281
PV-004009578315	29.332	PV-004009578315 29.332
PV-004009596605	28.847	PV-004009596605 28.847
PV-004009620711	25.651	PV-004009620711 25.651
PV-004009620712	27.19	PV-004009620712 27.190
PV-004009620713	31.104	PV-004009620713 31.104
PV-004009634551	29.718	PV-004009634551 29.718
PV-004009643166	28.796	PV-004009643166 28.796
PV-004009643167	31.329	PV-004009643167 31.329
PV-004009655218	29.77	PV-004009655218 29.770
PV-004009691170	30.688	PV-004009691170 30.688
PV-004009691171	30.971	PV-004009691171 30.971
PV-004009692702	31.288	PV-004009692702 31.288
PV-004009692703	25.762	PV-004009692703 25.762
PV-004009710760	31.349	PV-004009710760 31.349
PV-004009710761	30.4	PV-004009710761 30.400
PV-004009710762	26.698	PV-004009710762 26.698
PV-004009718348	25.987	PV-004009718348 25.987
PV-004009718349	29.934	PV-004009718349 29.934
PV-004009718350	29.54	PV-004009718350 29.540
PV-004009816627	27.802	PV-004009816627 27.802
PV-004009817207	28.425	PV-004009817207 28.425
PV-004009817526	26.385	PV-004009817526 26.385
PV-004009819865	25.358	PV-004009819865 25.358
PV-004009862231	29.508	PV-004009862231 29.508
PV-004009874911	27.478	PV-004009874911 27.478
PV-004009874912	30.205	PV-004009874912 30.205
PV-004009901651	29.601	PV-004009901651 29.601
PV-004009908763	29.046	PV-004009908763 29.046
PV-004009937698	26.141	PV-004009937698 26.141
PV-004009937699	26.099	PV-004009937699 26.099
PV-004009973710	29.441	PV-004009973710 29.441
PV-004009999220	28.622	PV-004009999220 28.622
PV-004010031586	29.704	PV-004010031586 29.704
PV-004010053439	32.482	PV-004010053439 32.482
PV-004010053440	25.585	PV-004010053440 25.585
PV-004010053441	31.533	PV-004010053441 31.533
PV-004010090881	28.491	PV-004010090881 28.491
PV-004010092073	30.218	PV-004010092073 30.218
PV-004010122298	28.52	PV-004010122298 28.520
PV-004010127232	28.025	PV-004010127232 28.025
PV-004010127233	30.371	PV-004010127233 30.371
PV-004010127234	29.579	PV-004010127234 29.579
PV-004010138255	30.872	PV-004010138255 30.872
PV-004010139873	27.351	PV-004010139873 27.351
PV-004010139874	26.586	PV-004010139874 26.586
PV-004010139875	28.863	PV-004010139875 28.863
PV-004010140423	30.105	PV-004010140423 30.105
PV-004010140424	30.541	PV-004010140424 30.541
PV-004010180525	27.822	PV-004010180525 27.822
PV-004010245207	28.333	PV-004010245207 28.333
PV-004010251903	25.758	PV-004010251903 25.758
PV-004010261324	25.485	PV-004010261324 25.485
PV-004010288474	30.446	PV-004010288474 30.446
PV-004010334840	25.68	PV-004010334840 25.680
PV-004010345459	25.903	PV-004010345459 25.903
PV-004010374969	29.848	PV-004010374969 29.848
PV-004010387992	28.582	PV-004010387992 28.582
PV-004010424878	25.508	PV-004010424878 25.508
PV-004010471835	29.509	PV-004010471835 29.509
PV-004010471836	31.745	PV-004010471836 31.745
PV-004010532318	27.452	PV-004010532318 27.452
PV-004010621663	26.402	PV-004010621663 26.402
PV-004010621664	27.16	PV-004010621664 27.160
PV-004010621665	28.603	PV-004010621665 28.603
PV-004010644314	28.687	PV-004010644314 28.687
PV-004010644315	30.059	PV-004010644315 30.059
PV-004010644316	30.869	PV-004010644316 30.869
PV-004010698204	29.282	PV-004010698204 29.282
PV-004010709293	26.163	PV-004010709293 26.163
PV-004010741380	26.135	PV-004010741380 26.135
PV-004010747776	27.766	PV-004010747776 27.766
PV-004010749058	30.977	PV-004010749058 30.977
PV-004010749059	31.389	PV-004010749059 31.389
PV-004010749060	30.495	PV-004010749060 30.495
PV-004010764130	28.946	PV-004010764130 28.946
PV-004010764131	26.03	PV-004010764131 26.030
PV-004010764132	29.616	PV-004010764132 29.616
PV-004010769026	30.908	PV-004010769026 30.908
PV-004010799531	29.175	PV-004010799531 29.175
PV-004010806918	31.848	PV-004010806918 31.848
PV-004010806919	31.251	PV-004010806919 31.251
PV-004010806920	28.551	PV-004010806920 28.551
PV-004010865358	29.076	PV-004010865358 29.076
PV-004010868007	30.476	PV-004010868007 30.476
PV-004010899617	28.679	PV-004010899617 28.679
PV-004010994071	26.193	PV-004010994071 26.193
PV-004010994072	30.98	PV-004010994072 30.980
PV-004010994073	30.595	PV-004010994073 30.595
PV-004011005191	30.968	PV-004011005191 30.968
PV-004011005192	30.941	PV-004011005192 30.941
PV-004011116660	25.567	PV-004011116660 25.567
PV-004011116661	29.152	PV-004011116661 29.152
PV-004011116662	30.444	PV-004011116662 30.444
PV-004011152545	28.925	PV-004011152545 28.925
PV-004011217220	27.304	PV-004011217220 27.304
PV-004011269811	30.19	PV-004011269811 30.190
PV-004011296327	30.296	PV-004011296327 30.296
PV-004011337696	30.603	PV-004011337696 30.603
PV-004011366292	25.438	PV-004011366292 25.438
PV-004011366944	28.309	PV-004011366944 28.309
PV-004011409258	25.865	PV-004011409258 25.865
PV-004011558038	30.04	PV-004011558038 30.040
PV-004011558039	29.482	PV-004011558039 29.482
PV-004011558040	25.275	PV-004011558040 25.275
PV-004011581132	30.206	PV-004011581132 30.206
PV-004011583415	31.838	PV-004011583415 31.838
PV-004011598988	31.317	PV-004011598988 31.317
PV-004011600186	26.465	PV-004011600186 26.465
PV-004011650580	30.54	PV-004011650580 30.540
PV-004011723383	29.343	PV-004011723383 29.343
PV-004011723384	26.83	PV-004011723384 26.830
PV-004011723385	31.369	PV-004011723385 31.369
PV-004011818234	26.865	PV-004011818234 26.865
PV-004011889174	31.426	PV-004011889174 31.426
PV-004011890225	31.288	PV-004011890225 31.288
PV-004011890226	28.926	PV-004011890226 28.926
PV-004011890227	31.616	PV-004011890227 31.616
PV-004011914742	31.503	PV-004011914742 31.503
PV-004011914743	26.902	PV-004011914743 26.902
PV-004011914744	29.185	PV-004011914744 29.185
PV-004011915106	26.049	PV-004011915106 26.049
PV-004011915107	31.39	PV-004011915107 31.390
PV-004011915108	26.36	PV-004011915108 26.360
PV-004011926891	28.683	PV-004011926891 28.683
PV-004011941470	31.052	PV-004011941470 31.052
PV-004011958666	28.434	PV-004011958666 28.434
PV-004011960840	29.003	PV-004011960840 29.003
PV-004011960841	30.043	PV-004011960841 30.043
PV-004011960842	31.235	PV-004011960842 31.235
PV-004011984753	31.215	PV-004011984753 31.215
PV-004012080346	30.002	PV-004012080346 30.002
PV-004012105098	30.284	PV-004012105098 30.284
PV-004012105099	27.116	PV-004012105099 27.116
PV-004012117076	30.638	PV-004012117076 30.638
PV-004012117077	29.621	PV-004012117077 29.621
PV-004012117078	29.323	PV-004012117078 29.323
PV-004012161914	30.819	PV-004012161914 30.819
PV-004012184989	30.62	PV-004012184989 30.620
PV-004012253450	26.691	PV-004012253450 26.691
PV-004012266898	30.28	PV-004012266898 30.280
PV-004012280053	28.329	PV-004012280053 28.329
PV-004012335357	29.203	PV-004012335357 29.203
PV-004012341507	25.949	PV-004012341507 25.949
PV-004012341508	30.753	PV-004012341508 30.753
PV-004012341509	26.831	PV-004012341509 26.831
PV-004012351231	31.909	PV-004012351231 31.909
PV-004012359499	29.721	PV-004012359499 29.721
PV-004012788970	29.423	PV-004012788970 29.423
PV-004012806489	26.584	PV-004012806489 26.584
PV-004012806490	26.819	PV-004012806490 26.819
PV-004012806491	32.121	PV-004012806491 32.121
PV-004012853028	26.498	PV-004012853028 26.498
PV-004012853029	31.592	PV-004012853029 31.592
PV-004012853030	30.37	PV-004012853030 30.370
PV-004012865565	30.635	PV-004012865565 30.635
PV-004016028756	31.289	PV-004016028756 31.289
PV-004016041403	30.768	PV-004016041403 30.768
PV-004016061053	29.967	PV-004016061053 29.967
PV-004016108933	29.568	PV-004016108933 29.568
PV-004016132168	30.083	PV-004016132168 30.083
PV-004016147875	29.967	PV-004016147875 29.967
PV-004016147876	31.119	PV-004016147876 31.119
PV-004016147877	28.341	PV-004016147877 28.341
PV-004016148451	29.986	PV-004016148451 29.986
PV-004016303723	30.124	PV-004016303723 30.124
PV-004016413736	30.723	PV-004016413736 30.723
PV-004016413737	29.833	PV-004016413737 29.833
PV-004016413738	30.274	PV-004016413738 30.274
PV-004016543384	25.899	PV-004016543384 25.899
PV-004016613703	31.373	PV-004016613703 31.373
PV-004016622395	29.797	PV-004016622395 29.797
PV-004016629256	25.227	PV-004016629256 25.227
PV-004016629257	29.41	PV-004016629257 29.410
PV-004016629258	31.789	PV-004016629258 31.789
PV-004016633950	29.461	PV-004016633950 29.461
PV-004016906835	31.46	PV-004016906835 31.460
PV-004016906836	29.895	PV-004016906836 29.895
PV-004016906837	29.528	PV-004016906837 29.528
PV-004017076837	28.253	PV-004017076837 28.253
PV-004017111936	29.082	PV-004017111936 29.082
PV-004017111937	29.556	PV-004017111937 29.556
PV-004017134912	31.221	PV-004017134912 31.221
PV-004017139928	27.952	PV-004017139928 27.952
PV-004017187680	26.661	PV-004017187680 26.661
PV-004017187681	30.795	PV-004017187681 30.795
PV-004017187682	29.457	PV-004017187682 29.457
PV-004017192084	25.995	PV-004017192084 25.995
PV-004017328603	30.155	PV-004017328603 30.155
PV-004017444107	29.493	PV-004017444107 29.493
PV-004017467908	29.581	PV-004017467908 29.581
PV-004017467909	31.479	PV-004017467909 31.479
PV-004017467910	30.183	PV-004017467910 30.183
PV-004017572150	30.863	PV-004017572150 30.863
PV-004017572151	28.486	PV-004017572151 28.486
PV-004017572152	29.022	PV-004017572152 29.022
PV-004017624555	30.337	PV-004017624555 30.337
PV-004017625070	28.832	PV-004017625070 28.832
PV-004017625071	32.074	PV-004017625071 32.074
PV-004017625072	29.235	PV-004017625072 29.235
PV-004017625073	28.99	PV-004017625073 28.990
PV-004017625074	27.867	PV-004017625074 27.867
PV-004017625075	30.721	PV-004017625075 30.721
PV-004017646310	27.431	PV-004017646310 27.431
PV-004017662363	28.066	PV-004017662363 28.066
PV-004017676732	26.636	PV-004017676732 26.636
PV-004017701280	30.461	PV-004017701280 30.461
PV-004017741194	30.765	PV-004017741194 30.765
PV-004017842889	32.719	PV-004017842889 32.719
PV-004018081300	26.892	PV-004018081300 26.892
PV-004018153595	29.658	PV-004018153595 29.658
PV-004018257578	29.379	PV-004018257578 29.379
PV-004018301372	26.046	PV-004018301372 26.046
PV-004018318468	30.358	PV-004018318468 30.358
PV-004018331772	26.113	PV-004018331772 26.113
PV-004018428781	29.958	PV-004018428781 29.958
PV-004018547908	26.957	PV-004018547908 26.957
PV-004018569192	26.508	PV-004018569192 26.508
PV-004018569193	30.379	PV-004018569193 30.379
PV-004018569194	26.793	PV-004018569194 26.793
PV-004018620505	25.44	PV-004018620505 25.440
PV-004018688624	31.212	PV-004018688624 31.212
PV-004018792037	28.714	PV-004018792037 28.714
PV-004018792038	31.453	PV-004018792038 31.453
PV-004018792039	29.06	PV-004018792039 29.060
PV-004018978680	28.76	PV-004018978680 28.760
PV-004018981418	31.593	PV-004018981418 31.593
PV-004019037069	29.976	PV-004019037069 29.976
PV-004019037070	29.473	PV-004019037070 29.473
PV-004019037071	26.537	PV-004019037071 26.537
PV-004019211052	27.04	PV-004019211052 27.040
PV-004019211053	30.759	PV-004019211053 30.759
PV-004019211054	27.481	PV-004019211054 27.481
PV-004019347681	29.024	PV-004019347681 29.024
PV-004019403620	29.84	PV-004019403620 29.840
PV-004019445466	26.494	PV-004019445466 26.494
PV-004019445467	31.126	PV-004019445467 31.126
PV-004019445468	28.729	PV-004019445468 28.729
PV-004019457198	25.983	PV-004019457198 25.983
PV-004019471489	29.625	PV-004019471489 29.625
PV-004019509506	29.079	PV-004019509506 29.079
PV-004019509507	30.249	PV-004019509507 30.249
PV-004019509508	28.786	PV-004019509508 28.786
PV-004019526456	31.69	PV-004019526456 31.690
PV-004019531125	31.777	PV-004019531125 31.777
PV-004019531126	31.604	PV-004019531126 31.604
PV-004019531127	28.663	PV-004019531127 28.663
PV-004019531414	30.217	PV-004019531414 30.217
PV-004019537813	29.309	PV-004019537813 29.309
PV-004019566091	30.072	PV-004019566091 30.072
PV-004019597424	30.672	PV-004019597424 30.672
PV-004019703004	29.937	PV-004019703004 29.937
PV-004019997618	30.472	PV-004019997618 30.472
PV-004020154268	30.898	PV-004020154268 30.898
PV-004020197535	30.322	PV-004020197535 30.322
PV-004020225274	27.864	PV-004020225274 27.864
PV-005326494546	29.869	PV-005326494546 29.869
PV-005326506907	31.979	PV-005326506907 31.979
PV-005326512871	28.941	PV-005326512871 28.941
PV-005326512896	29.577	PV-005326512896 29.577
PV-005326524824	25.729	PV-005326524824 25.729
PV-005326531590	27.983	PV-005326531590 27.983
PV-005326549763	29.664	PV-005326549763 29.664
PV-005326581489	28.951	PV-005326581489 28.951
PV-005326591043	28.951	PV-005326591043 28.951
PV-005326611794	25.756	PV-005326611794 25.756
PV-005326618777	28.644	PV-005326618777 28.644
PV-005326621815	28.862	PV-005326621815 28.862
PV-005326623337	29.259	PV-005326623337 29.259
PV-005326690836	26.633	PV-005326690836 26.633
PV-005326746688	31.319	PV-005326746688 31.319
PV-005326802418	30.703	PV-005326802418 30.703
PV-005326816510	31.121	PV-005326816510 31.121
PV-005326833625	29.803	PV-005326833625 29.803
PV-005326836947	26.126	PV-005326836947 26.126
PV-005326836948	29.809	PV-005326836948 29.809
PV-005326836949	25.772	PV-005326836949 25.772
PV-005326839643	29.684	PV-005326839643 29.684
PV-005326841107	26.24	PV-005326841107 26.240
PV-005326859861	27.135	PV-005326859861 27.135
PV-005326862688	30.673	PV-005326862688 30.673
PV-005326864907	30.517	PV-005326864907 30.517
PV-005326874234	28.668	PV-005326874234 28.668
PV-005326874235	30.301	PV-005326874235 30.301
PV-005326874236	29.404	PV-005326874236 29.404
PV-005326876109	31.007	PV-005326876109 31.007
PV-005326881591	29.564	PV-005326881591 29.564
PV-005326904551	25.852	PV-005326904551 25.852
PV-005326905553	26.955	PV-005326905553 26.955
PV-005326919505	28.392	PV-005326919505 28.392
PV-005326927528	29.243	PV-005326927528 29.243
PV-005326940395	26.111	PV-005326940395 26.111
PV-005326940396	29.342	PV-005326940396 29.342
PV-005326946271	25.53	PV-005326946271 25.530
PV-005327006723	30.108	PV-005327006723 30.108
PV-005327010854	28.864	PV-005327010854 28.864
PV-005327029975	28.96	PV-005327029975 28.960
PV-005327060032	27.796	PV-005327060032 27.796
PV-005327062421	31.557	PV-005327062421 31.557
PV-005327062422	25.873	PV-005327062422 25.873
PV-005327062423	27.988	PV-005327062423 27.988
PV-005327063047	30.0	PV-005327063047 30.000
PV-005327066731	31.754	PV-005327066731 31.754
PV-005327074821	27.776	PV-005327074821 27.776
PV-005327078539	29.445	PV-005327078539 29.445
PV-005327081343	30.838	PV-005327081343 30.838
PV-005327083505	29.131	PV-005327083505 29.131
PV-005327084824	30.165	PV-005327084824 30.165
PV-005327109619	25.738	PV-005327109619 25.738
PV-005327114898	31.714	PV-005327114898 31.714
PV-005327114899	27.259	PV-005327114899 27.259
PV-005327114900	26.255	PV-005327114900 26.255
PV-005327143658	29.231	PV-005327143658 29.231
PV-005327164397	29.981	PV-005327164397 29.981
PV-005327176971	28.731	PV-005327176971 28.731
PV-005327184766	28.769	PV-005327184766 28.769
PV-005327198597	28.402	PV-005327198597 28.402
PV-005327198598	29.365	PV-005327198598 29.365
PV-005327216850	28.521	PV-005327216850 28.521
PV-005327222136	29.257	PV-005327222136 29.257
PV-005327222137	26.691	PV-005327222137 26.691
PV-005327222138	27.976	PV-005327222138 27.976
PV-005327232087	30.329	PV-005327232087 30.329
PV-005327254980	29.289	PV-005327254980 29.289
PV-005327269667	29.616	PV-005327269667 29.616
PV-005327274849	26.194	PV-005327274849 26.194
PV-005327281630	26.868	PV-005327281630 26.868
PV-005327322606	29.496	PV-005327322606 29.496
PV-005327340048	27.944	PV-005327340048 27.944
PV-005327364857	30.712	PV-005327364857 30.712
PV-005327399474	28.034	PV-005327399474 28.034
PV-005327425922	29.079	PV-005327425922 29.079
PV-005327426316	30.284	PV-005327426316 30.284
PV-005327426317	28.706	PV-005327426317 28.706
PV-005327426318	25.021	PV-005327426318 25.021
PV-005327430347	31.238	PV-005327430347 31.238
PV-005327430348	27.197	PV-005327430348 27.197
PV-005327430349	29.552	PV-005327430349 29.552
PV-005327445264	27.521	PV-005327445264 27.521
PV-005327460027	28.564	PV-005327460027 28.564
PV-005327460028	31.785	PV-005327460028 31.785
PV-005327460029	30.075	PV-005327460029 30.075
PV-005327474856	26.773	PV-005327474856 26.773
PV-005327474857	31.301	PV-005327474857 31.301
PV-005327474858	30.065	PV-005327474858 30.065
PV-005327505757	26.004	PV-005327505757 26.004
PV-005327539434	26.638	PV-005327539434 26.638
PV-005327539435	26.146	PV-005327539435 26.146
PV-005327539436	29.064	PV-005327539436 29.064
PV-005327549198	29.655	PV-005327549198 29.655
PV-005327587682	31.777	PV-005327587682 31.777
PV-005327587683	26.796	PV-005327587683 26.796
PV-005327587684	28.639	PV-005327587684 28.639
PV-005329517056	27.817	PV-005329517056 27.817
PV-005329517057	25.904	PV-005329517057 25.904
PV-005329539078	27.085	PV-005329539078 27.085
PV-005329546128	29.628	PV-005329546128 29.628
PV-005329561938	29.836	PV-005329561938 29.836
PV-005329561939	31.228	PV-005329561939 31.228
PV-005329575422	30.265	PV-005329575422 30.265
PV-005329591434	32.573	PV-005329591434 32.573
PV-005329613157	28.957	PV-005329613157 28.957
PV-005329613158	30.553	PV-005329613158 30.553
PV-005329613159	27.233	PV-005329613159 27.233
PV-005329627474	26.953	PV-005329627474 26.953
PV-005329666668	29.073	PV-005329666668 29.073
PV-005329675900	30.051	PV-005329675900 30.051
PV-005329708088	28.667	PV-005329708088 28.667
PV-005329734977	29.782	PV-005329734977 29.782
PV-005329766230	29.011	PV-005329766230 29.011
PV-005329779081	26.159	PV-005329779081 26.159
PV-005329781346	31.988	PV-005329781346 31.988
PV-005329781347	29.696	PV-005329781347 29.696
PV-005329781348	27.928	PV-005329781348 27.928
PV-005329809593	31.296	PV-005329809593 31.296
PV-005329824760	27.977	PV-005329824760 27.977
PV-005329824761	28.193	PV-005329824761 28.193
PV-005329824762	28.82	PV-005329824762 28.820
PV-005329825929	29.428	PV-005329825929 29.428
PV-005329839199	30.783	PV-005329839199 30.783
PV-005329841594	31.87	PV-005329841594 31.870
PV-005329841595	29.395	PV-005329841595 29.395
PV-005329841596	28.733	PV-005329841596 28.733
PV-005329863140	31.991	PV-005329863140 31.991
PV-005329863141	27.005	PV-005329863141 27.005
PV-005329863142	27.559	PV-005329863142 27.559
PV-005329879940	29.1	PV-005329879940 29.100
PV-005329885412	27.623	PV-005329885412 27.623
PV-005329892683	29.046	PV-005329892683 29.046
PV-005329892684	26.12	PV-005329892684 26.120
PV-005329892685	27.066	PV-005329892685 27.066
PV-005329911719	31.021	PV-005329911719 31.021
PV-005329914602	25.979	PV-005329914602 25.979
PV-005329914603	29.355	PV-005329914603 29.355
PV-005329914604	25.655	PV-005329914604 25.655
PV-005329940714	30.532	PV-005329940714 30.532
PV-005329964437	30.066	PV-005329964437 30.066
PV-005329970960	26.788	PV-005329970960 26.788
PV-005329970961	25.817	PV-005329970961 25.817
PV-005329970962	29.986	PV-005329970962 29.986
PV-005329973075	28.834	PV-005329973075 28.834
PV-005329973076	27.377	PV-005329973076 27.377
PV-005329973077	31.464	PV-005329973077 31.464
PV-005329992063	28.68	PV-005329992063 28.680
PV-005330019549	30.946	PV-005330019549 30.946
PV-005330024606	26.714	PV-005330024606 26.714
PV-005330026032	30.131	PV-005330026032 30.131
PV-005330026033	30.222	PV-005330026033 30.222
PV-005330026034	30.585	PV-005330026034 30.585
PV-005330028872	29.913	PV-005330028872 29.913
PV-005330028873	25.095	PV-005330028873 25.095
PV-005330028874	31.111	PV-005330028874 31.111
PV-005330030266	29.584	PV-005330030266 29.584
PV-005330032916	29.19	PV-005330032916 29.190
PV-005330037918	29.437	PV-005330037918 29.437
PV-005330078541	30.612	PV-005330078541 30.612
PV-005330078542	30.029	PV-005330078542 30.029
PV-005330078543	27.06	PV-005330078543 27.060
PV-005330081720	29.378	PV-005330081720 29.378
PV-005330117775	26.527	PV-005330117775 26.527
PV-005330127825	25.271	PV-005330127825 25.271
PV-005330130962	29.282	PV-005330130962 29.282
PV-005330134528	26.982	PV-005330134528 26.982
PV-005330135534	26.63	PV-005330135534 26.630
PV-005330135535	28.709	PV-005330135535 28.709
PV-005330142979	31.298	PV-005330142979 31.298
PV-005330172934	30.47	PV-005330172934 30.470
PV-005330181189	28.937	PV-005330181189 28.937
PV-005330182006	26.776	PV-005330182006 26.776
PV-005330186881	31.614	PV-005330186881 31.614
PV-005330189362	28.038	PV-005330189362 28.038
PV-005330202551	31.982	PV-005330202551 31.982
PV-005330214500	28.74	PV-005330214500 28.740
PV-005330214501	30.681	PV-005330214501 30.681
PV-005330214502	30.606	PV-005330214502 30.606
PV-005330215166	29.386	PV-005330215166 29.386
PV-005330228836	28.756	PV-005330228836 28.756
PV-005330232691	32.162	PV-005330232691 32.162
PV-005330242627	30.339	PV-005330242627 30.339
PV-005330269716	30.024	PV-005330269716 30.024
PV-005330288141	28.574	PV-005330288141 28.574
PV-005330301431	29.927	PV-005330301431 29.927
PV-005330301432	25.95	PV-005330301432 25.950
PV-005330325108	31.369	PV-005330325108 31.369
PV-005330330681	28.794	PV-005330330681 28.794
PV-005330330682	26.966	PV-005330330682 26.966
PV-005330330683	29.48	PV-005330330683 29.480
PV-005330340557	28.54	PV-005330340557 28.540
PV-005330392535	29.464	PV-005330392535 29.464
PV-005330395853	29.168	PV-005330395853 29.168
PV-005330399743	30.223	PV-005330399743 30.223
PV-005327602447	25.816	PV-005327602447 25.816
PV-005327635325	29.704	PV-005327635325 29.704
PV-005327647294	25.774	PV-005327647294 25.774
PV-005327647295	27.731	PV-005327647295 27.731
PV-005327653971	26.52	PV-005327653971 26.520
PV-005327653972	26.377	PV-005327653972 26.377
PV-005327654213	28.97	PV-005327654213 28.970
PV-005327668261	28.726	PV-005327668261 28.726
PV-005327674092	29.315	PV-005327674092 29.315
PV-005327674706	29.923	PV-005327674706 29.923
PV-005327677494	29.359	PV-005327677494 29.359
PV-005327679575	28.806	PV-005327679575 28.806
PV-005327684390	29.385	PV-005327684390 29.385
PV-005327688369	28.902	PV-005327688369 28.902
PV-005327691668	26.798	PV-005327691668 26.798
PV-005327699217	31.865	PV-005327699217 31.865
PV-005327742358	31.433	PV-005327742358 31.433
PV-005327757753	30.763	PV-005327757753 30.763
PV-005327757754	29.662	PV-005327757754 29.662
PV-005327784796	26.529	PV-005327784796 26.529
PV-005327820413	29.387	PV-005327820413 29.387
PV-005327822034	29.879	PV-005327822034 29.879
PV-005327840999	26.403	PV-005327840999 26.403
PV-005327850294	30.347	PV-005327850294 30.347
PV-005327875541	30.479	PV-005327875541 30.479
PV-005327876162	31.929	PV-005327876162 31.929
PV-005327876973	30.838	PV-005327876973 30.838
PV-005327880479	30.677	PV-005327880479 30.677
PV-005327882575	30.598	PV-005327882575 30.598
PV-005327887869	30.442	PV-005327887869 30.442
PV-005327903561	26.844	PV-005327903561 26.844
PV-005327919111	29.142	PV-005327919111 29.142
PV-005327919112	25.802	PV-005327919112 25.802
PV-005327933198	28.953	PV-005327933198 28.953
PV-005327946536	29.118	PV-005327946536 29.118
PV-005327961059	29.161	PV-005327961059 29.161
PV-005327961060	26.416	PV-005327961060 26.416
PV-005327961231	26.45	PV-005327961231 26.450
PV-005327973526	28.965	PV-005327973526 28.965
PV-005328007407	31.011	PV-005328007407 31.011
PV-005328028634	29.415	PV-005328028634 29.415
PV-005328041984	29.639	PV-005328041984 29.639
PV-005328067906	29.715	PV-005328067906 29.715
PV-005328072479	27.753	PV-005328072479 27.753
PV-005328086006	27.997	PV-005328086006 27.997
PV-005328089119	31.493	PV-005328089119 31.493
PV-005328090092	25.714	PV-005328090092 25.714
PV-005328117102	30.071	PV-005328117102 30.071
PV-005328146039	29.824	PV-005328146039 29.824
PV-005328148583	27.003	PV-005328148583 27.003
PV-005328155856	31.314	PV-005328155856 31.314
PV-005328165701	26.59	PV-005328165701 26.590
PV-005328165702	26.252	PV-005328165702 26.252
PV-005328165703	29.08	PV-005328165703 29.080
PV-005328181566	30.622	PV-005328181566 30.622
PV-005328181567	30.927	PV-005328181567 30.927
PV-005328181568	27.317	PV-005328181568 27.317
PV-005328254888	28.091	PV-005328254888 28.091
PV-005328254889	30.315	PV-005328254889 30.315
PV-005328254890	29.796	PV-005328254890 29.796
PV-005328263631	27.166	PV-005328263631 27.166
PV-005328268076	28.307	PV-005328268076 28.307
PV-005328287958	31.384	PV-005328287958 31.384
PV-005328287959	30.904	PV-005328287959 30.904
PV-005328294286	26.808	PV-005328294286 26.808
PV-005328298489	26.408	PV-005328298489 26.408
PV-005328298490	31.713	PV-005328298490 31.713
PV-005328298491	30.429	PV-005328298491 30.429
PV-005328300746	29.945	PV-005328300746 29.945
PV-005328321220	31.048	PV-005328321220 31.048
PV-005328321221	29.774	PV-005328321221 29.774
PV-005328321222	26.643	PV-005328321222 26.643
PV-005328322921	30.304	PV-005328322921 30.304
PV-005328340070	29.475	PV-005328340070 29.475
PV-005328340071	31.483	PV-005328340071 31.483
PV-005328343970	30.258	PV-005328343970 30.258
PV-005328345538	30.265	PV-005328345538 30.265
PV-005328360197	29.029	PV-005328360197 29.029
PV-005328361791	29.53	PV-005328361791 29.530
PV-005328363596	27.394	PV-005328363596 27.394
PV-005328363597	30.56	PV-005328363597 30.560
PV-005328363598	28.939	PV-005328363598 28.939
PV-005328368872	26.455	PV-005328368872 26.455
PV-005328368873	27.066	PV-005328368873 27.066
PV-005328373136	29.945	PV-005328373136 29.945
PV-005328380986	29.132	PV-005328380986 29.132
PV-005328386521	27.539	PV-005328386521 27.539
PV-005328395503	30.736	PV-005328395503 30.736
PV-005328395504	26.683	PV-005328395504 26.683
PV-005328395505	30.201	PV-005328395505 30.201
PV-005328406649	26.851	PV-005328406649 26.851
PV-005328416409	29.199	PV-005328416409 29.199
PV-005328432435	28.386	PV-005328432435 28.386
PV-005328434736	31.388	PV-005328434736 31.388
PV-005328448509	28.464	PV-005328448509 28.464
PV-005328448510	30.467	PV-005328448510 30.467
PV-005328481762	30.166	PV-005328481762 30.166
PV-005328485459	30.397	PV-005328485459 30.397
PV-005328488591	25.8	PV-005328488591 25.800
PV-005328549686	27.83	PV-005328549686 27.830
PV-005331318922	28.595	PV-005331318922 28.595
PV-005331323792	25.725	PV-005331323792 25.725
PV-005331343071	26.771	PV-005331343071 26.771
PV-005331343072	28.529	PV-005331343072 28.529
PV-005331343073	29.047	PV-005331343073 29.047
PV-005331394494	32.495	PV-005331394494 32.495
PV-005331399280	27.353	PV-005331399280 27.353
PV-005331406445	29.459	PV-005331406445 29.459
PV-005331406446	29.226	PV-005331406446 29.226
PV-005331406447	28.981	PV-005331406447 28.981
PV-005331411526	29.463	PV-005331411526 29.463
PV-005331423347	30.397	PV-005331423347 30.397
PV-005331458636	26.523	PV-005331458636 26.523
PV-005331470349	27.501	PV-005331470349 27.501
PV-005331481579	27.053	PV-005331481579 27.053
PV-005331481580	27.805	PV-005331481580 27.805
PV-005331487229	30.637	PV-005331487229 30.637
PV-005331504730	29.056	PV-005331504730 29.056
PV-005331504731	29.387	PV-005331504731 29.387
PV-005331504732	29.292	PV-005331504732 29.292
PV-005331514772	28.924	PV-005331514772 28.924
PV-005331521359	30.221	PV-005331521359 30.221
PV-005331521360	29.995	PV-005331521360 29.995
PV-005331521361	30.952	PV-005331521361 30.952
PV-005331538309	27.322	PV-005331538309 27.322
PV-005331558614	28.596	PV-005331558614 28.596
PV-005331584436	29.381	PV-005331584436 29.381
PV-005331617302	28.439	PV-005331617302 28.439
PV-005331622839	27.572	PV-005331622839 27.572
PV-005331622840	26.323	PV-005331622840 26.323
PV-005331622841	27.258	PV-005331622841 27.258
PV-005331634987	30.372	PV-005331634987 30.372
PV-005331661273	25.806	PV-005331661273 25.806
PV-005331661274	27.18	PV-005331661274 27.180
PV-005331661275	27.246	PV-005331661275 27.246
PV-005331672922	28.691	PV-005331672922 28.691
PV-005331672923	29.926	PV-005331672923 29.926
PV-005331672924	29.592	PV-005331672924 29.592
PV-005331705687	29.573	PV-005331705687 29.573
PV-005331728793	29.256	PV-005331728793 29.256
PV-005331764684	27.088	PV-005331764684 27.088
PV-005331778957	28.198	PV-005331778957 28.198
PV-005331778958	29.711	PV-005331778958 29.711
PV-005331783463	28.333	PV-005331783463 28.333
PV-005331785035	28.727	PV-005331785035 28.727
PV-005331813705	26.773	PV-005331813705 26.773
PV-005331824605	29.528	PV-005331824605 29.528
PV-005331836301	26.134	PV-005331836301 26.134
PV-005331842676	28.851	PV-005331842676 28.851
PV-005331859105	29.377	PV-005331859105 29.377
PV-005331864147	31.051	PV-005331864147 31.051
PV-005331870978	31.204	PV-005331870978 31.204
PV-005331870979	29.536	PV-005331870979 29.536
PV-005331874888	31.204	PV-005331874888 31.204
PV-005331874889	28.704	PV-005331874889 28.704
PV-005331876658	30.075	PV-005331876658 30.075
PV-005331912397	26.438	PV-005331912397 26.438
PV-005331986880	26.532	PV-005331986880 26.532
PV-005332009861	29.251	PV-005332009861 29.251
PV-005332009862	29.22	PV-005332009862 29.220
PV-005332009863	30.086	PV-005332009863 30.086
PV-005332014392	30.803	PV-005332014392 30.803
PV-005332014393	26.2	PV-005332014393 26.200
PV-005332014394	26.298	PV-005332014394 26.298
PV-005332016255	28.039	PV-005332016255 28.039
PV-005332022449	28.944	PV-005332022449 28.944
PV-005332069891	25.662	PV-005332069891 25.662
PV-005332086545	27.452	PV-005332086545 27.452
PV-005332104633	28.728	PV-005332104633 28.728
PV-005332119593	32.356	PV-005332119593 32.356
PV-005332148958	29.635	PV-005332148958 29.635
PV-005332151234	26.681	PV-005332151234 26.681
PV-005332160038	28.792	PV-005332160038 28.792
PV-005332163505	30.917	PV-005332163505 30.917
PV-005332163506	31.106	PV-005332163506 31.106
PV-005332163507	29.728	PV-005332163507 29.728
PV-005332186457	26.515	PV-005332186457 26.515
PV-005332186458	29.303	PV-005332186458 29.303
PV-005332186459	26.386	PV-005332186459 26.386
PV-005332190338	31.361	PV-005332190338 31.361
PV-005332197120	29.728	PV-005332197120 29.728
PV-005332197121	28.757	PV-005332197121 28.757
PV-005332197122	30.801	PV-005332197122 30.801
PV-005332201516	30.077	PV-005332201516 30.077
PV-005332221085	31.23	PV-005332221085 31.230
PV-005332221086	28.981	PV-005332221086 28.981
PV-005332221087	29.516	PV-005332221087 29.516
PV-005332230933	31.315	PV-005332230933 31.315
PV-005332240409	28.546	PV-005332240409 28.546
PV-005332240410	31.743	PV-005332240410 31.743
PV-005332247316	29.173	PV-005332247316 29.173
PV-005332253384	29.522	PV-005332253384 29.522
PV-005332305062	29.707	PV-005332305062 29.707
PV-005332312823	26.346	PV-005332312823 26.346
PV-005332312824	30.263	PV-005332312824 30.263
PV-005332312825	30.473	PV-005332312825 30.473
PV-005332323989	28.94	PV-005332323989 28.940
PV-005332323990	29.313	PV-005332323990 29.313
PV-005332323991	29.691	PV-005332323991 29.691
PV-005332335652	30.646	PV-005332335652 30.646
PV-005328555495	26.719	PV-005328555495 26.719
PV-005328556310	27.076	PV-005328556310 27.076
PV-005328556311	30.18	PV-005328556311 30.180
PV-005328556312	29.733	PV-005328556312 29.733
PV-005328565810	25.257	PV-005328565810 25.257
PV-005328575756	31.266	PV-005328575756 31.266
PV-005328575757	31.712	PV-005328575757 31.712
PV-005328575758	30.445	PV-005328575758 30.445
PV-005328599385	25.675	PV-005328599385 25.675
PV-005328600902	28.824	PV-005328600902 28.824
PV-005328605369	27.909	PV-005328605369 27.909
PV-005328613518	30.962	PV-005328613518 30.962
PV-005328616450	32.117	PV-005328616450 32.117
PV-005328640627	26.079	PV-005328640627 26.079
PV-005328640628	31.545	PV-005328640628 31.545
PV-005328640629	28.399	PV-005328640629 28.399
PV-005328646022	31.349	PV-005328646022 31.349
PV-005328646023	28.728	PV-005328646023 28.728
PV-005328646024	28.968	PV-005328646024 28.968
PV-005328670438	29.003	PV-005328670438 29.003
PV-005328720400	31.153	PV-005328720400 31.153
PV-005328720401	29.043	PV-005328720401 29.043
PV-005328720402	30.657	PV-005328720402 30.657
PV-005328725126	28.785	PV-005328725126 28.785
PV-005328725127	30.816	PV-005328725127 30.816
PV-005328725128	28.074	PV-005328725128 28.074
PV-005328732177	25.818	PV-005328732177 25.818
PV-005328761205	30.526	PV-005328761205 30.526
PV-005328804434	26.805	PV-005328804434 26.805
PV-005328804435	31.908	PV-005328804435 31.908
PV-005328811110	31.746	PV-005328811110 31.746
PV-005328834015	28.985	PV-005328834015 28.985
PV-005328840232	28.527	PV-005328840232 28.527
PV-005328841625	28.739	PV-005328841625 28.739
PV-005328841654	29.307	PV-005328841654 29.307
PV-005328841655	28.593	PV-005328841655 28.593
PV-005328850203	29.154	PV-005328850203 29.154
PV-005328866243	25.873	PV-005328866243 25.873
PV-005328868825	30.252	PV-005328868825 30.252
PV-005328868826	30.697	PV-005328868826 30.697
PV-005328904185	29.108	PV-005328904185 29.108
PV-005328932073	28.614	PV-005328932073 28.614
PV-005328945217	28.51	PV-005328945217 28.510
PV-005328945218	26.493	PV-005328945218 26.493
PV-005328945219	27.334	PV-005328945219 27.334
PV-005328977600	29.349	PV-005328977600 29.349
PV-005328992435	28.085	PV-005328992435 28.085
PV-005328994083	30.797	PV-005328994083 30.797
PV-005328995952	29.066	PV-005328995952 29.066
PV-005329009379	28.701	PV-005329009379 28.701
PV-005329018638	25.36	PV-005329018638 25.360
PV-005329019753	30.292	PV-005329019753 30.292
PV-005329023995	27.292	PV-005329023995 27.292
PV-005329023996	28.929	PV-005329023996 28.929
PV-005329032398	26.536	PV-005329032398 26.536
PV-005329080651	26.392	PV-005329080651 26.392
PV-005329102599	31.874	PV-005329102599 31.874
PV-005329102600	29.527	PV-005329102600 29.527
PV-005329102601	30.8	PV-005329102601 30.800
PV-005329108288	31.002	PV-005329108288 31.002
PV-005329112757	27.652	PV-005329112757 27.652
PV-005329143881	30.764	PV-005329143881 30.764
PV-005329171696	30.767	PV-005329171696 30.767
PV-005329176796	28.659	PV-005329176796 28.659
PV-005329176797	26.249	PV-005329176797 26.249
PV-005329176798	30.519	PV-005329176798 30.519
PV-005329236564	31.832	PV-005329236564 31.832
PV-005329236757	28.862	PV-005329236757 28.862
PV-005329236758	29.288	PV-005329236758 29.288
PV-005329236759	31.074	PV-005329236759 31.074
PV-005329240008	26.626	PV-005329240008 26.626
PV-005329250725	30.466	PV-005329250725 30.466
PV-005329269821	27.176	PV-005329269821 27.176
PV-005329272915	30.193	PV-005329272915 30.193
PV-005329287336	31.357	PV-005329287336 31.357
PV-005329288100	28.155	PV-005329288100 28.155
PV-005329295924	29.15	PV-005329295924 29.150
PV-005329312683	28.49	PV-005329312683 28.490
PV-005329334848	28.948	PV-005329334848 28.948
PV-005329336042	27.817	PV-005329336042 27.817
PV-005329336164	27.718	PV-005329336164 27.718
PV-005329336165	27.745	PV-005329336165 27.745
PV-005329336166	26.568	PV-005329336166 26.568
PV-005329347205	25.821	PV-005329347205 25.821
PV-005329347298	27.188	PV-005329347298 27.188
PV-005329350562	28.902	PV-005329350562 28.902
PV-005329355015	30.595	PV-005329355015 30.595
PV-005329382019	31.334	PV-005329382019 31.334
PV-005329399206	26.676	PV-005329399206 26.676
PV-005329431763	29.435	PV-005329431763 29.435
PV-005329438154	29.604	PV-005329438154 29.604
PV-005329438155	30.211	PV-005329438155 30.211
PV-005329446236	29.957	PV-005329446236 29.957
PV-005329453406	26.156	PV-005329453406 26.156
PV-005329470577	29.824	PV-005329470577 29.824
PV-005329477652	31.005	PV-005329477652 31.005
PV-005329493747	31.593	PV-005329493747 31.593
PV-005329512293	28.997	PV-005329512293 28.997
PV-005329516235	26.966	PV-005329516235 26.966
PV-005329517055	26.006	PV-005329517055 26.006
PV-005330400814	29.158	PV-005330400814 29.158
PV-005330406010	30.432	PV-005330406010 30.432
PV-005330410489	30.867	PV-005330410489 30.867
PV-005330438392	29.319	PV-005330438392 29.319
PV-005330441985	25.614	PV-005330441985 25.614
PV-005330464828	25.755	PV-005330464828 25.755
PV-005330479961	30.228	PV-005330479961 30.228
PV-005330479962	29.488	PV-005330479962 29.488
PV-005330479963	28.877	PV-005330479963 28.877
PV-005330487750	28.021	PV-005330487750 28.021
PV-005330491418	26.425	PV-005330491418 26.425
PV-005330496124	30.841	PV-005330496124 30.841
PV-005330498947	26.798	PV-005330498947 26.798
PV-005330498948	27.005	PV-005330498948 27.005
PV-005330510880	29.24	PV-005330510880 29.240
PV-005330510881	25.774	PV-005330510881 25.774
PV-005330515994	28.585	PV-005330515994 28.585
PV-005330558563	27.25	PV-005330558563 27.250
PV-005330596890	26.51	PV-005330596890 26.510
PV-005330622346	30.055	PV-005330622346 30.055
PV-005330643904	25.454	PV-005330643904 25.454
PV-005330655702	26.472	PV-005330655702 26.472
PV-005330655703	31.091	PV-005330655703 31.091
PV-005330655704	30.366	PV-005330655704 30.366
PV-005330660293	30.27	PV-005330660293 30.270
PV-005330660294	30.124	PV-005330660294 30.124
PV-005330660295	27.882	PV-005330660295 27.882
PV-005330665149	31.199	PV-005330665149 31.199
PV-005330665150	30.566	PV-005330665150 30.566
PV-005330685120	30.874	PV-005330685120 30.874
PV-005330727485	29.29	PV-005330727485 29.290
PV-005330743668	31.633	PV-005330743668 31.633
PV-005330760663	29.563	PV-005330760663 29.563
PV-005330764369	31.161	PV-005330764369 31.161
PV-005330764370	28.732	PV-005330764370 28.732
PV-005330764371	32.457	PV-005330764371 32.457
PV-005330764808	27.904	PV-005330764808 27.904
PV-005330780965	31.538	PV-005330780965 31.538
PV-005330783760	26.532	PV-005330783760 26.532
PV-005330783761	26.625	PV-005330783761 26.625
PV-005330784260	26.375	PV-005330784260 26.375
PV-005330831831	29.256	PV-005330831831 29.256
PV-005330834058	26.478	PV-005330834058 26.478
PV-005330844308	29.194	PV-005330844308 29.194
PV-005330859691	26.761	PV-005330859691 26.761
PV-005330877820	30.052	PV-005330877820 30.052
PV-005330879382	25.883	PV-005330879382 25.883
PV-005330923400	30.44	PV-005330923400 30.440
PV-005330923601	30.518	PV-005330923601 30.518
PV-005330927372	29.185	PV-005330927372 29.185
PV-005330928857	27.434	PV-005330928857 27.434
PV-005330929941	28.716	PV-005330929941 28.716
PV-005330936489	29.102	PV-005330936489 29.102
PV-005330941197	29.724	PV-005330941197 29.724
PV-005330943773	28.89	PV-005330943773 28.890
PV-005330956946	30.74	PV-005330956946 30.740
PV-005330956947	27.869	PV-005330956947 27.869
PV-005330956948	31.365	PV-005330956948 31.365
PV-005330964930	25.936	PV-005330964930 25.936
PV-005330967398	26.403	PV-005330967398 26.403
PV-005331008683	28.558	PV-005331008683 28.558
PV-005331012177	28.132	PV-005331012177 28.132
PV-005331043433	26.153	PV-005331043433 26.153
PV-005331046925	25.13	PV-005331046925 25.130
PV-005331074753	30.501	PV-005331074753 30.501
PV-005331074754	30.303	PV-005331074754 30.303
PV-005331074755	29.916	PV-005331074755 29.916
PV-005331075731	26.882	PV-005331075731 26.882
PV-005331091381	29.263	PV-005331091381 29.263
PV-005331134102	30.714	PV-005331134102 30.714
PV-005331135912	29.702	PV-005331135912 29.702
PV-005331141883	30.157	PV-005331141883 30.157
PV-005331151887	30.143	PV-005331151887 30.143
PV-005331151888	30.952	PV-005331151888 30.952
PV-005331159750	26.178	PV-005331159750 26.178
PV-005331159751	27.897	PV-005331159751 27.897
PV-005331159752	30.506	PV-005331159752 30.506
PV-005331172340	27.74	PV-005331172340 27.740
PV-005331172341	30.758	PV-005331172341 30.758
PV-005331177914	30.909	PV-005331177914 30.909
PV-005331177915	31.333	PV-005331177915 31.333
PV-005331197252	28.889	PV-005331197252 28.889
PV-005331202182	30.273	PV-005331202182 30.273
PV-005331205365	32.004	PV-005331205365 32.004
PV-005331219796	30.055	PV-005331219796 30.055
PV-005331240665	29.096	PV-005331240665 29.096
PV-005331240666	26.061	PV-005331240666 26.061
PV-005331257028	26.02	PV-005331257028 26.020
PV-005331267279	30.144	PV-005331267279 30.144
PV-005331276822	26.973	PV-005331276822 26.973
PV-005331287214	30.028	PV-005331287214 30.028
PV-005331287215	26.199	PV-005331287215 26.199
PV-005331287216	26.296	PV-005331287216 26.296
PV-005331292377	30.285	PV-005331292377 30.285
PV-005331292378	29.232	PV-005331292378 29.232
PV-005331298043	30.707	PV-005331298043 30.707
PV-005331298388	28.452	PV-005331298388 28.452
PV-005331315132	29.219	PV-005331315132 29.219
PV-005331315133	29.341	PV-005331315133 29.341
PV-005333571995	30.632	PV-005333571995 30.632
PV-005333571996	29.679	PV-005333571996 29.679
PV-005333588839	29.126	PV-005333588839 29.126
PV-005333600225	31.903	PV-005333600225 31.903
PV-005333624573	28.194	PV-005333624573 28.194
PV-005333629364	30.796	PV-005333629364 30.796
PV-005333634865	28.441	PV-005333634865 28.441
PV-005333654395	31.526	PV-005333654395 31.526
PV-005333667861	29.556	PV-005333667861 29.556
PV-005333674036	31.149	PV-005333674036 31.149
PV-005333690933	30.541	PV-005333690933 30.541
PV-005333691549	26.805	PV-005333691549 26.805
PV-005333704777	30.658	PV-005333704777 30.658
PV-005333704778	29.343	PV-005333704778 29.343
PV-005333710163	26.267	PV-005333710163 26.267
PV-005333711720	29.179	PV-005333711720 29.179
PV-005333721109	27.665	PV-005333721109 27.665
PV-005333730347	30.547	PV-005333730347 30.547
PV-005333756440	30.886	PV-005333756440 30.886
PV-005333762092	29.47	PV-005333762092 29.470
PV-005333776619	26.328	PV-005333776619 26.328
PV-005333777407	29.145	PV-005333777407 29.145
PV-005333792706	26.55	PV-005333792706 26.550
PV-005333801255	29.681	PV-005333801255 29.681
PV-005333819601	30.82	PV-005333819601 30.820
PV-005333872697	27.152	PV-005333872697 27.152
PV-005333886510	29.003	PV-005333886510 29.003
PV-005333886511	30.179	PV-005333886511 30.179
PV-005333889454	27.09	PV-005333889454 27.090
PV-005333889455	29.234	PV-005333889455 29.234
PV-005333904805	28.844	PV-005333904805 28.844
PV-005333926166	25.663	PV-005333926166 25.663
PV-005333929692	27.936	PV-005333929692 27.936
PV-005333956160	28.769	PV-005333956160 28.769
PV-005333961051	30.246	PV-005333961051 30.246
PV-005333961052	30.463	PV-005333961052 30.463
PV-005333964775	32.231	PV-005333964775 32.231
PV-005333967382	31.224	PV-005333967382 31.224
PV-005333984611	30.456	PV-005333984611 30.456
PV-005334052018	29.407	PV-005334052018 29.407
PV-005334066465	30.499	PV-005334066465 30.499
PV-005334074614	31.289	PV-005334074614 31.289
PV-005334079672	27.125	PV-005334079672 27.125
PV-005334093965	27.414	PV-005334093965 27.414
PV-005334093966	30.214	PV-005334093966 30.214
PV-005334093967	28.452	PV-005334093967 28.452
PV-005334094777	27.278	PV-005334094777 27.278
PV-005334112693	31.834	PV-005334112693 31.834
PV-005334124867	29.196	PV-005334124867 29.196
PV-005334124868	31.54	PV-005334124868 31.540
PV-005334128290	28.782	PV-005334128290 28.782
PV-005334153569	27.177	PV-005334153569 27.177
PV-005334160531	28.466	PV-005334160531 28.466
PV-005334160532	31.947	PV-005334160532 31.947
PV-005334160533	32.352	PV-005334160533 32.352
PV-005334174923	27.991	PV-005334174923 27.991
PV-005334183327	32.281	PV-005334183327 32.281
PV-005334184522	30.294	PV-005334184522 30.294
PV-005334184523	29.442	PV-005334184523 29.442
PV-005334184524	29.377	PV-005334184524 29.377
PV-005334185450	29.398	PV-005334185450 29.398
PV-005334185451	30.342	PV-005334185451 30.342
PV-005334185452	26.77	PV-005334185452 26.770
PV-005334185638	30.289	PV-005334185638 30.289
PV-005334197934	31.875	PV-005334197934 31.875
PV-005334197935	28.24	PV-005334197935 28.240
PV-005334197936	25.552	PV-005334197936 25.552
PV-005334232502	27.119	PV-005334232502 27.119
PV-005334287229	26.418	PV-005334287229 26.418
PV-005334307862	25.889	PV-005334307862 25.889
PV-005334319072	31.86	PV-005334319072 31.860
PV-005334359559	28.973	PV-005334359559 28.973
PV-005334374115	29.42	PV-005334374115 29.420
PV-005334378284	28.781	PV-005334378284 28.781
PV-005334378929	29.658	PV-005334378929 29.658
PV-005334388092	30.176	PV-005334388092 30.176
PV-005334388093	27.556	PV-005334388093 27.556
PV-005334404286	29.31	PV-005334404286 29.310
PV-005334426055	28.891	PV-005334426055 28.891
PV-005334429052	26.344	PV-005334429052 26.344
PV-005334429445	30.847	PV-005334429445 30.847
PV-005334461763	27.783	PV-005334461763 27.783
PV-005334464092	26.673	PV-005334464092 26.673
PV-005334464093	30.301	PV-005334464093 30.301
PV-005334469140	31.529	PV-005334469140 31.529
PV-005334469141	28.97	PV-005334469141 28.970
PV-005334469142	26.05	PV-005334469142 26.050
PV-005334499147	27.302	PV-005334499147 27.302
PV-005334513941	26.291	PV-005334513941 26.291
PV-005334532608	30.841	PV-005334532608 30.841
PV-005334568748	28.221	PV-005334568748 28.221
PV-005334568749	31.0	PV-005334568749 31.000
PV-005334568750	30.53	PV-005334568750 30.530
PV-005334617726	28.736	PV-005334617726 28.736
PV-005334617727	26.162	PV-005334617727 26.162
PV-005334648060	28.52	PV-005334648060 28.520
PV-005334649515	30.157	PV-005334649515 30.157
PV-005334651804	26.212	PV-005334651804 26.212
PV-005334663583	28.687	PV-005334663583 28.687
PV-005334663584	26.566	PV-005334663584 26.566
PV-005334663585	26.923	PV-005334663585 26.923
PV-005334706088	29.077	PV-005334706088 29.077
PV-005334717898	29.304	PV-005334717898 29.304
PV-005334718675	31.755	PV-005334718675 31.755
PV-005334769922	29.648	PV-005334769922 29.648
PV-005334773413	28.175	PV-005334773413 28.175
PV-005334787419	30.441	PV-005334787419 30.441
PV-005334788757	31.677	PV-005334788757 31.677
PV-005334792495	29.531	PV-005334792495 29.531
PV-005334805634	31.51	PV-005334805634 31.510
PV-005334824145	29.047	PV-005334824145 29.047
PV-005334881306	26.583	PV-005334881306 26.583
PV-005334886967	29.71	PV-005334886967 29.710
PV-005334916657	31.237	PV-005334916657 31.237
PV-005334952943	27.17	PV-005334952943 27.170
PV-005334966069	31.666	PV-005334966069 31.666
PV-005334969748	29.01	PV-005334969748 29.010
PV-005334972711	28.84	PV-005334972711 28.840
PV-005334972712	28.799	PV-005334972712 28.799
PV-005334983687	30.745	PV-005334983687 30.745
PV-005334998570	30.628	PV-005334998570 30.628
PV-005335020900	30.657	PV-005335020900 30.657
PV-005335034364	30.6	PV-005335034364 30.600
PV-005335044964	26.273	PV-005335044964 26.273
PV-005335062659	26.467	PV-005335062659 26.467
PV-005335068479	26.485	PV-005335068479 26.485
PV-005335118851	29.841	PV-005335118851 29.841
PV-005335118852	31.251	PV-005335118852 31.251
PV-005335140551	29.743	PV-005335140551 29.743
PV-005335171401	31.368	PV-005335171401 31.368
PV-005335239591	25.693	PV-005335239591 25.693
PV-005335239592	27.831	PV-005335239592 27.831
PV-005335239593	28.517	PV-005335239593 28.517
PV-005335246692	27.983	PV-005335246692 27.983
PV-005335247087	31.488	PV-005335247087 31.488
PV-005335280156	30.502	PV-005335280156 30.502
PV-005335280157	29.227	PV-005335280157 29.227
PV-005335280158	26.503	PV-005335280158 26.503
PV-005335288154	28.969	PV-005335288154 28.969
PV-005335288155	30.867	PV-005335288155 30.867
PV-005335288638	27.782	PV-005335288638 27.782
PV-005335311113	31.069	PV-005335311113 31.069
PV-005335344285	31.907	PV-005335344285 31.907
PV-005335362528	30.966	PV-005335362528 30.966
PV-005335362529	29.714	PV-005335362529 29.714
PV-005335417344	30.262	PV-005335417344 30.262
PV-005335433848	30.187	PV-005335433848 30.187
PV-005335469142	29.903	PV-005335469142 29.903
PV-005335482111	29.557	PV-005335482111 29.557
PV-005335486822	29.816	PV-005335486822 29.816
PV-005335494601	30.518	PV-005335494601 30.518
PV-005335497893	29.86	PV-005335497893 29.860
PV-005335530510	27.864	PV-005335530510 27.864
PV-005335537695	26.373	PV-005335537695 26.373
PV-005335556853	29.498	PV-005335556853 29.498
PV-005335565852	29.365	PV-005335565852 29.365
PV-005335565853	29.636	PV-005335565853 29.636
PV-005335565854	30.475	PV-005335565854 30.475
PV-005335579245	26.459	PV-005335579245 26.459
PV-005335626062	27.603	PV-005335626062 27.603
PV-005335659629	30.93	PV-005335659629 30.930
PV-005335662069	30.66	PV-005335662069 30.660
PV-005335667161	32.015	PV-005335667161 32.015
PV-005335667162	26.939	PV-005335667162 26.939
PV-005335667163	30.472	PV-005335667163 30.472
PV-005335675950	28.777	PV-005335675950 28.777
PV-005335677144	26.483	PV-005335677144 26.483
PV-005335677145	31.769	PV-005335677145 31.769
PV-005335677146	31.021	PV-005335677146 31.021
PV-005335680422	29.437	PV-005335680422 29.437
PV-005335680906	29.848	PV-005335680906 29.848
PV-005335680907	29.963	PV-005335680907 29.963
PV-005335680908	28.291	PV-005335680908 28.291
PV-005335731006	29.759	PV-005335731006 29.759
PV-005335765166	29.79	PV-005335765166 29.790
PV-005335765167	28.786	PV-005335765167 28.786
PV-005335765168	30.206	PV-005335765168 30.206
PV-005335802528	30.808	PV-005335802528 30.808
PV-005335802529	27.09	PV-005335802529 27.090
PV-005335802530	26.378	PV-005335802530 26.378
PV-005335823393	26.556	PV-005335823393 26.556
PV-005335835419	29.672	PV-005335835419 29.672
PV-005335857161	32.01	PV-005335857161 32.010
PV-005335857162	27.047	PV-005335857162 27.047
PV-005335857163	28.791	PV-005335857163 28.791
PV-005335873392	29.717	PV-005335873392 29.717
PV-005335882055	25.783	PV-005335882055 25.783
PV-005335950005	30.19	PV-005335950005 30.190
PV-005335954260	29.384	PV-005335954260 29.384
PV-005335957211	26.069	PV-005335957211 26.069
PV-005335962455	29.838	PV-005335962455 29.838
PV-005335962458	29.305	PV-005335962458 29.305
PV-005335962705	29.079	PV-005335962705 29.079
PV-005335963330	28.066	PV-005335963330 28.066
PV-005335971441	31.428	PV-005335971441 31.428
PV-005335980642	28.977	PV-005335980642 28.977
PV-005335982077	29.052	PV-005335982077 29.052
PV-005335983472	29.201	PV-005335983472 29.201
PV-005335990490	29.033	PV-005335990490 29.033
PV-005332340343	30.998	PV-005332340343 30.998
PV-005332356226	29.579	PV-005332356226 29.579
PV-005332358814	29.886	PV-005332358814 29.886
PV-005332371132	28.063	PV-005332371132 28.063
PV-005332386195	30.303	PV-005332386195 30.303
PV-005332439237	28.065	PV-005332439237 28.065
PV-005332453831	31.285	PV-005332453831 31.285
PV-005332456397	32.532	PV-005332456397 32.532
PV-005332480861	26.861	PV-005332480861 26.861
PV-005332514892	29.805	PV-005332514892 29.805
PV-005332517173	32.402	PV-005332517173 32.402
PV-005332535099	28.612	PV-005332535099 28.612
PV-005332557775	29.423	PV-005332557775 29.423
PV-005332557776	27.899	PV-005332557776 27.899
PV-005332557777	28.601	PV-005332557777 28.601
PV-005332558410	28.867	PV-005332558410 28.867
PV-005332594039	31.143	PV-005332594039 31.143
PV-005332599452	26.07	PV-005332599452 26.070
PV-005332606984	26.381	PV-005332606984 26.381
PV-005332606985	29.477	PV-005332606985 29.477
PV-005332606986	27.811	PV-005332606986 27.811
PV-005332607505	27.03	PV-005332607505 27.030
PV-005332634552	31.234	PV-005332634552 31.234
PV-005332652305	29.958	PV-005332652305 29.958
PV-005332662389	26.036	PV-005332662389 26.036
PV-005332707672	31.03	PV-005332707672 31.030
PV-005332721817	30.035	PV-005332721817 30.035
PV-005332725662	29.547	PV-005332725662 29.547
PV-005332725663	27.163	PV-005332725663 27.163
PV-005332725664	29.03	PV-005332725664 29.030
PV-005332738578	26.496	PV-005332738578 26.496
PV-005332772488	28.052	PV-005332772488 28.052
PV-005332788769	32.334	PV-005332788769 32.334
PV-005332795305	30.035	PV-005332795305 30.035
PV-005332795306	30.871	PV-005332795306 30.871
PV-005332821165	29.947	PV-005332821165 29.947
PV-005332831564	29.328	PV-005332831564 29.328
PV-005332831565	26.003	PV-005332831565 26.003
PV-005332831566	26.241	PV-005332831566 26.241
PV-005332845024	29.331	PV-005332845024 29.331
PV-005332846430	28.603	PV-005332846430 28.603
PV-005332866490	31.301	PV-005332866490 31.301
PV-005332867548	31.078	PV-005332867548 31.078
PV-005332888690	26.087	PV-005332888690 26.087
PV-005332888691	29.83	PV-005332888691 29.830
PV-005332899756	29.432	PV-005332899756 29.432
PV-005332917917	30.06	PV-005332917917 30.060
PV-005332925272	30.955	PV-005332925272 30.955
PV-005332928238	30.072	PV-005332928238 30.072
PV-005332928239	28.884	PV-005332928239 28.884
PV-005332939505	30.382	PV-005332939505 30.382
PV-005332939506	27.292	PV-005332939506 27.292
PV-005332939507	29.448	PV-005332939507 29.448
PV-005332984009	29.996	PV-005332984009 29.996
PV-005332992268	31.278	PV-005332992268 31.278
PV-005333003533	31.044	PV-005333003533 31.044
PV-005333003886	26.684	PV-005333003886 26.684
PV-005333003887	31.877	PV-005333003887 31.877
PV-005333003888	25.802	PV-005333003888 25.802
PV-005333007774	27.507	PV-005333007774 27.507
PV-005333009668	30.218	PV-005333009668 30.218
PV-005333063865	28.317	PV-005333063865 28.317
PV-005333063866	31.864	PV-005333063866 31.864
PV-005333063867	27.587	PV-005333063867 27.587
PV-005333070221	30.967	PV-005333070221 30.967
PV-005333099575	30.092	PV-005333099575 30.092
PV-005333107331	31.088	PV-005333107331 31.088
PV-005333107332	28.365	PV-005333107332 28.365
PV-005333112955	26.178	PV-005333112955 26.178
PV-005333124899	31.561	PV-005333124899 31.561
PV-005333134797	28.375	PV-005333134797 28.375
PV-005333138666	29.142	PV-005333138666 29.142
PV-005333152564	30.502	PV-005333152564 30.502
PV-005333152672	25.367	PV-005333152672 25.367
PV-005333152673	29.006	PV-005333152673 29.006
PV-005333156826	26.205	PV-005333156826 26.205
PV-005333161694	32.155	PV-005333161694 32.155
PV-005333176025	28.059	PV-005333176025 28.059
PV-005333176455	25.512	PV-005333176455 25.512
PV-005333195102	27.321	PV-005333195102 27.321
PV-005333214344	29.943	PV-005333214344 29.943
PV-005333222010	29.728	PV-005333222010 29.728
PV-005333240729	30.925	PV-005333240729 30.925
PV-005333245030	28.452	PV-005333245030 28.452
PV-005333252676	26.269	PV-005333252676 26.269
PV-005333302312	32.614	PV-005333302312 32.614
PV-005333342654	29.633	PV-005333342654 29.633
PV-005333387055	31.049	PV-005333387055 31.049
PV-005333427237	28.394	PV-005333427237 28.394
PV-005333445093	31.805	PV-005333445093 31.805
PV-005333445561	32.1	PV-005333445561 32.100
PV-005333455990	26.689	PV-005333455990 26.689
PV-005333494900	27.531	PV-005333494900 27.531
PV-005333536727	29.76	PV-005333536727 29.760
PV-005333538468	29.067	PV-005333538468 29.067
PV-005333541446	29.933	PV-005333541446 29.933
PV-005333564574	31.062	PV-005333564574 31.062
PV-005333571994	29.025	PV-005333571994 29.025
PV-005335996114	29.984	PV-005335996114 29.984
PV-005335996981	26.588	PV-005335996981 26.588
PV-005335999949	31.6	PV-005335999949 31.600
PV-005336004915	27.682	PV-005336004915 27.682
PV-005336004916	25.924	PV-005336004916 25.924
PV-005336004917	29.631	PV-005336004917 29.631
PV-005336025325	29.555	PV-005336025325 29.555
PV-005336025326	31.597	PV-005336025326 31.597
PV-005336025327	31.162	PV-005336025327 31.162
PV-005336031616	30.706	PV-005336031616 30.706
PV-005336031617	26.679	PV-005336031617 26.679
PV-005336031618	27.576	PV-005336031618 27.576
PV-005336045071	26.509	PV-005336045071 26.509
PV-005336059286	31.678	PV-005336059286 31.678
PV-005336063100	28.79	PV-005336063100 28.790
PV-005336063101	27.057	PV-005336063101 27.057
PV-005336063102	30.777	PV-005336063102 30.777
PV-005336067544	30.408	PV-005336067544 30.408
PV-005336110138	27.448	PV-005336110138 27.448
PV-005336144788	29.002	PV-005336144788 29.002
PV-005336144789	31.607	PV-005336144789 31.607
PV-005336144790	30.549	PV-005336144790 30.549
PV-005336152125	30.875	PV-005336152125 30.875
PV-005336155400	26.139	PV-005336155400 26.139
PV-005336155783	27.469	PV-005336155783 27.469
PV-005336166123	30.569	PV-005336166123 30.569
PV-005336174137	30.412	PV-005336174137 30.412
PV-005336174138	28.675	PV-005336174138 28.675
PV-005336174139	25.132	PV-005336174139 25.132
PV-005336201372	29.059	PV-005336201372 29.059
PV-005336237225	30.538	PV-005336237225 30.538
PV-005336257544	29.313	PV-005336257544 29.313
PV-005336257545	26.093	PV-005336257545 26.093
PV-005336257546	28.583	PV-005336257546 28.583
PV-005336277435	30.821	PV-005336277435 30.821
PV-005336278320	29.07	PV-005336278320 29.070
PV-005336279830	27.741	PV-005336279830 27.741
PV-005336302678	30.05	PV-005336302678 30.050
PV-005336320578	30.876	PV-005336320578 30.876
PV-005336320579	31.244	PV-005336320579 31.244
PV-005336320580	26.821	PV-005336320580 26.821
PV-005336321255	28.837	PV-005336321255 28.837
PV-005336321491	29.203	PV-005336321491 29.203
PV-005336326056	29.361	PV-005336326056 29.361
PV-005336332708	28.821	PV-005336332708 28.821
PV-005336337083	28.185	PV-005336337083 28.185
PV-005336340007	29.788	PV-005336340007 29.788
PV-005336363454	31.919	PV-005336363454 31.919
PV-005336403944	26.346	PV-005336403944 26.346
PV-005336415225	25.697	PV-005336415225 25.697
PV-005336446480	29.195	PV-005336446480 29.195
PV-005336450992	27.526	PV-005336450992 27.526
PV-005336479591	29.43	PV-005336479591 29.430
PV-005336484844	30.265	PV-005336484844 30.265
PV-005336502361	30.775	PV-005336502361 30.775
PV-005336502362	28.94	PV-005336502362 28.940
PV-005336502363	29.066	PV-005336502363 29.066
PV-005336505180	28.044	PV-005336505180 28.044
PV-005336505712	29.911	PV-005336505712 29.911
PV-005336515584	29.485	PV-005336515584 29.485
PV-005336515585	26.675	PV-005336515585 26.675
PV-005336515586	30.526	PV-005336515586 30.526
PV-005336524879	27.258	PV-005336524879 27.258
PV-005336524880	30.516	PV-005336524880 30.516
PV-005336524881	30.423	PV-005336524881 30.423
PV-005336535546	28.079	PV-005336535546 28.079
PV-005336535547	30.671	PV-005336535547 30.671
PV-005336554844	30.684	PV-005336554844 30.684
PV-005336557465	30.517	PV-005336557465 30.517
PV-005336559532	27.133	PV-005336559532 27.133
PV-005336560626	28.59	PV-005336560626 28.590
PV-005336638470	30.059	PV-005336638470 30.059
PV-005336641557	30.397	PV-005336641557 30.397
PV-005336658157	30.247	PV-005336658157 30.247
PV-005336661135	31.607	PV-005336661135 31.607
PV-005336661136	28.967	PV-005336661136 28.967
PV-005336661137	28.841	PV-005336661137 28.841
PV-005336690222	30.11	PV-005336690222 30.110
PV-005336696564	29.779	PV-005336696564 29.779
PV-005336696565	29.529	PV-005336696565 29.529
PV-005336696566	27.913	PV-005336696566 27.913
PV-005336723866	29.604	PV-005336723866 29.604
PV-005336742642	25.599	PV-005336742642 25.599
PV-005336743230	26.797	PV-005336743230 26.797
PV-005336753340	30.25	PV-005336753340 30.250
PV-005336845028	31.415	PV-005336845028 31.415
PV-005336845029	27.161	PV-005336845029 27.161
PV-005336866222	25.549	PV-005336866222 25.549
PV-005336870782	27.486	PV-005336870782 27.486
PV-005336875885	30.924	PV-005336875885 30.924
PV-005336909084	27.826	PV-005336909084 27.826
PV-005336918221	27.433	PV-005336918221 27.433
PV-005336919129	30.489	PV-005336919129 30.489
PV-005336919130	28.944	PV-005336919130 28.944
PV-005336919131	27.869	PV-005336919131 27.869
PV-005336934921	30.038	PV-005336934921 30.038
PV-005336954414	28.869	PV-005336954414 28.869
PV-005336964279	30.243	PV-005336964279 30.243
PV-005336964280	26.392	PV-005336964280 26.392
PV-005336964281	29.97	PV-005336964281 29.970
PV-005336980365	29.095	PV-005336980365 29.095
PV-005336987053	28.118	PV-005336987053 28.118
PV-005337032731	29.257	PV-005337032731 29.257
PV-005337043117	27.427	PV-005337043117 27.427
PV-005337054306	29.986	PV-005337054306 29.986
PV-005337054307	27.447	PV-005337054307 27.447
PV-005337054308	29.794	PV-005337054308 29.794
PV-005337054591	29.562	PV-005337054591 29.562
PV-005337056879	27.534	PV-005337056879 27.534
PV-005337068044	25.126	PV-005337068044 25.126
PV-005337114444	29.203	PV-005337114444 29.203
PV-005337120279	27.374	PV-005337120279 27.374
PV-005337121639	30.689	PV-005337121639 30.689
PV-005337129851	28.502	PV-005337129851 28.502
PV-005337137846	29.251	PV-005337137846 29.251
PV-005337167480	29.933	PV-005337167480 29.933
PV-005337167481	29.888	PV-005337167481 29.888
PV-005337172597	29.326	PV-005337172597 29.326
PV-005337181557	30.589	PV-005337181557 30.589
PV-005337183912	26.265	PV-005337183912 26.265
PV-005337183913	28.949	PV-005337183913 28.949
PV-005337183914	29.529	PV-005337183914 29.529
PV-005337194191	30.108	PV-005337194191 30.108
PV-005337194192	30.041	PV-005337194192 30.041
PV-005337194193	27.551	PV-005337194193 27.551
PV-005337207407	29.741	PV-005337207407 29.741
PV-005337223117	31.803	PV-005337223117 31.803
PV-005337225348	30.597	PV-005337225348 30.597
PV-005337242053	29.121	PV-005337242053 29.121
PV-005337242054	26.735	PV-005337242054 26.735
PV-005337248994	30.62	PV-005337248994 30.620
PV-005337269045	25.741	PV-005337269045 25.741
PV-005337303698	29.951	PV-005337303698 29.951
PV-005337303716	30.639	PV-005337303716 30.639
PV-005337310778	30.467	PV-005337310778 30.467
PV-005337366046	30.733	PV-005337366046 30.733
PV-005337374104	29.901	PV-005337374104 29.901
PV-005337382908	26.217	PV-005337382908 26.217
PV-005337383429	26.501	PV-005337383429 26.501
PV-005337415100	29.167	PV-005337415100 29.167
PV-005337415380	25.946	PV-005337415380 25.946
PV-005337419315	29.384	PV-005337419315 29.384
PV-005337420446	30.907	PV-005337420446 30.907
PV-005337420447	27.193	PV-005337420447 27.193
PV-005337420448	25.786	PV-005337420448 25.786
PV-005337446924	30.879	PV-005337446924 30.879
PV-005337446925	30.832	PV-005337446925 30.832
PV-005337446926	26.569	PV-005337446926 26.569
PV-005337448385	31.678	PV-005337448385 31.678
PV-005337448386	31.009	PV-005337448386 31.009
PV-005337448387	29.316	PV-005337448387 29.316
PV-005337449524	28.08	PV-005337449524 28.080
PV-005337456778	28.96	PV-005337456778 28.960
PV-005337458192	30.443	PV-005337458192 30.443
PV-005337463293	27.121	PV-005337463293 27.121
PV-005337463294	30.776	PV-005337463294 30.776
PV-005337463295	29.693	PV-005337463295 29.693
PV-005337469772	29.626	PV-005337469772 29.626
PV-005337469773	31.424	PV-005337469773 31.424
PV-005337498095	26.837	PV-005337498095 26.837
PV-005337498096	30.439	PV-005337498096 30.439
PV-005337498097	26.529	PV-005337498097 26.529
PV-005337500326	29.606	PV-005337500326 29.606
PV-005337525342	29.884	PV-005337525342 29.884
PV-005337527082	30.185	PV-005337527082 30.185
PV-005337552663	30.385	PV-005337552663 30.385
PV-005337564799	29.903	PV-005337564799 29.903
PV-005337581183	29.388	PV-005337581183 29.388
PV-005337585535	29.922	PV-005337585535 29.922
PV-005337598196	33.152	PV-005337598196 33.152
PV-005337598197	30.269	PV-005337598197 30.269
PV-005337603897	30.158	PV-005337603897 30.158
PV-005337611584	30.515	PV-005337611584 30.515
PV-005337611585	28.398	PV-005337611585 28.398
PV-005337630277	27.395	PV-005337630277 27.395
PV-005337650626	25.498	PV-005337650626 25.498
PV-005337737341	30.6	PV-005337737341 30.600
PV-005337782998	29.204	PV-005337782998 29.204
PV-005337812573	31.481	PV-005337812573 31.481
PV-005337854736	30.441	PV-005337854736 30.441
PV-005337855290	31.219	PV-005337855290 31.219
PV-005337862248	26.327	PV-005337862248 26.327
PV-005337878402	29.692	PV-005337878402 29.692
PV-005337880247	29.264	PV-005337880247 29.264
PV-005337929812	30.474	PV-005337929812 30.474
PV-005337987979	28.087	PV-005337987979 28.087
PV-005337997450	29.857	PV-005337997450 29.857
PV-005338013325	32.328	PV-005338013325 32.328
PV-005338023351	26.623	PV-005338023351 26.623
PV-005338023352	30.382	PV-005338023352 30.382
PV-005338023353	30.733	PV-005338023353 30.733
PV-005338035294	30.479	PV-005338035294 30.479
PV-005338035295	29.133	PV-005338035295 29.133
PV-005338035296	30.054	PV-005338035296 30.054
PV-005338038441	29.362	PV-005338038441 29.362
PV-005338048510	28.822	PV-005338048510 28.822
PV-005338082231	29.803	PV-005338082231 29.803
PV-005338109396	29.639	PV-005338109396 29.639
PV-005338110833	25.617	PV-005338110833 25.617
PV-005338129448	29.506	PV-005338129448 29.506
PV-005338130557	29.621	PV-005338130557 29.621
PV-005338130558	31.07	PV-005338130558 31.070
PV-005338130559	31.465	PV-005338130559 31.465
PV-005338168460	31.142	PV-005338168460 31.142
PV-005338173134	29.965	PV-005338173134 29.965
PV-005338201409	28.492	PV-005338201409 28.492
PV-005338219203	27.744	PV-005338219203 27.744
PV-005338220114	29.548	PV-005338220114 29.548
PV-005338263241	30.639	PV-005338263241 30.639
PV-005338263242	30.38	PV-005338263242 30.380
PV-005338263243	29.056	PV-005338263243 29.056
PV-005338268361	28.766	PV-005338268361 28.766
PV-005338293291	29.97	PV-005338293291 29.970
PV-005338298337	30.747	PV-005338298337 30.747
PV-005338326978	25.179	PV-005338326978 25.179
PV-005338326979	26.554	PV-005338326979 26.554
PV-005338326980	30.214	PV-005338326980 30.214
PV-005338326981	28.947	PV-005338326981 28.947
PV-005338326982	28.478	PV-005338326982 28.478
PV-005338326983	29.248	PV-005338326983 29.248
PV-005338372380	25.894	PV-005338372380 25.894
PV-005338385785	30.528	PV-005338385785 30.528
PV-005338390461	32.002	PV-005338390461 32.002
PV-005338393740	30.397	PV-005338393740 30.397
PV-005338408180	28.887	PV-005338408180 28.887
PV-005338412649	26.435	PV-005338412649 26.435
PV-005338415899	29.348	PV-005338415899 29.348
PV-005338415900	27.434	PV-005338415900 27.434
PV-005338417635	31.676	PV-005338417635 31.676
PV-005338423964	29.951	PV-005338423964 29.951
PV-005338434975	28.66	PV-005338434975 28.660
PV-005338438403	30.338	PV-005338438403 30.338
PV-005338444848	27.562	PV-005338444848 27.562
PV-005338445741	28.614	PV-005338445741 28.614
PV-005338474074	31.028	PV-005338474074 31.028
PV-005338511435	29.283	PV-005338511435 29.283
PV-005338532205	29.236	PV-005338532205 29.236
PV-005338557337	31.016	PV-005338557337 31.016
PV-005338557338	25.915	PV-005338557338 25.915
PV-005338557339	30.29	PV-005338557339 30.290
PV-005338595334	30.138	PV-005338595334 30.138
PV-005338603301	30.249	PV-005338603301 30.249
PV-005338607316	30.846	PV-005338607316 30.846
PV-005338607317	30.473	PV-005338607317 30.473
PV-005338607318	29.509	PV-005338607318 29.509
PV-005338612677	29.889	PV-005338612677 29.889
PV-005338612678	26.434	PV-005338612678 26.434
PV-005338612679	31.181	PV-005338612679 31.181
PV-005338640682	31.454	PV-005338640682 31.454
PV-005338648016	29.49	PV-005338648016 29.490
PV-005338663809	28.341	PV-005338663809 28.341
PV-005338667098	30.249	PV-005338667098 30.249
PV-005338667099	30.677	PV-005338667099 30.677
PV-005338667100	27.318	PV-005338667100 27.318
PV-005338672515	29.911	PV-005338672515 29.911
PV-005338672516	30.046	PV-005338672516 30.046
PV-005338675448	29.352	PV-005338675448 29.352
PV-005338704888	28.858	PV-005338704888 28.858
PV-005338735406	25.934	PV-005338735406 25.934
PV-005338751360	29.758	PV-005338751360 29.758
PV-005338751361	25.785	PV-005338751361 25.785
PV-005338759758	31.057	PV-005338759758 31.057
PV-005338762619	30.44	PV-005338762619 30.440
PV-005338779035	26.274	PV-005338779035 26.274
PV-005338795560	30.523	PV-005338795560 30.523
PV-005338795561	29.62	PV-005338795561 29.620
PV-005338795562	26.042	PV-005338795562 26.042
PV-005338827022	26.192	PV-005338827022 26.192
PV-005338832792	27.135	PV-005338832792 27.135
PV-005338849679	29.922	PV-005338849679 29.922
PV-005338850158	29.527	PV-005338850158 29.527
PV-005338860595	29.419	PV-005338860595 29.419
PV-005338874733	24.932	PV-005338874733 24.932
PV-005338874734	30.02	PV-005338874734 30.020
PV-005338874735	29.774	PV-005338874735 29.774
PV-005338874736	25.667	PV-005338874736 25.667
PV-005338874737	26.721	PV-005338874737 26.721
PV-005338874738	31.317	PV-005338874738 31.317
PV-005338874739	30.498	PV-005338874739 30.498
PV-005338874740	31.137	PV-005338874740 31.137
PV-005338874741	30.434	PV-005338874741 30.434
PV-005338878804	31.05	PV-005338878804 31.050
PV-005338894013	27.177	PV-005338894013 27.177
PV-005338897909	29.368	PV-005338897909 29.368
PV-005338912868	30.729	PV-005338912868 30.729
PV-005338915373	26.139	PV-005338915373 26.139
PV-005338921254	31.111	PV-005338921254 31.111
PV-005338926669	29.721	PV-005338926669 29.721
PV-005338929537	29.192	PV-005338929537 29.192
PV-005338936715	28.707	PV-005338936715 28.707
PV-005338943869	27.187	PV-005338943869 27.187
PV-005338960067	31.388	PV-005338960067 31.388
PV-005338971038	31.781	PV-005338971038 31.781
PV-005338999651	25.036	PV-005338999651 25.036
PV-005339001615	31.222	PV-005339001615 31.222
PV-005339001616	29.178	PV-005339001616 29.178
PV-005339006930	29.919	PV-005339006930 29.919
PV-005339006931	30.748	PV-005339006931 30.748
PV-005339006932	27.431	PV-005339006932 27.431
PV-005339013157	29.145	PV-005339013157 29.145
PV-005339013158	26.285	PV-005339013158 26.285
PV-005339013159	27.2	PV-005339013159 27.200
PV-005339020698	29.158	PV-005339020698 29.158
PV-005339020699	25.591	PV-005339020699 25.591
PV-005339058084	29.886	PV-005339058084 29.886
PV-005339063651	28.894	PV-005339063651 28.894
PV-005339078709	30.754	PV-005339078709 30.754
PV-005339088787	30.552	PV-005339088787 30.552
PV-005339099568	27.099	PV-005339099568 27.099
PV-005339104973	29.568	PV-005339104973 29.568
PV-005339107945	31.193	PV-005339107945 31.193
PV-005339107946	25.439	PV-005339107946 25.439
PV-005339107947	30.658	PV-005339107947 30.658
PV-005339117805	30.846	PV-005339117805 30.846
PV-005339133041	30.677	PV-005339133041 30.677
PV-005339133042	26.275	PV-005339133042 26.275
PV-005339133043	31.538	PV-005339133043 31.538
PV-005339145063	29.29	PV-005339145063 29.290
PV-005339145064	28.805	PV-005339145064 28.805
PV-005339145065	29.949	PV-005339145065 29.949
PV-005339149293	27.098	PV-005339149293 27.098
PV-005339156838	29.798	PV-005339156838 29.798
PV-005339156839	26.963	PV-005339156839 26.963
PV-005339156840	28.378	PV-005339156840 28.378
PV-005339161103	30.989	PV-005339161103 30.989
PV-005339161104	26.593	PV-005339161104 26.593
PV-005339161105	26.309	PV-005339161105 26.309
PV-005339203840	26.907	PV-005339203840 26.907
PV-005339203841	26.058	PV-005339203841 26.058
PV-005339203842	28.682	PV-005339203842 28.682
PV-005339222928	28.172	PV-005339222928 28.172
PV-005339249634	26.337	PV-005339249634 26.337
PV-005339249635	29.351	PV-005339249635 29.351
PV-005339249636	30.317	PV-005339249636 30.317
PV-005339253355	27.785	PV-005339253355 27.785
PV-005339271646	30.147	PV-005339271646 30.147
PV-005339278178	29.585	PV-005339278178 29.585
PV-005339300712	29.302	PV-005339300712 29.302
PV-005339377427	32.43	PV-005339377427 32.430
PV-005339377428	31.123	PV-005339377428 31.123
PV-005339385496	29.112	PV-005339385496 29.112
PV-005339396174	30.545	PV-005339396174 30.545
PV-005339396175	31.383	PV-005339396175 31.383
PV-005339396176	29.74	PV-005339396176 29.740
PV-005339399602	27.846	PV-005339399602 27.846
PV-005339417379	27.094	PV-005339417379 27.094
PV-005339417380	29.845	PV-005339417380 29.845
PV-005339419063	29.947	PV-005339419063 29.947
PV-005339419064	29.946	PV-005339419064 29.946
PV-005339455649	28.223	PV-005339455649 28.223
PV-005339455650	30.813	PV-005339455650 30.813
PV-005339455651	28.167	PV-005339455651 28.167
PV-005339471228	29.356	PV-005339471228 29.356
PV-005339488795	26.0	PV-005339488795 26.000
PV-005339531877	30.478	PV-005339531877 30.478
PV-005339538383	29.529	PV-005339538383 29.529
PV-005339542156	30.141	PV-005339542156 30.141
PV-005339542157	27.111	PV-005339542157 27.111
PV-005339542158	26.553	PV-005339542158 26.553
PV-005339551815	29.69	PV-005339551815 29.690
PV-005339556475	31.078	PV-005339556475 31.078
PV-005339562715	29.109	PV-005339562715 29.109
PV-005339569733	29.126	PV-005339569733 29.126
PV-005339599422	31.397	PV-005339599422 31.397
PV-005339612234	30.799	PV-005339612234 30.799
PV-005339612235	30.275	PV-005339612235 30.275
PV-005339622375	30.761	PV-005339622375 30.761
PV-005339631972	28.987	PV-005339631972 28.987
PV-005339641034	29.036	PV-005339641034 29.036
PV-005339673123	26.575	PV-005339673123 26.575
PV-005339677878	29.027	PV-005339677878 29.027
PV-005339678301	30.581	PV-005339678301 30.581
PV-005339692497	27.089	PV-005339692497 27.089
PV-005339700863	27.207	PV-005339700863 27.207
PV-005339706939	27.296	PV-005339706939 27.296
PV-005339718125	30.094	PV-005339718125 30.094
PV-005339718126	30.694	PV-005339718126 30.694
PV-005339718127	30.339	PV-005339718127 30.339
PV-005339718164	25.736	PV-005339718164 25.736
PV-005339731362	25.541	PV-005339731362 25.541
PV-005339731363	29.919	PV-005339731363 29.919
PV-005339731364	26.801	PV-005339731364 26.801
PV-005339743186	29.666	PV-005339743186 29.666
PV-005339749690	29.753	PV-005339749690 29.753
PV-005339749691	27.364	PV-005339749691 27.364
PV-005339749692	28.018	PV-005339749692 28.018
PV-005339755452	26.857	PV-005339755452 26.857
PV-005339755453	27.828	PV-005339755453 27.828
PV-005339755454	30.361	PV-005339755454 30.361
PV-005339763408	26.754	PV-005339763408 26.754
PV-005339763409	25.632	PV-005339763409 25.632
PV-005339768851	30.128	PV-005339768851 30.128
PV-005339858631	29.652	PV-005339858631 29.652
PV-005339875781	28.53	PV-005339875781 28.530
PV-005339878328	31.975	PV-005339878328 31.975
PV-005339878468	26.18	PV-005339878468 26.180
PV-005339895747	31.309	PV-005339895747 31.309
PV-005339924804	29.201	PV-005339924804 29.201
PV-005339924805	26.951	PV-005339924805 26.951
PV-005339924806	29.637	PV-005339924806 29.637
PV-005339927392	27.156	PV-005339927392 27.156
PV-005339929819	29.585	PV-005339929819 29.585
PV-005339945832	29.267	PV-005339945832 29.267
PV-005339946156	32.149	PV-005339946156 32.149
PV-005339969950	29.834	PV-005339969950 29.834
PV-005339969951	29.902	PV-005339969951 29.902
PV-005339969952	26.091	PV-005339969952 26.091
PV-005339981539	30.164	PV-005339981539 30.164
PV-005339981540	26.086	PV-005339981540 26.086
PV-005339987983	27.532	PV-005339987983 27.532
PV-005339987984	29.181	PV-005339987984 29.181
PV-005339987985	29.788	PV-005339987985 29.788
PV-005339990043	27.006	PV-005339990043 27.006
PV-005340013322	27.97	PV-005340013322 27.970
PV-005340013323	27.77	PV-005340013323 27.770
PV-005340017724	29.071	PV-005340017724 29.071
PV-005340020768	29.581	PV-005340020768 29.581
PV-005340020769	31.617	PV-005340020769 31.617
PV-005340045018	27.821	PV-005340045018 27.821
PV-005340082096	31.153	PV-005340082096 31.153
PV-005340099029	27.374	PV-005340099029 27.374
PV-005340166717	30.391	PV-005340166717 30.391
PV-005340166718	29.517	PV-005340166718 29.517
PV-005340181002	30.507	PV-005340181002 30.507
PV-005340185952	30.117	PV-005340185952 30.117
PV-005340186266	26.601	PV-005340186266 26.601
PV-005340188638	26.291	PV-005340188638 26.291
PV-005340193134	25.516	PV-005340193134 25.516
PV-005340199370	30.912	PV-005340199370 30.912
PV-005340199371	30.497	PV-005340199371 30.497
PV-005340199372	27.685	PV-005340199372 27.685
PV-005340213023	28.779	PV-005340213023 28.779
PV-005340219948	31.15	PV-005340219948 31.150
PV-005340239834	30.949	PV-005340239834 30.949
PV-005340242655	28.496	PV-005340242655 28.496
PV-005340242656	27.936	PV-005340242656 27.936
PV-005340242657	29.644	PV-005340242657 29.644
PV-005340252376	26.008	PV-005340252376 26.008
PV-005340252377	31.488	PV-005340252377 31.488
PV-005340266377	26.488	PV-005340266377 26.488
PV-005340266378	27.632	PV-005340266378 27.632
PV-005340266379	30.933	PV-005340266379 30.933
PV-005340286136	26.625	PV-005340286136 26.625
PV-005340290430	29.314	PV-005340290430 29.314
PV-005340296016	30.078	PV-005340296016 30.078
PV-005340297410	29.474	PV-005340297410 29.474
PV-005340316173	27.926	PV-005340316173 27.926
PV-005340340799	29.634	PV-005340340799 29.634
PV-005340360431	29.164	PV-005340360431 29.164
PV-005340360432	26.906	PV-005340360432 26.906
PV-005340360433	30.523	PV-005340360433 30.523
PV-005340364299	29.521	PV-005340364299 29.521
PV-005340382997	29.97	PV-005340382997 29.970
PV-005340384026	31.36	PV-005340384026 31.360
PV-005340406314	28.123	PV-005340406314 28.123
PV-005340411719	30.412	PV-005340411719 30.412
PV-005340419472	30.951	PV-005340419472 30.951
PV-005340423741	29.182	PV-005340423741 29.182
PV-005340435720	28.572	PV-005340435720 28.572
PV-005340463948	30.786	PV-005340463948 30.786
PV-005340463949	31.8	PV-005340463949 31.800
PV-005340465470	27.57	PV-005340465470 27.570
PV-005340484527	31.221	PV-005340484527 31.221
PV-005340486036	28.618	PV-005340486036 28.618
PV-005340505470	29.965	PV-005340505470 29.965
PV-005340554771	30.045	PV-005340554771 30.045
PV-005340574934	25.796	PV-005340574934 25.796
PV-005340593168	30.008	PV-005340593168 30.008
PV-005340593169	31.522	PV-005340593169 31.522
PV-005340626826	29.747	PV-005340626826 29.747
PV-005340639183	25.544	PV-005340639183 25.544
PV-005340647318	29.698	PV-005340647318 29.698
PV-005340689549	29.387	PV-005340689549 29.387
PV-005340689550	30.165	PV-005340689550 30.165
PV-005340690746	28.209	PV-005340690746 28.209
PV-005340692206	29.21	PV-005340692206 29.210
PV-005340707105	30.326	PV-005340707105 30.326
PV-005340707106	30.482	PV-005340707106 30.482
PV-005340707107	31.757	PV-005340707107 31.757
PV-005340713551	31.866	PV-005340713551 31.866
PV-005340746316	29.391	PV-005340746316 29.391
PV-005340749407	31.746	PV-005340749407 31.746
PV-005340753133	28.672	PV-005340753133 28.672
PV-005340761846	26.734	PV-005340761846 26.734
PV-005340826809	26.194	PV-005340826809 26.194
PV-005340843025	29.645	PV-005340843025 29.645
PV-005340867676	29.38	PV-005340867676 29.380
PV-005340898162	30.663	PV-005340898162 30.663
PV-005340904122	25.769	PV-005340904122 25.769
PV-005340910581	29.582	PV-005340910581 29.582
PV-005340928222	30.661	PV-005340928222 30.661
PV-005340942902	31.541	PV-005340942902 31.541
PV-005340942903	28.712	PV-005340942903 28.712
PV-005340958326	30.514	PV-005340958326 30.514
PV-005340990599	29.673	PV-005340990599 29.673
PV-005341005085	29.445	PV-005341005085 29.445
PV-005341015983	29.173	PV-005341015983 29.173
PV-005341015984	28.328	PV-005341015984 28.328
PV-005341015985	29.569	PV-005341015985 29.569
PV-005341038816	31.332	PV-005341038816 31.332
PV-005341057645	30.579	PV-005341057645 30.579
PV-005341057646	30.023	PV-005341057646 30.023
PV-005341057647	31.245	PV-005341057647 31.245
PV-005341070948	30.438	PV-005341070948 30.438
PV-005341076118	26.05	PV-005341076118 26.050
PV-005341076119	30.631	PV-005341076119 30.631
PV-005341076120	28.906	PV-005341076120 28.906
PV-005341188723	31.337	PV-005341188723 31.337
PV-005341188724	30.493	PV-005341188724 30.493
PV-005341188725	26.205	PV-005341188725 26.205
PV-005341201395	32.001	PV-005341201395 32.001
PV-005341211834	26.382	PV-005341211834 26.382
PV-005341212173	30.17	PV-005341212173 30.170
PV-005341228850	27.691	PV-005341228850 27.691
PV-005341237398	29.764	PV-005341237398 29.764
PV-005341260828	26.241	PV-005341260828 26.241
PV-005341262309	29.279	PV-005341262309 29.279
PV-005341278901	26.168	PV-005341278901 26.168
PV-005341280595	28.917	PV-005341280595 28.917
PV-005341283028	30.778	PV-005341283028 30.778
PV-005341313962	29.872	PV-005341313962 29.872
PV-005341313963	29.068	PV-005341313963 29.068
PV-005341334187	29.104	PV-005341334187 29.104
PV-005341356532	28.733	PV-005341356532 28.733
PV-005341385504	26.381	PV-005341385504 26.381
PV-005341397804	28.297	PV-005341397804 28.297
PV-005341398760	25.581	PV-005341398760 25.581
PV-005341418607	30.627	PV-005341418607 30.627
PV-005341431588	29.261	PV-005341431588 29.261
PV-005341434752	29.208	PV-005341434752 29.208
PV-005341436120	31.228	PV-005341436120 31.228
PV-005341448384	29.589	PV-005341448384 29.589
PV-005341487926	31.958	PV-005341487926 31.958
PV-005341487927	27.078	PV-005341487927 27.078
PV-005341487928	26.026	PV-005341487928 26.026
PV-005341493005	29.14	PV-005341493005 29.140
PV-005341493148	27.817	PV-005341493148 27.817
PV-005341515647	25.814	PV-005341515647 25.814
PV-005341572574	29.364	PV-005341572574 29.364
PV-005341577568	27.758	PV-005341577568 27.758
PV-005341581883	29.839	PV-005341581883 29.839
PV-005341581884	27.086	PV-005341581884 27.086
PV-005341603152	26.089	PV-005341603152 26.089
PV-005341610838	30.515	PV-005341610838 30.515
PV-005341621247	27.685	PV-005341621247 27.685
PV-005341641871	31.412	PV-005341641871 31.412
PV-005341657017	26.488	PV-005341657017 26.488
PV-005341668920	30.005	PV-005341668920 30.005
PV-005341672438	29.965	PV-005341672438 29.965
PV-005341675906	29.101	PV-005341675906 29.101
PV-005341677168	25.313	PV-005341677168 25.313
PV-005341718657	30.802	PV-005341718657 30.802
PV-005341740394	30.942	PV-005341740394 30.942
PV-005341740395	27.483	PV-005341740395 27.483
PV-005341740396	29.509	PV-005341740396 29.509
PV-005341741419	25.881	PV-005341741419 25.881
PV-005341749874	31.528	PV-005341749874 31.528
PV-005341765692	29.597	PV-005341765692 29.597
PV-005341772157	27.246	PV-005341772157 27.246
PV-005341775746	30.179	PV-005341775746 30.179
PV-005341775748	29.359	PV-005341775748 29.359
PV-005341781297	29.58	PV-005341781297 29.580
PV-005341788904	29.054	PV-005341788904 29.054
PV-005341790420	29.686	PV-005341790420 29.686
PV-005341805141	29.799	PV-005341805141 29.799
PV-005341805142	31.313	PV-005341805142 31.313
PV-005341805143	26.478	PV-005341805143 26.478
PV-005341807290	31.582	PV-005341807290 31.582
PV-005341818743	28.715	PV-005341818743 28.715
PV-005341831106	26.221	PV-005341831106 26.221
PV-005341865175	30.356	PV-005341865175 30.356
PV-005341910560	30.214	PV-005341910560 30.214
PV-005341914680	25.536	PV-005341914680 25.536
PV-005341914681	28.271	PV-005341914681 28.271
PV-005341942520	28.882	PV-005341942520 28.882
PV-005341956314	30.317	PV-005341956314 30.317
PV-005341959113	29.54	PV-005341959113 29.540
PV-005341972856	28.232	PV-005341972856 28.232
PV-005341977319	29.082	PV-005341977319 29.082
PV-005341984613	25.872	PV-005341984613 25.872
PV-005341985364	28.989	PV-005341985364 28.989
PV-005341985365	30.246	PV-005341985365 30.246
PV-005342032643	31.66	PV-005342032643 31.660
PV-005342032644	25.914	PV-005342032644 25.914
PV-005342032645	29.847	PV-005342032645 29.847
PV-005342045060	29.727	PV-005342045060 29.727
PV-005342061707	31.664	PV-005342061707 31.664
PV-005342065517	27.462	PV-005342065517 27.462
PV-005342080787	25.88	PV-005342080787 25.880
PV-005342100865	30.059	PV-005342100865 30.059
PV-005342122062	30.769	PV-005342122062 30.769
PV-005342122063	28.758	PV-005342122063 28.758
PV-005342127478	30.605	PV-005342127478 30.605
PV-005342127479	27.316	PV-005342127479 27.316
PV-005342127480	29.134	PV-005342127480 29.134
PV-005342131563	31.636	PV-005342131563 31.636
PV-005342140241	27.989	PV-005342140241 27.989
PV-005342143100	27.515	PV-005342143100 27.515
PV-005342144726	27.62	PV-005342144726 27.620
PV-005342172933	29.276	PV-005342172933 29.276
PV-005342172934	31.382	PV-005342172934 31.382
PV-005342172935	29.159	PV-005342172935 29.159
PV-005342199053	30.21	PV-005342199053 30.210
PV-005342213923	28.667	PV-005342213923 28.667
PV-005342226767	30.407	PV-005342226767 30.407
PV-005342229130	30.116	PV-005342229130 30.116
PV-005342272053	31.961	PV-005342272053 31.961
PV-005342274533	27.968	PV-005342274533 27.968
PV-005342285916	29.308	PV-005342285916 29.308
PV-005342300672	31.745	PV-005342300672 31.745
PV-005342300673	28.551	PV-005342300673 28.551
PV-005342300674	27.655	PV-005342300674 27.655
PV-005342309434	29.23	PV-005342309434 29.230
PV-005342367770	26.732	PV-005342367770 26.732
PV-005342379977	29.564	PV-005342379977 29.564
PV-005342379979	28.603	PV-005342379979 28.603
PV-005342385927	30.771	PV-005342385927 30.771
PV-005342386730	31.277	PV-005342386730 31.277
PV-005342386731	30.103	PV-005342386731 30.103
PV-005342445792	30.948	PV-005342445792 30.948
PV-005342445793	25.891	PV-005342445793 25.891
PV-005342445794	26.578	PV-005342445794 26.578
PV-005342447004	29.955	PV-005342447004 29.955
PV-005342452052	27.949	PV-005342452052 27.949
PV-005342454006	25.935	PV-005342454006 25.935
PV-005342454007	29.245	PV-005342454007 29.245
PV-005342454008	30.386	PV-005342454008 30.386
PV-005342461127	30.596	PV-005342461127 30.596
PV-005342461128	25.297	PV-005342461128 25.297
PV-005342461129	28.789	PV-005342461129 28.789
PV-005342481777	29.217	PV-005342481777 29.217
PV-005342484037	29.968	PV-005342484037 29.968
PV-005342518955	30.838	PV-005342518955 30.838
PV-005342523649	26.86	PV-005342523649 26.860
PV-005342539008	28.934	PV-005342539008 28.934
PV-005342553371	30.782	PV-005342553371 30.782
PV-005342574278	25.586	PV-005342574278 25.586
PV-005342575385	27.649	PV-005342575385 27.649
PV-005342616279	28.25	PV-005342616279 28.250
PV-005342622971	31.607	PV-005342622971 31.607
PV-005342622972	29.52	PV-005342622972 29.520
PV-005342622973	29.114	PV-005342622973 29.114
PV-005342651840	31.188	PV-005342651840 31.188
PV-005342660248	31.6	PV-005342660248 31.600
PV-005342688055	25.919	PV-005342688055 25.919
PV-005342689792	29.981	PV-005342689792 29.981
PV-005342690156	29.002	PV-005342690156 29.002
PV-005342718121	31.795	PV-005342718121 31.795
PV-005342741659	28.794	PV-005342741659 28.794
PV-005342741660	28.146	PV-005342741660 28.146
PV-005342761448	31.077	PV-005342761448 31.077
PV-005342763037	32.483	PV-005342763037 32.483
PV-005342763038	31.562	PV-005342763038 31.562
PV-005342763039	26.856	PV-005342763039 26.856
PV-005342764801	31.038	PV-005342764801 31.038
PV-005342764802	29.339	PV-005342764802 29.339
PV-005342764803	30.857	PV-005342764803 30.857
PV-005342774491	27.687	PV-005342774491 27.687
PV-005342780939	30.738	PV-005342780939 30.738
PV-005342784963	28.174	PV-005342784963 28.174
PV-005342799935	29.543	PV-005342799935 29.543
PV-005342855870	29.698	PV-005342855870 29.698
PV-005342876377	29.257	PV-005342876377 29.257
PV-005342880627	29.934	PV-005342880627 29.934
PV-005342891267	30.402	PV-005342891267 30.402
PV-005342891268	27.551	PV-005342891268 27.551
PV-005342900915	27.028	PV-005342900915 27.028
PV-005342925728	28.957	PV-005342925728 28.957
PV-005342925729	31.206	PV-005342925729 31.206
PV-005342925730	30.33	PV-005342925730 30.330
PV-005342932234	28.481	PV-005342932234 28.481
PV-005342950481	29.446	PV-005342950481 29.446
PV-005342983248	27.551	PV-005342983248 27.551
PV-005342987332	31.463	PV-005342987332 31.463
PV-005342995246	30.367	PV-005342995246 30.367
PV-005342997946	29.999	PV-005342997946 29.999
PV-005343009037	26.883	PV-005343009037 26.883
PV-005343019912	28.844	PV-005343019912 28.844
PV-005343034559	29.14	PV-005343034559 29.140
PV-005343079048	25.403	PV-005343079048 25.403
PV-005343087416	26.786	PV-005343087416 26.786
PV-005343154321	26.073	PV-005343154321 26.073
PV-005343154322	28.979	PV-005343154322 28.979
PV-005343154323	28.489	PV-005343154323 28.489
PV-005343154512	27.066	PV-005343154512 27.066
PV-005343173625	30.975	PV-005343173625 30.975
PV-005343182519	29.902	PV-005343182519 29.902
PV-005343237031	29.199	PV-005343237031 29.199
PV-005343242037	30.339	PV-005343242037 30.339
PV-005343285164	29.814	PV-005343285164 29.814
PV-005343286921	28.652	PV-005343286921 28.652
PV-005343286922	31.476	PV-005343286922 31.476
PV-005343289675	29.987	PV-005343289675 29.987
PV-005343292153	31.002	PV-005343292153 31.002
PV-005343293518	29.728	PV-005343293518 29.728
PV-005343296631	28.365	PV-005343296631 28.365
PV-005343296632	30.691	PV-005343296632 30.691
PV-005343296633	28.971	PV-005343296633 28.971
PV-005343314514	27.21	PV-005343314514 27.210
PV-005343336780	29.084	PV-005343336780 29.084
PV-005343342965	27.211	PV-005343342965 27.211
PV-005343350159	29.19	PV-005343350159 29.190
PV-005343375395	31.223	PV-005343375395 31.223
PV-005343468067	26.249	PV-005343468067 26.249
PV-005343471539	27.078	PV-005343471539 27.078
PV-005343471540	28.789	PV-005343471540 28.789
PV-005343478648	28.759	PV-005343478648 28.759
PV-005343479001	27.669	PV-005343479001 27.669
PV-005343522078	27.244	PV-005343522078 27.244
PV-005343522079	31.556	PV-005343522079 31.556
PV-005343547530	29.084	PV-005343547530 29.084
PV-005343559576	26.552	PV-005343559576 26.552
PV-005343566472	31.287	PV-005343566472 31.287
PV-005343566473	29.324	PV-005343566473 29.324
PV-005343566474	30.191	PV-005343566474 30.191
PV-005343566844	29.053	PV-005343566844 29.053
PV-005343584812	28.971	PV-005343584812 28.971
PV-005343585019	29.763	PV-005343585019 29.763
PV-005343604663	31.55	PV-005343604663 31.550
PV-005343605986	31.527	PV-005343605986 31.527
PV-005343630029	30.113	PV-005343630029 30.113
PV-005343630030	27.912	PV-005343630030 27.912
PV-005343630031	28.317	PV-005343630031 28.317
PV-005343634089	31.403	PV-005343634089 31.403
PV-005343733663	27.573	PV-005343733663 27.573
PV-005343735748	25.495	PV-005343735748 25.495
PV-005343746871	30.445	PV-005343746871 30.445
PV-005343750634	26.79	PV-005343750634 26.790
PV-005343770180	30.052	PV-005343770180 30.052
PV-005343785164	29.428	PV-005343785164 29.428
PV-005343796787	28.736	PV-005343796787 28.736
PV-005343796934	30.596	PV-005343796934 30.596
PV-005343796935	29.96	PV-005343796935 29.960
PV-005343796936	31.253	PV-005343796936 31.253
PV-005343813573	29.2	PV-005343813573 29.200
PV-005343813574	30.018	PV-005343813574 30.018
PV-005343847281	26.027	PV-005343847281 26.027
PV-005343849403	28.677	PV-005343849403 28.677
PV-005343879179	26.652	PV-005343879179 26.652
PV-005343899443	29.049	PV-005343899443 29.049
PV-005343899444	31.268	PV-005343899444 31.268
PV-005343899445	25.903	PV-005343899445 25.903
PV-005343904033	30.645	PV-005343904033 30.645
PV-005343904034	30.508	PV-005343904034 30.508
PV-005343904035	28.656	PV-005343904035 28.656
PV-005343986797	29.909	PV-005343986797 29.909
PV-005344008404	26.626	PV-005344008404 26.626
PV-005344025988	29.613	PV-005344025988 29.613
PV-005344069746	30.362	PV-005344069746 30.362
PV-005344083976	25.926	PV-005344083976 25.926
PV-005344087819	29.141	PV-005344087819 29.141
PV-005344087820	29.099	PV-005344087820 29.099
PV-005344097648	27.082	PV-005344097648 27.082
PV-005344104267	28.711	PV-005344104267 28.711
PV-005344104268	31.158	PV-005344104268 31.158
PV-005344104269	29.687	PV-005344104269 29.687
PV-005344109535	30.429	PV-005344109535 30.429
PV-005344109536	30.859	PV-005344109536 30.859
PV-005344144347	26.147	PV-005344144347 26.147
PV-005344144348	30.034	PV-005344144348 30.034
PV-005344144349	31.154	PV-005344144349 31.154
PV-005344155389	28.904	PV-005344155389 28.904
PV-005344155390	26.664	PV-005344155390 26.664
PV-005344155391	31.398	PV-005344155391 31.398
PV-005344186477	30.617	PV-005344186477 30.617
PV-005344191063	30.538	PV-005344191063 30.538
PV-005344191064	26.162	PV-005344191064 26.162
PV-005344191065	26.806	PV-005344191065 26.806
PV-005344208240	31.018	PV-005344208240 31.018
PV-005344223296	26.603	PV-005344223296 26.603
PV-005344226661	30.188	PV-005344226661 30.188
PV-005344227812	25.469	PV-005344227812 25.469
PV-005344227813	30.056	PV-005344227813 30.056
PV-005344272222	32.225	PV-005344272222 32.225
PV-005344296440	27.659	PV-005344296440 27.659
PV-005344305411	28.856	PV-005344305411 28.856
PV-005344361547	27.989	PV-005344361547 27.989
PV-005344418542	30.789	PV-005344418542 30.789
PV-005344483295	28.527	PV-005344483295 28.527
PV-005344483296	30.586	PV-005344483296 30.586
PV-005344483297	29.763	PV-005344483297 29.763
PV-005344497743	29.068	PV-005344497743 29.068
PV-005344506824	27.659	PV-005344506824 27.659
PV-005344508362	26.411	PV-005344508362 26.411
PV-005344517585	27.712	PV-005344517585 27.712
PV-005344517586	31.444	PV-005344517586 31.444
PV-005344517587	30.598	PV-005344517587 30.598
PV-005344526112	27.336	PV-005344526112 27.336
PV-005344531589	30.432	PV-005344531589 30.432
PV-005344546794	28.417	PV-005344546794 28.417
PV-005344546795	28.613	PV-005344546795 28.613
PV-005344568873	29.419	PV-005344568873 29.419
PV-005344572253	30.044	PV-005344572253 30.044
PV-005344572254	26.352	PV-005344572254 26.352
PV-005344572255	29.518	PV-005344572255 29.518
PV-005344572508	29.252	PV-005344572508 29.252
PV-005344583217	29.887	PV-005344583217 29.887
PV-005344583218	30.616	PV-005344583218 30.616
PV-005344583219	29.06	PV-005344583219 29.060
PV-005344599415	29.347	PV-005344599415 29.347
PV-005344601807	31.124	PV-005344601807 31.124
PV-005344601808	30.88	PV-005344601808 30.880
PV-005344643242	28.945	PV-005344643242 28.945
PV-005344644325	30.68	PV-005344644325 30.680
PV-005344644326	29.142	PV-005344644326 29.142
PV-005344644327	29.325	PV-005344644327 29.325
PV-005344648435	30.524	PV-005344648435 30.524
PV-005344664054	28.189	PV-005344664054 28.189
PV-005344669457	28.524	PV-005344669457 28.524
PV-005344681813	26.385	PV-005344681813 26.385
PV-005344689453	29.845	PV-005344689453 29.845
PV-005344711947	29.386	PV-005344711947 29.386
PV-005344721994	29.084	PV-005344721994 29.084
PV-005344737129	31.67	PV-005344737129 31.670
PV-005344745847	28.551	PV-005344745847 28.551
PV-005344751542	31.041	PV-005344751542 31.041
PV-005344783222	29.993	PV-005344783222 29.993
PV-005344783223	28.845	PV-005344783223 28.845
PV-005344783224	30.57	PV-005344783224 30.570
PV-005344784065	29.17	PV-005344784065 29.170
PV-005344808606	31.209	PV-005344808606 31.209
PV-005344826976	30.249	PV-005344826976 30.249
PV-005344859526	31.385	PV-005344859526 31.385
PV-005344877342	29.801	PV-005344877342 29.801
PV-005344877343	28.925	PV-005344877343 28.925
PV-005344883843	29.939	PV-005344883843 29.939
PV-005344883921	28.533	PV-005344883921 28.533
PV-005344883922	29.622	PV-005344883922 29.622
PV-005344883923	26.254	PV-005344883923 26.254
PV-005344892479	28.773	PV-005344892479 28.773
PV-005344899068	29.884	PV-005344899068 29.884
PV-005344899380	30.955	PV-005344899380 30.955
PV-005344936960	30.869	PV-005344936960 30.869
PV-005344936961	29.223	PV-005344936961 29.223
PV-005344968534	31.356	PV-005344968534 31.356
PV-005344968535	29.089	PV-005344968535 29.089
PV-005344973364	30.0	PV-005344973364 30.000
PV-005344979892	26.225	PV-005344979892 26.225
PV-005344987881	25.694	PV-005344987881 25.694
PV-005345017729	28.436	PV-005345017729 28.436
PV-005345042147	26.808	PV-005345042147 26.808
PV-005345047063	29.937	PV-005345047063 29.937
PV-005345047064	29.07	PV-005345047064 29.070
PV-005345047065	31.227	PV-005345047065 31.227
PV-005345049233	30.589	PV-005345049233 30.589
PV-005345067301	31.216	PV-005345067301 31.216
PV-005345067302	26.594	PV-005345067302 26.594
PV-005345067303	27.113	PV-005345067303 27.113
PV-005345105336	30.478	PV-005345105336 30.478
PV-005345111083	30.888	PV-005345111083 30.888
PV-005345111084	30.61	PV-005345111084 30.610
PV-005345120234	29.131	PV-005345120234 29.131
PV-005345134752	30.096	PV-005345134752 30.096
PV-005345138591	26.82	PV-005345138591 26.820
PV-005345157244	30.712	PV-005345157244 30.712
PV-005345160294	29.143	PV-005345160294 29.143
PV-005345183171	28.492	PV-005345183171 28.492
PV-005345211013	29.92	PV-005345211013 29.920
PV-005345211571	28.806	PV-005345211571 28.806
PV-005345259434	30.457	PV-005345259434 30.457
PV-005345265141	31.368	PV-005345265141 31.368
PV-005345286046	29.268	PV-005345286046 29.268
PV-005345292335	30.683	PV-005345292335 30.683
PV-005345292336	31.675	PV-005345292336 31.675
PV-005345299939	27.173	PV-005345299939 27.173
PV-005345299940	31.025	PV-005345299940 31.025
PV-005345299941	25.56	PV-005345299941 25.560
PV-005345322129	31.215	PV-005345322129 31.215
PV-005345322130	29.223	PV-005345322130 29.223
PV-005345322131	26.643	PV-005345322131 26.643
PV-005345329737	28.563	PV-005345329737 28.563
PV-005345344988	30.512	PV-005345344988 30.512
PV-005345344989	30.85	PV-005345344989 30.850
PV-005345400535	29.556	PV-005345400535 29.556
PV-005345402841	28.695	PV-005345402841 28.695
PV-005345405889	27.992	PV-005345405889 27.992
PV-005345405890	30.681	PV-005345405890 30.681
PV-005345405891	28.597	PV-005345405891 28.597
PV-005345408542	31.115	PV-005345408542 31.115
PV-005345428463	27.291	PV-005345428463 27.291
PV-005345428464	30.047	PV-005345428464 30.047
PV-005345428465	32.918	PV-005345428465 32.918
PV-005345438235	31.195	PV-005345438235 31.195
PV-005345457972	29.348	PV-005345457972 29.348
PV-005345471226	29.286	PV-005345471226 29.286
PV-005345486163	30.964	PV-005345486163 30.964
PV-005345486164	26.259	PV-005345486164 26.259
PV-005345486165	31.438	PV-005345486165 31.438
PV-005345486166	28.234	PV-005345486166 28.234
PV-005345524555	29.815	PV-005345524555 29.815
PV-005345524557	28.841	PV-005345524557 28.841
PV-005345528733	28.473	PV-005345528733 28.473
PV-005345531599	29.339	PV-005345531599 29.339
PV-005345531600	28.624	PV-005345531600 28.624
PV-005345531601	27.929	PV-005345531601 27.929
PV-005345541821	26.175	PV-005345541821 26.175
PV-005345542778	31.625	PV-005345542778 31.625
PV-005345553050	30.916	PV-005345553050 30.916
PV-005345615469	29.792	PV-005345615469 29.792
PV-005345619649	27.757	PV-005345619649 27.757
PV-005345624846	28.961	PV-005345624846 28.961
PV-005345624847	30.741	PV-005345624847 30.741
PV-005345624848	29.145	PV-005345624848 29.145
PV-005345644908	29.255	PV-005345644908 29.255
PV-005345656293	29.667	PV-005345656293 29.667
PV-005345670889	25.673	PV-005345670889 25.673
PV-005345677284	26.008	PV-005345677284 26.008
PV-005345683892	30.694	PV-005345683892 30.694
PV-005345684046	30.727	PV-005345684046 30.727
PV-005345684047	29.507	PV-005345684047 29.507
PV-005345684048	30.158	PV-005345684048 30.158
PV-005345770621	31.319	PV-005345770621 31.319
PV-005345773143	30.188	PV-005345773143 30.188
PV-005345789973	30.999	PV-005345789973 30.999
PV-005345792494	29.185	PV-005345792494 29.185
PV-005345792495	30.679	PV-005345792495 30.679
PV-005345797520	27.356	PV-005345797520 27.356
PV-005345800513	28.224	PV-005345800513 28.224
PV-005345822413	26.695	PV-005345822413 26.695
PV-005345833859	29.931	PV-005345833859 29.931
PV-005345835024	30.622	PV-005345835024 30.622
PV-005345835025	31.55	PV-005345835025 31.550
PV-005345835026	29.294	PV-005345835026 29.294
PV-005345847668	27.847	PV-005345847668 27.847
PV-005345852029	26.154	PV-005345852029 26.154
PV-005345852030	30.77	PV-005345852030 30.770
PV-005345852031	29.443	PV-005345852031 29.443
PV-005345869024	30.827	PV-005345869024 30.827
PV-005345927581	28.737	PV-005345927581 28.737
PV-005345936461	29.679	PV-005345936461 29.679
PV-005345937045	26.385	PV-005345937045 26.385
PV-005345961514	30.246	PV-005345961514 30.246
PV-005345961515	25.594	PV-005345961515 25.594
PV-005345962978	28.953	PV-005345962978 28.953
PV-005345976051	28.829	PV-005345976051 28.829
PV-005345982839	27.487	PV-005345982839 27.487
PV-005345987921	25.92	PV-005345987921 25.920
PV-005345999474	28.926	PV-005345999474 28.926
PV-005346031362	30.071	PV-005346031362 30.071
PV-005346055789	31.34	PV-005346055789 31.340
PV-005346061552	30.417	PV-005346061552 30.417
PV-005346063805	26.413	PV-005346063805 26.413
PV-005346074041	29.776	PV-005346074041 29.776
PV-005346075213	29.489	PV-005346075213 29.489
PV-005346081421	29.503	PV-005346081421 29.503
PV-005346081422	31.111	PV-005346081422 31.111
PV-005346081423	29.138	PV-005346081423 29.138
PV-005346085504	29.246	PV-005346085504 29.246
PV-005346087211	29.091	PV-005346087211 29.091
PV-005346087212	25.223	PV-005346087212 25.223
PV-005346100408	28.576	PV-005346100408 28.576
PV-005346109853	29.474	PV-005346109853 29.474
PV-005346114702	30.336	PV-005346114702 30.336
PV-005346114703	28.693	PV-005346114703 28.693
PV-005346114704	30.072	PV-005346114704 30.072
PV-005346119030	28.382	PV-005346119030 28.382
PV-005346119031	31.162	PV-005346119031 31.162
PV-005346119032	29.835	PV-005346119032 29.835
PV-005346119874	32.308	PV-005346119874 32.308
PV-005346120828	29.401	PV-005346120828 29.401
PV-005346122674	30.739	PV-005346122674 30.739
PV-005346157659	29.351	PV-005346157659 29.351
PV-005346164077	27.363	PV-005346164077 27.363
PV-005346168697	29.386	PV-005346168697 29.386
PV-005346174207	27.467	PV-005346174207 27.467
PV-005346197768	29.874	PV-005346197768 29.874
PV-005346204237	28.901	PV-005346204237 28.901
PV-005346217104	29.106	PV-005346217104 29.106
PV-005346240053	29.975	PV-005346240053 29.975
PV-005346243291	29.608	PV-005346243291 29.608
PV-005346243292	29.614	PV-005346243292 29.614
PV-005346243293	27.131	PV-005346243293 27.131
PV-005346245116	26.323	PV-005346245116 26.323
PV-005346277515	25.711	PV-005346277515 25.711
PV-005346277516	29.293	PV-005346277516 29.293
PV-005346289821	29.526	PV-005346289821 29.526
PV-005346304311	26.974	PV-005346304311 26.974
PV-005346316869	29.47	PV-005346316869 29.470
PV-005346320635	29.671	PV-005346320635 29.671
PV-005346332573	25.829	PV-005346332573 25.829
PV-005346337430	26.96	PV-005346337430 26.960
PV-005346393387	26.811	PV-005346393387 26.811
PV-005346411668	30.2	PV-005346411668 30.200
PV-005346425587	31.973	PV-005346425587 31.973
PV-005346469387	28.552	PV-005346469387 28.552
PV-005346475764	26.707	PV-005346475764 26.707
PV-005346479595	26.315	PV-005346479595 26.315
PV-005346484667	32.17	PV-005346484667 32.170
PV-005346495184	28.982	PV-005346495184 28.982
PV-005346499493	29.569	PV-005346499493 29.569
PV-005346547014	32.392	PV-005346547014 32.392
PV-005346547015	29.813	PV-005346547015 29.813
PV-005346561118	29.13	PV-005346561118 29.130
PV-005346585540	27.406	PV-005346585540 27.406
PV-005346612877	30.582	PV-005346612877 30.582
PV-005346612878	30.295	PV-005346612878 30.295
PV-005346612879	31.354	PV-005346612879 31.354
PV-005346615040	30.698	PV-005346615040 30.698
PV-005346620725	29.418	PV-005346620725 29.418
PV-005346645806	30.378	PV-005346645806 30.378
PV-005346661226	25.827	PV-005346661226 25.827
PV-005346667623	26.625	PV-005346667623 26.625
PV-005346667624	29.023	PV-005346667624 29.023
PV-005346667625	29.402	PV-005346667625 29.402
PV-005346668021	28.412	PV-005346668021 28.412
PV-005346694058	28.987	PV-005346694058 28.987
PV-005346698674	30.466	PV-005346698674 30.466
PV-005346728191	27.115	PV-005346728191 27.115
PV-005346728192	26.928	PV-005346728192 26.928
PV-005346728193	30.644	PV-005346728193 30.644
PV-005346732093	29.834	PV-005346732093 29.834
PV-005346753264	30.501	PV-005346753264 30.501
PV-005346755055	29.53	PV-005346755055 29.530
PV-005346780884	27.263	PV-005346780884 27.263
PV-005346794459	30.507	PV-005346794459 30.507
PV-005346798761	28.468	PV-005346798761 28.468
PV-005346808496	31.998	PV-005346808496 31.998
PV-005346809632	30.62	PV-005346809632 30.620
PV-005346809633	26.327	PV-005346809633 26.327
PV-005346809634	29.856	PV-005346809634 29.856
PV-005346813675	26.488	PV-005346813675 26.488
PV-005346816960	27.947	PV-005346816960 27.947
PV-005346854065	26.09	PV-005346854065 26.090
PV-005346890258	26.919	PV-005346890258 26.919
PV-005346894386	26.274	PV-005346894386 26.274
PV-005346898713	27.014	PV-005346898713 27.014
PV-005346898714	29.817	PV-005346898714 29.817
PV-005346912838	29.435	PV-005346912838 29.435
PV-005346924243	31.269	PV-005346924243 31.269
PV-005346924244	31.127	PV-005346924244 31.127
PV-005346924245	28.265	PV-005346924245 28.265
PV-005346940947	30.388	PV-005346940947 30.388
PV-005346950679	26.483	PV-005346950679 26.483
PV-005346950680	30.555	PV-005346950680 30.555
PV-005346950681	32.078	PV-005346950681 32.078
PV-005346960230	28.577	PV-005346960230 28.577
PV-005346970559	31.301	PV-005346970559 31.301
PV-005346971164	25.256	PV-005346971164 25.256
PV-005346977663	28.069	PV-005346977663 28.069
PV-005346986421	31.469	PV-005346986421 31.469
PV-005346992743	30.706	PV-005346992743 30.706
PV-005347002472	30.271	PV-005347002472 30.271
PV-005347006482	31.086	PV-005347006482 31.086
PV-005347006483	28.942	PV-005347006483 28.942
PV-005347006484	29.85	PV-005347006484 29.850
PV-005347069600	29.944	PV-005347069600 29.944
PV-005347069601	32.927	PV-005347069601 32.927
PV-005347092325	30.65	PV-005347092325 30.650
PV-005347093619	29.447	PV-005347093619 29.447
PV-005347100898	31.103	PV-005347100898 31.103
PV-005347102518	25.611	PV-005347102518 25.611
PV-005347110036	26.131	PV-005347110036 26.131
PV-005347110431	28.452	PV-005347110431 28.452
PV-005347110432	26.115	PV-005347110432 26.115
PV-005347122318	29.17	PV-005347122318 29.170
PV-005347139839	26.436	PV-005347139839 26.436
PV-005347158898	29.833	PV-005347158898 29.833
PV-005347173898	31.294	PV-005347173898 31.294
PV-005347205357	29.579	PV-005347205357 29.579
PV-005347223385	30.969	PV-005347223385 30.969
PV-005347238383	30.897	PV-005347238383 30.897
PV-005347247948	29.583	PV-005347247948 29.583
PV-005347314018	29.504	PV-005347314018 29.504
PV-005347318373	28.888	PV-005347318373 28.888
PV-005347342932	31.317	PV-005347342932 31.317
PV-005347346244	31.622	PV-005347346244 31.622
PV-005347374128	26.306	PV-005347374128 26.306
PV-005347374129	28.75	PV-005347374129 28.750
PV-005347374130	30.757	PV-005347374130 30.757
PV-005347375148	27.687	PV-005347375148 27.687
PV-005347375149	29.548	PV-005347375149 29.548
PV-005347411161	31.369	PV-005347411161 31.369
PV-005347414580	27.649	PV-005347414580 27.649
PV-005347460513	28.872	PV-005347460513 28.872
PV-005347489886	31.551	PV-005347489886 31.551
PV-005347507461	27.412	PV-005347507461 27.412
PV-005347508778	30.211	PV-005347508778 30.211
PV-005347532416	30.581	PV-005347532416 30.581
PV-005347552412	31.944	PV-005347552412 31.944
PV-005347552791	31.673	PV-005347552791 31.673
PV-005347588235	30.89	PV-005347588235 30.890
PV-005347617338	27.076	PV-005347617338 27.076
PV-005347747882	32.166	PV-005347747882 32.166
PV-005347754986	28.964	PV-005347754986 28.964
PV-005347754987	31.831	PV-005347754987 31.831
PV-005347754988	27.07	PV-005347754988 27.070
PV-005347755079	29.867	PV-005347755079 29.867
PV-005347780236	31.138	PV-005347780236 31.138
PV-005347780237	27.789	PV-005347780237 27.789
PV-005347780238	27.535	PV-005347780238 27.535
PV-005347833420	28.065	PV-005347833420 28.065
PV-005347839590	29.203	PV-005347839590 29.203
PV-005347851536	29.887	PV-005347851536 29.887
PV-005347872219	29.866	PV-005347872219 29.866
PV-005347890510	28.23	PV-005347890510 28.230
PV-005347892800	26.788	PV-005347892800 26.788
PV-005347920930	29.131	PV-005347920930 29.131
PV-005347924902	25.652	PV-005347924902 25.652
PV-005347931542	29.491	PV-005347931542 29.491
PV-005347932084	29.293	PV-005347932084 29.293
PV-005347936384	29.148	PV-005347936384 29.148
PV-005347937256	26.263	PV-005347937256 26.263
PV-005347945259	30.931	PV-005347945259 30.931
PV-005347945260	31.371	PV-005347945260 31.371
PV-005347945261	30.46	PV-005347945261 30.460
PV-005347969359	29.188	PV-005347969359 29.188
PV-005347973814	26.99	PV-005347973814 26.990
PV-005348012662	25.402	PV-005348012662 25.402
PV-005348019014	29.385	PV-005348019014 29.385
PV-005348031547	25.974	PV-005348031547 25.974
PV-005348041502	26.482	PV-005348041502 26.482
PV-005348077394	29.063	PV-005348077394 29.063
PV-005348087753	30.796	PV-005348087753 30.796
PV-005348099982	27.632	PV-005348099982 27.632
PV-005348121134	28.381	PV-005348121134 28.381
PV-005348121135	31.066	PV-005348121135 31.066
PV-005348121136	29.479	PV-005348121136 29.479
PV-005348132761	29.736	PV-005348132761 29.736
PV-005348137265	28.547	PV-005348137265 28.547
PV-005348165582	25.672	PV-005348165582 25.672
PV-005348165583	26.256	PV-005348165583 26.256
PV-005348165584	29.809	PV-005348165584 29.809
PV-005348173475	26.026	PV-005348173475 26.026
PV-005348174347	29.51	PV-005348174347 29.510
PV-005348174348	27.442	PV-005348174348 27.442
PV-005348174349	26.639	PV-005348174349 26.639
PV-005348185990	27.853	PV-005348185990 27.853
PV-005348224432	26.858	PV-005348224432 26.858
PV-005348244161	28.705	PV-005348244161 28.705
PV-005348244162	30.607	PV-005348244162 30.607
PV-005348244163	26.888	PV-005348244163 26.888
PV-005348267596	27.355	PV-005348267596 27.355
PV-005348267597	26.254	PV-005348267597 26.254
PV-005348268740	30.988	PV-005348268740 30.988
PV-005348268741	31.132	PV-005348268741 31.132
PV-005348268742	29.131	PV-005348268742 29.131
PV-005348278984	31.199	PV-005348278984 31.199
PV-005348285276	28.558	PV-005348285276 28.558
PV-005348285277	28.538	PV-005348285277 28.538
PV-005348285278	32.001	PV-005348285278 32.001
PV-005348303297	31.597	PV-005348303297 31.597
PV-005348308291	29.271	PV-005348308291 29.271
PV-005348308292	30.814	PV-005348308292 30.814
PV-005348308293	31.731	PV-005348308293 31.731
PV-005348323881	27.321	PV-005348323881 27.321
PV-005348333150	28.712	PV-005348333150 28.712
PV-005348338147	26.525	PV-005348338147 26.525
PV-005348343263	29.528	PV-005348343263 29.528
PV-005348346412	31.412	PV-005348346412 31.412
PV-005348358940	31.57	PV-005348358940 31.570
PV-005348369660	28.449	PV-005348369660 28.449
PV-005348381828	27.758	PV-005348381828 27.758
PV-005348394341	30.793	PV-005348394341 30.793
PV-005348416413	28.462	PV-005348416413 28.462
PV-005348437566	30.241	PV-005348437566 30.241
PV-005348441013	28.361	PV-005348441013 28.361
PV-005348441014	30.489	PV-005348441014 30.489
PV-005348530351	30.21	PV-005348530351 30.210
PV-005348571698	29.49	PV-005348571698 29.490
PV-005348575541	30.47	PV-005348575541 30.470
PV-005348603663	32.02	PV-005348603663 32.020
PV-005348603664	29.595	PV-005348603664 29.595
PV-005348603665	30.953	PV-005348603665 30.953
PV-005348614925	29.551	PV-005348614925 29.551
PV-005348614926	30.709	PV-005348614926 30.709
PV-005348614927	30.629	PV-005348614927 30.629
PV-005348630990	26.89	PV-005348630990 26.890
PV-005348631282	30.02	PV-005348631282 30.020
PV-005348657316	28.546	PV-005348657316 28.546
PV-005348662698	29.541	PV-005348662698 29.541
PV-005348663238	29.284	PV-005348663238 29.284
PV-005348679571	30.636	PV-005348679571 30.636
PV-005348679936	32.316	PV-005348679936 32.316
PV-005348679937	27.967	PV-005348679937 27.967
PV-005348681873	30.004	PV-005348681873 30.004
PV-005348709275	29.57	PV-005348709275 29.570
PV-005348709276	31.288	PV-005348709276 31.288
PV-005348716779	27.104	PV-005348716779 27.104
PV-005348755191	30.01	PV-005348755191 30.010
PV-005348755192	28.885	PV-005348755192 28.885
PV-005348755193	31.62	PV-005348755193 31.620
PV-005348755194	29.12	PV-005348755194 29.120
PV-005348755195	28.698	PV-005348755195 28.698
PV-005348755196	25.21	PV-005348755196 25.210
PV-005348756512	29.501	PV-005348756512 29.501
PV-005348756574	31.684	PV-005348756574 31.684
PV-005348760618	27.692	PV-005348760618 27.692
PV-005348766050	26.206	PV-005348766050 26.206
PV-005348767108	31.554	PV-005348767108 31.554
PV-005348792705	26.899	PV-005348792705 26.899
PV-005348802238	31.046	PV-005348802238 31.046
PV-005348809657	31.265	PV-005348809657 31.265
PV-005348831476	29.051	PV-005348831476 29.051
PV-005348833804	28.755	PV-005348833804 28.755
PV-005348848253	25.665	PV-005348848253 25.665
PV-005348851519	30.285	PV-005348851519 30.285
PV-005348866139	27.06	PV-005348866139 27.060
PV-005348872110	30.146	PV-005348872110 30.146
PV-005348899073	31.11	PV-005348899073 31.110
PV-005348929676	27.348	PV-005348929676 27.348
PV-005348936603	29.425	PV-005348936603 29.425
PV-005348941969	31.885	PV-005348941969 31.885
PV-005348965313	30.598	PV-005348965313 30.598
PV-005348969471	30.118	PV-005348969471 30.118
PV-005348969478	26.4	PV-005348969478 26.400
PV-005348979691	27.673	PV-005348979691 27.673
PV-005348982778	28.027	PV-005348982778 28.027
PV-005349042141	30.887	PV-005349042141 30.887
PV-005349057904	26.16	PV-005349057904 26.160
PV-005349057905	29.802	PV-005349057905 29.802
PV-005349057906	29.812	PV-005349057906 29.812
PV-005349118639	29.777	PV-005349118639 29.777
PV-005349119702	29.949	PV-005349119702 29.949
PV-005349119703	31.132	PV-005349119703 31.132
PV-005349119704	29.401	PV-005349119704 29.401
PV-005349130298	29.422	PV-005349130298 29.422
PV-005349146636	28.327	PV-005349146636 28.327
PV-005349157848	30.877	PV-005349157848 30.877
PV-005349167214	31.174	PV-005349167214 31.174
PV-005349190470	29.153	PV-005349190470 29.153
PV-005349193521	27.521	PV-005349193521 27.521
PV-005349193522	27.43	PV-005349193522 27.430
PV-005349220813	28.883	PV-005349220813 28.883
PV-005349223904	31.449	PV-005349223904 31.449
PV-005349223905	29.504	PV-005349223905 29.504
PV-005349223906	28.38	PV-005349223906 28.380
PV-005349263283	26.024	PV-005349263283 26.024
PV-005349266009	31.929	PV-005349266009 31.929
PV-005349266010	26.036	PV-005349266010 26.036
PV-005349266011	26.352	PV-005349266011 26.352
PV-005349272067	27.205	PV-005349272067 27.205
PV-005349288277	29.682	PV-005349288277 29.682
PV-005349293850	30.113	PV-005349293850 30.113
PV-005349293851	30.234	PV-005349293851 30.234
PV-005349306642	29.249	PV-005349306642 29.249
PV-005349306643	31.418	PV-005349306643 31.418
PV-005349325854	27.785	PV-005349325854 27.785
PV-005349325855	30.619	PV-005349325855 30.619
PV-005349333254	26.385	PV-005349333254 26.385
PV-005349333255	29.007	PV-005349333255 29.007
PV-005349333256	29.22	PV-005349333256 29.220
PV-005349358683	25.886	PV-005349358683 25.886
PV-005349365786	26.071	PV-005349365786 26.071
PV-005349368954	30.143	PV-005349368954 30.143
PV-005349369118	26.497	PV-005349369118 26.497
PV-005349395597	29.381	PV-005349395597 29.381
PV-005349425053	30.083	PV-005349425053 30.083
PV-005349430437	28.914	PV-005349430437 28.914
PV-005349442722	29.583	PV-005349442722 29.583
PV-005349443478	31.631	PV-005349443478 31.631
PV-005349446607	27.054	PV-005349446607 27.054
PV-005349450580	31.653	PV-005349450580 31.653
PV-005349450581	28.213	PV-005349450581 28.213
PV-005349450582	31.406	PV-005349450582 31.406
PV-005349452359	28.949	PV-005349452359 28.949
PV-005349455708	29.81	PV-005349455708 29.810
PV-005349500239	26.696	PV-005349500239 26.696
PV-005349500240	30.553	PV-005349500240 30.553
PV-005349500241	31.958	PV-005349500241 31.958
PV-005349504411	29.942	PV-005349504411 29.942
PV-005349510703	30.177	PV-005349510703 30.177
PV-005349517699	27.304	PV-005349517699 27.304
PV-005349517700	28.045	PV-005349517700 28.045
PV-005349517701	29.518	PV-005349517701 29.518
PV-005349522414	31.45	PV-005349522414 31.450
PV-005349522415	31.603	PV-005349522415 31.603
PV-005349522416	31.676	PV-005349522416 31.676
PV-005349527827	30.263	PV-005349527827 30.263
PV-005349555584	32.311	PV-005349555584 32.311
PV-005349579379	28.62	PV-005349579379 28.620
PV-005349597438	30.826	PV-005349597438 30.826
PV-005349599991	27.378	PV-005349599991 27.378
PV-005349599992	29.124	PV-005349599992 29.124
PV-005349599993	31.1	PV-005349599993 31.100
PV-005349599994	30.678	PV-005349599994 30.678
PV-005349599995	27.0	PV-005349599995 27.000
PV-005349599996	30.62	PV-005349599996 30.620
PV-005349604320	29.467	PV-005349604320 29.467
PV-005349604321	29.965	PV-005349604321 29.965
PV-005349622480	29.282	PV-005349622480 29.282
PV-005349622481	28.2	PV-005349622481 28.200
PV-005349636304	30.801	PV-005349636304 30.801
PV-005349636305	31.315	PV-005349636305 31.315
PV-005349642555	29.582	PV-005349642555 29.582
PV-005349642556	27.829	PV-005349642556 27.829
PV-005349646297	25.977	PV-005349646297 25.977
PV-005349646298	30.376	PV-005349646298 30.376
PV-005349646299	27.521	PV-005349646299 27.521
PV-005349695157	31.689	PV-005349695157 31.689
PV-005349695158	30.69	PV-005349695158 30.690
PV-005349695159	32.155	PV-005349695159 32.155
PV-005349700624	29.804	PV-005349700624 29.804
PV-005349704324	30.653	PV-005349704324 30.653
PV-005349711567	28.899	PV-005349711567 28.899
PV-005349711568	25.916	PV-005349711568 25.916
PV-005349711569	29.145	PV-005349711569 29.145
PV-005349725808	30.206	PV-005349725808 30.206
PV-005349785009	30.176	PV-005349785009 30.176
PV-005349785010	28.423	PV-005349785010 28.423
PV-005349807467	27.342	PV-005349807467 27.342
PV-005349807468	30.015	PV-005349807468 30.015
PV-005349807469	29.958	PV-005349807469 29.958
PV-005349822646	30.142	PV-005349822646 30.142
PV-005349822778	32.437	PV-005349822778 32.437
PV-005349836586	29.337	PV-005349836586 29.337
PV-005349891523	29.578	PV-005349891523 29.578
PV-005349924783	31.147	PV-005349924783 31.147
PV-005349924784	29.258	PV-005349924784 29.258
PV-005349926146	29.532	PV-005349926146 29.532
PV-005349954162	28.55	PV-005349954162 28.550
PV-005349963642	30.411	PV-005349963642 30.411
PV-005349963805	31.262	PV-005349963805 31.262
PV-005349966265	29.246	PV-005349966265 29.246
PV-005349966266	29.626	PV-005349966266 29.626
PV-005349966267	30.249	PV-005349966267 30.249
PV-005349983113	26.736	PV-005349983113 26.736
PV-005349985644	30.741	PV-005349985644 30.741
PV-005349996149	27.841	PV-005349996149 27.841
PV-005349998718	30.288	PV-005349998718 30.288
PV-005350011217	29.254	PV-005350011217 29.254
PV-005350014734	30.913	PV-005350014734 30.913
PV-005350014735	32.018	PV-005350014735 32.018
PV-005350021986	29.785	PV-005350021986 29.785
PV-005350025979	27.868	PV-005350025979 27.868
PV-005350025980	27.141	PV-005350025980 27.141
PV-005350025981	29.732	PV-005350025981 29.732
PV-005350086268	29.233	PV-005350086268 29.233
PV-005350095746	30.441	PV-005350095746 30.441
PV-005350097620	25.59	PV-005350097620 25.590
PV-005350119764	28.997	PV-005350119764 28.997
PV-005350119765	29.771	PV-005350119765 29.771
PV-005350135731	26.299	PV-005350135731 26.299
PV-005350138729	31.209	PV-005350138729 31.209
PV-005350138730	30.062	PV-005350138730 30.062
PV-005350138731	29.814	PV-005350138731 29.814
PV-005350138732	26.821	PV-005350138732 26.821
PV-005350138733	27.793	PV-005350138733 27.793
PV-005350138734	30.622	PV-005350138734 30.622
PV-005350148559	31.506	PV-005350148559 31.506
PV-005350164190	29.666	PV-005350164190 29.666
PV-005350197568	26.932	PV-005350197568 26.932
PV-005350200449	29.008	PV-005350200449 29.008
PV-005350203128	28.727	PV-005350203128 28.727
PV-005350229301	29.18	PV-005350229301 29.180
PV-005350232043	28.574	PV-005350232043 28.574
PV-005350262634	26.508	PV-005350262634 26.508
PV-005350288275	30.496	PV-005350288275 30.496
PV-005350319134	26.067	PV-005350319134 26.067
PV-005350323737	30.167	PV-005350323737 30.167
PV-005350345474	30.789	PV-005350345474 30.789
PV-005350345475	29.825	PV-005350345475 29.825
PV-005350362182	29.657	PV-005350362182 29.657
PV-005350411290	26.849	PV-005350411290 26.849
PV-005350435171	27.766	PV-005350435171 27.766
PV-005350445981	28.853	PV-005350445981 28.853
PV-005350448055	29.281	PV-005350448055 29.281
PV-005350462868	25.645	PV-005350462868 25.645
PV-005350501077	30.4	PV-005350501077 30.400
PV-005350526399	28.277	PV-005350526399 28.277
PV-005350533590	28.903	PV-005350533590 28.903
PV-005350609959	26.803	PV-005350609959 26.803
PV-005350666833	31.838	PV-005350666833 31.838
PV-005350675445	26.476	PV-005350675445 26.476
PV-005350675446	30.094	PV-005350675446 30.094
PV-005350700458	31.174	PV-005350700458 31.174
PV-005350729765	27.983	PV-005350729765 27.983
PV-005350739197	27.64	PV-005350739197 27.640
PV-005350748832	29.806	PV-005350748832 29.806
PV-005350755588	32.435	PV-005350755588 32.435
PV-005350755589	30.866	PV-005350755589 30.866
PV-005350762525	28.98	PV-005350762525 28.980
PV-005350780036	29.97	PV-005350780036 29.970
PV-005350781719	25.901	PV-005350781719 25.901
PV-005350783858	29.823	PV-005350783858 29.823
PV-005350783859	30.721	PV-005350783859 30.721
PV-005350789048	31.89	PV-005350789048 31.890
PV-005350846953	30.21	PV-005350846953 30.210
PV-005350856910	29.072	PV-005350856910 29.072
PV-005350856911	31.345	PV-005350856911 31.345
PV-005350856912	28.981	PV-005350856912 28.981
PV-005350925395	29.478	PV-005350925395 29.478
PV-005350941809	30.905	PV-005350941809 30.905
PV-005350962409	28.369	PV-005350962409 28.369
PV-005350963036	29.782	PV-005350963036 29.782
PV-005350977810	30.346	PV-005350977810 30.346
PV-005350980699	30.344	PV-005350980699 30.344
PV-005351003448	29.693	PV-005351003448 29.693
PV-005351020320	27.411	PV-005351020320 27.411
PV-005351034223	28.672	PV-005351034223 28.672
PV-005351046579	29.678	PV-005351046579 29.678
PV-005351059765	28.86	PV-005351059765 28.860
PV-005351065771	30.545	PV-005351065771 30.545
PV-005351075736	31.097	PV-005351075736 31.097
PV-005351091575	26.329	PV-005351091575 26.329
PV-005351103008	29.738	PV-005351103008 29.738
PV-005351140412	29.261	PV-005351140412 29.261
PV-005351140413	31.0	PV-005351140413 31.000
PV-005351140414	32.034	PV-005351140414 32.034
PV-005351154464	29.236	PV-005351154464 29.236
PV-005351167342	29.589	PV-005351167342 29.589
PV-005351178073	31.089	PV-005351178073 31.089
PV-005351178074	30.402	PV-005351178074 30.402
PV-005351198375	29.418	PV-005351198375 29.418
PV-005351198376	27.747	PV-005351198376 27.747
PV-005351198377	29.96	PV-005351198377 29.960
PV-005351224056	28.435	PV-005351224056 28.435
PV-005351278760	26.013	PV-005351278760 26.013
PV-005351282320	26.058	PV-005351282320 26.058
PV-005351320872	28.859	PV-005351320872 28.859
PV-005351329309	26.675	PV-005351329309 26.675
PV-005351329718	30.953	PV-005351329718 30.953
PV-005351335111	31.779	PV-005351335111 31.779
PV-005351346281	29.194	PV-005351346281 29.194
PV-005351370836	27.619	PV-005351370836 27.619
PV-005351378980	28.556	PV-005351378980 28.556
PV-005351379331	29.276	PV-005351379331 29.276
PV-005351403067	31.97	PV-005351403067 31.970
PV-005351403068	29.853	PV-005351403068 29.853
PV-005351439775	29.788	PV-005351439775 29.788
PV-005351439776	27.029	PV-005351439776 27.029
PV-005351439777	28.635	PV-005351439777 28.635
PV-005351450211	29.116	PV-005351450211 29.116
PV-005351512224	29.608	PV-005351512224 29.608
PV-005351517823	25.85	PV-005351517823 25.850
PV-005351517824	30.932	PV-005351517824 30.932
PV-005351517825	30.605	PV-005351517825 30.605
PV-005351522297	29.854	PV-005351522297 29.854
PV-005351522298	31.44	PV-005351522298 31.440
PV-005351522299	30.34	PV-005351522299 30.340
PV-005351527235	28.756	PV-005351527235 28.756
PV-005351527301	29.089	PV-005351527301 29.089
PV-005351533683	26.13	PV-005351533683 26.130
PV-005351547037	30.784	PV-005351547037 30.784
PV-005351548715	25.576	PV-005351548715 25.576
PV-005351553222	31.592	PV-005351553222 31.592
PV-005351555177	28.568	PV-005351555177 28.568
PV-005351555178	26.586	PV-005351555178 26.586
PV-005351571870	27.636	PV-005351571870 27.636
PV-005351583727	29.427	PV-005351583727 29.427
PV-005351587662	30.0	PV-005351587662 30.000
PV-005351597594	27.308	PV-005351597594 27.308
PV-005351597595	27.775	PV-005351597595 27.775
PV-005351597596	30.583	PV-005351597596 30.583
PV-005351601480	30.467	PV-005351601480 30.467
PV-005351621222	25.719	PV-005351621222 25.719
PV-005351633822	26.167	PV-005351633822 26.167
PV-005351650243	31.446	PV-005351650243 31.446
PV-005351655101	29.403	PV-005351655101 29.403
PV-005351666049	27.694	PV-005351666049 27.694
PV-005351666050	30.67	PV-005351666050 30.670
PV-005351666374	28.859	PV-005351666374 28.859
PV-005351669194	30.012	PV-005351669194 30.012
PV-005351697089	27.756	PV-005351697089 27.756
PV-005351705236	30.426	PV-005351705236 30.426
PV-005351705237	29.51	PV-005351705237 29.510
PV-005351705238	29.022	PV-005351705238 29.022
PV-005351720317	26.738	PV-005351720317 26.738
PV-005351726504	29.599	PV-005351726504 29.599
PV-005351726505	26.895	PV-005351726505 26.895
PV-005351726506	29.009	PV-005351726506 29.009
PV-005351786090	31.2	PV-005351786090 31.200
PV-005351786091	31.166	PV-005351786091 31.166
PV-005351819507	29.652	PV-005351819507 29.652
PV-005351828179	28.117	PV-005351828179 28.117
PV-005351829310	29.933	PV-005351829310 29.933
PV-005351829311	31.357	PV-005351829311 31.357
PV-005351829312	28.8	PV-005351829312 28.800
PV-005351849107	26.278	PV-005351849107 26.278
PV-005351849108	27.514	PV-005351849108 27.514
PV-005351854535	31.836	PV-005351854535 31.836
PV-005351857161	31.316	PV-005351857161 31.316
PV-005351858456	30.245	PV-005351858456 30.245
PV-005351907548	26.003	PV-005351907548 26.003
PV-005351910529	29.608	PV-005351910529 29.608
PV-005351943152	28.981	PV-005351943152 28.981
PV-005351972336	31.055	PV-005351972336 31.055
PV-005352000023	28.09	PV-005352000023 28.090
PV-005352031826	26.455	PV-005352031826 26.455
PV-005352069754	31.27	PV-005352069754 31.270
PV-005352087624	26.097	PV-005352087624 26.097
PV-005352094987	30.428	PV-005352094987 30.428
PV-005352127965	30.294	PV-005352127965 30.294
PV-005352140615	27.195	PV-005352140615 27.195
PV-005352146015	31.221	PV-005352146015 31.221
PV-005352299377	31.834	PV-005352299377 31.834
PV-005352320055	29.829	PV-005352320055 29.829
PV-005352352712	30.417	PV-005352352712 30.417
PV-005352381972	30.614	PV-005352381972 30.614
PV-005352381973	31.182	PV-005352381973 31.182
PV-005352381974	30.393	PV-005352381974 30.393
PV-005352393862	26.31	PV-005352393862 26.310
PV-005352403897	31.804	PV-005352403897 31.804
PV-005352422284	25.926	PV-005352422284 25.926
PV-005352423382	30.01	PV-005352423382 30.010
PV-005352454453	27.099	PV-005352454453 27.099
PV-005352454483	29.926	PV-005352454483 29.926
PV-005352473581	30.046	PV-005352473581 30.046
PV-005352485195	30.97	PV-005352485195 30.970
PV-005352506910	30.286	PV-005352506910 30.286
PV-005352515520	30.856	PV-005352515520 30.856
PV-005352515521	27.909	PV-005352515521 27.909
PV-005352515522	29.958	PV-005352515522 29.958
PV-005352568552	26.943	PV-005352568552 26.943
PV-005352587640	31.329	PV-005352587640 31.329
PV-005352590661	26.895	PV-005352590661 26.895
PV-005352590662	26.903	PV-005352590662 26.903
PV-005352591565	31.061	PV-005352591565 31.061
PV-005352604481	31.602	PV-005352604481 31.602
PV-005352605016	29.682	PV-005352605016 29.682
PV-005352610727	29.807	PV-005352610727 29.807
PV-005352635833	30.5	PV-005352635833 30.500
PV-005352661694	30.546	PV-005352661694 30.546
PV-005352672459	29.217	PV-005352672459 29.217
PV-005352700611	29.368	PV-005352700611 29.368
PV-005352734017	29.485	PV-005352734017 29.485
PV-005352736479	30.875	PV-005352736479 30.875
PV-005352736480	29.196	PV-005352736480 29.196
PV-005352761013	26.241	PV-005352761013 26.241
PV-005352770189	29.61	PV-005352770189 29.610
PV-005352798701	29.669	PV-005352798701 29.669
PV-005352842616	32.109	PV-005352842616 32.109
PV-005352844913	31.191	PV-005352844913 31.191
PV-005352846975	32.39	PV-005352846975 32.390
PV-005352846976	29.036	PV-005352846976 29.036
PV-005352856449	26.045	PV-005352856449 26.045
PV-005352856450	29.54	PV-005352856450 29.540
PV-005352856451	30.782	PV-005352856451 30.782
PV-005352865936	29.874	PV-005352865936 29.874
PV-005352867497	28.823	PV-005352867497 28.823
PV-005352867498	29.094	PV-005352867498 29.094
PV-005352867499	26.867	PV-005352867499 26.867
PV-005352870521	26.465	PV-005352870521 26.465
PV-005352870731	30.137	PV-005352870731 30.137
PV-005352876952	28.923	PV-005352876952 28.923
PV-005352882315	28.92	PV-005352882315 28.920
PV-005352882316	28.541	PV-005352882316 28.541
PV-005352882317	30.504	PV-005352882317 30.504
PV-005352884957	28.107	PV-005352884957 28.107
PV-005352884958	31.03	PV-005352884958 31.030
PV-005352899487	29.662	PV-005352899487 29.662
PV-005352899488	30.918	PV-005352899488 30.918
PV-005352899489	30.99	PV-005352899489 30.990
PV-005352934857	29.91	PV-005352934857 29.910
PV-005352952879	32.06	PV-005352952879 32.060
PV-005352962299	31.152	PV-005352962299 31.152
PV-005352968789	29.632	PV-005352968789 29.632
PV-005352968808	27.32	PV-005352968808 27.320
PV-005352968809	31.485	PV-005352968809 31.485
PV-005354039107	26.759	PV-005354039107 26.759
PV-005354039108	30.644	PV-005354039108 30.644
PV-005354066040	31.053	PV-005354066040 31.053
PV-005354113060	28.243	PV-005354113060 28.243
PV-005354126368	31.049	PV-005354126368 31.049
PV-005354128408	30.981	PV-005354128408 30.981
PV-005354174027	29.834	PV-005354174027 29.834
PV-005354176996	31.205	PV-005354176996 31.205
PV-005354208057	30.053	PV-005354208057 30.053
PV-005354262210	26.441	PV-005354262210 26.441
PV-005354300201	29.695	PV-005354300201 29.695
PV-005354304625	28.349	PV-005354304625 28.349
PV-005354306171	29.268	PV-005354306171 29.268
PV-005354343769	32.118	PV-005354343769 32.118
PV-005354361198	26.507	PV-005354361198 26.507
PV-005354369756	28.567	PV-005354369756 28.567
PV-005354387266	25.471	PV-005354387266 25.471
PV-005354413435	31.312	PV-005354413435 31.312
PV-005354476912	32.106	PV-005354476912 32.106
PV-005354517071	30.871	PV-005354517071 30.871
PV-005354517652	27.79	PV-005354517652 27.790
PV-005354519511	30.509	PV-005354519511 30.509
PV-005354522985	29.203	PV-005354522985 29.203
PV-005354522986	25.922	PV-005354522986 25.922
PV-005354522987	30.575	PV-005354522987 30.575
PV-005354571919	31.516	PV-005354571919 31.516
PV-005354571920	26.554	PV-005354571920 26.554
PV-005354574539	30.395	PV-005354574539 30.395
PV-005354577235	31.383	PV-005354577235 31.383
PV-005354596281	29.539	PV-005354596281 29.539
PV-005354608139	28.828	PV-005354608139 28.828
PV-005354608141	29.773	PV-005354608141 29.773
PV-005354610213	31.712	PV-005354610213 31.712
PV-005354650027	31.021	PV-005354650027 31.021
PV-005354650028	26.173	PV-005354650028 26.173
PV-005354650452	30.183	PV-005354650452 30.183
PV-005354676888	29.121	PV-005354676888 29.121
PV-005354704461	30.653	PV-005354704461 30.653
PV-005354715166	31.093	PV-005354715166 31.093
PV-005354720616	30.507	PV-005354720616 30.507
PV-005354735910	28.739	PV-005354735910 28.739
PV-005354747616	29.468	PV-005354747616 29.468
PV-005354768668	27.681	PV-005354768668 27.681
PV-005354768669	28.811	PV-005354768669 28.811
PV-005354783881	28.889	PV-005354783881 28.889
PV-005354813238	27.126	PV-005354813238 27.126
PV-005354830958	27.266	PV-005354830958 27.266
PV-005354831365	26.197	PV-005354831365 26.197
PV-005354856688	28.819	PV-005354856688 28.819
PV-005354868379	28.679	PV-005354868379 28.679
PV-005354875233	31.739	PV-005354875233 31.739
PV-005354875234	31.29	PV-005354875234 31.290
PV-005354875235	25.71	PV-005354875235 25.710
PV-005354887274	30.168	PV-005354887274 30.168
PV-005354890939	30.272	PV-005354890939 30.272
PV-005354910972	28.847	PV-005354910972 28.847
PV-005354923118	30.263	PV-005354923118 30.263
PV-005354966395	31.627	PV-005354966395 31.627
PV-005355007575	29.903	PV-005355007575 29.903
PV-005355009376	26.316	PV-005355009376 26.316
PV-005355009377	25.86	PV-005355009377 25.860
PV-005355027395	29.794	PV-005355027395 29.794
PV-005355027396	27.242	PV-005355027396 27.242
PV-005355027397	29.85	PV-005355027397 29.850
PV-005355052410	31.975	PV-005355052410 31.975
PV-005355066670	31.182	PV-005355066670 31.182
PV-005355085776	28.383	PV-005355085776 28.383
PV-005355136222	30.9	PV-005355136222 30.900
PV-005355138537	30.105	PV-005355138537 30.105
PV-005355141330	28.357	PV-005355141330 28.357
PV-005355143386	26.403	PV-005355143386 26.403
PV-005355154704	26.525	PV-005355154704 26.525
PV-005355169055	30.212	PV-005355169055 30.212
PV-005355169397	26.224	PV-005355169397 26.224
PV-005355174303	26.074	PV-005355174303 26.074
PV-005355177408	29.27	PV-005355177408 29.270
PV-005355177409	29.759	PV-005355177409 29.759
PV-005355181699	29.074	PV-005355181699 29.074
PV-005355181700	31.106	PV-005355181700 31.106
PV-005355193266	32.051	PV-005355193266 32.051
PV-005355198212	31.133	PV-005355198212 31.133
PV-005355226988	30.502	PV-005355226988 30.502
PV-005355232373	29.243	PV-005355232373 29.243
PV-005355265161	30.689	PV-005355265161 30.689
PV-005355295910	28.118	PV-005355295910 28.118
PV-005355295911	28.866	PV-005355295911 28.866
PV-005355295912	25.75	PV-005355295912 25.750
PV-005355297734	30.307	PV-005355297734 30.307
PV-005355302530	26.269	PV-005355302530 26.269
PV-005355302531	29.099	PV-005355302531 29.099
PV-005355323435	29.454	PV-005355323435 29.454
PV-005355342477	26.094	PV-005355342477 26.094
PV-005355342478	29.671	PV-005355342478 29.671
PV-005355350093	28.324	PV-005355350093 28.324
PV-005355404862	28.478	PV-005355404862 28.478
PV-005355404863	29.935	PV-005355404863 29.935
PV-005352968810	27.294	PV-005352968810 27.294
PV-005352988828	31.5	PV-005352988828 31.500
PV-005352990167	28.728	PV-005352990167 28.728
PV-005353024002	30.749	PV-005353024002 30.749
PV-005353029656	26.825	PV-005353029656 26.825
PV-005353044172	30.521	PV-005353044172 30.521
PV-005353046797	30.364	PV-005353046797 30.364
PV-005353056137	29.162	PV-005353056137 29.162
PV-005353057195	31.412	PV-005353057195 31.412
PV-005353091471	27.843	PV-005353091471 27.843
PV-005353104572	30.795	PV-005353104572 30.795
PV-005353118298	27.276	PV-005353118298 27.276
PV-005353128615	28.097	PV-005353128615 28.097
PV-005353129929	26.192	PV-005353129929 26.192
PV-005353131082	31.336	PV-005353131082 31.336
PV-005353135720	28.985	PV-005353135720 28.985
PV-005353141392	30.305	PV-005353141392 30.305
PV-005353141393	27.534	PV-005353141393 27.534
PV-005353141394	29.272	PV-005353141394 29.272
PV-005353177755	30.232	PV-005353177755 30.232
PV-005353191365	29.981	PV-005353191365 29.981
PV-005353191366	30.978	PV-005353191366 30.978
PV-005353191367	29.375	PV-005353191367 29.375
PV-005353195584	31.524	PV-005353195584 31.524
PV-005353211223	26.406	PV-005353211223 26.406
PV-005353211224	30.918	PV-005353211224 30.918
PV-005353211225	29.196	PV-005353211225 29.196
PV-005353211952	27.454	PV-005353211952 27.454
PV-005353230092	30.796	PV-005353230092 30.796
PV-005353232721	29.714	PV-005353232721 29.714
PV-005353242627	29.567	PV-005353242627 29.567
PV-005353263168	26.68	PV-005353263168 26.680
PV-005353264979	27.151	PV-005353264979 27.151
PV-005353275695	31.412	PV-005353275695 31.412
PV-005353294385	30.472	PV-005353294385 30.472
PV-005353294386	30.463	PV-005353294386 30.463
PV-005353294387	31.649	PV-005353294387 31.649
PV-005353305653	30.376	PV-005353305653 30.376
PV-005353326675	30.065	PV-005353326675 30.065
PV-005353340245	27.484	PV-005353340245 27.484
PV-005353340246	27.149	PV-005353340246 27.149
PV-005353340247	31.444	PV-005353340247 31.444
PV-005353365246	31.905	PV-005353365246 31.905
PV-005353367526	31.164	PV-005353367526 31.164
PV-005353367527	29.446	PV-005353367527 29.446
PV-005353367902	28.535	PV-005353367902 28.535
PV-005353383676	25.812	PV-005353383676 25.812
PV-005353410422	31.195	PV-005353410422 31.195
PV-005353410423	27.008	PV-005353410423 27.008
PV-005353429159	27.36	PV-005353429159 27.360
PV-005353434853	31.674	PV-005353434853 31.674
PV-005353440363	30.931	PV-005353440363 30.931
PV-005353440720	26.632	PV-005353440720 26.632
PV-005353440721	26.846	PV-005353440721 26.846
PV-005353450311	29.809	PV-005353450311 29.809
PV-005353451246	25.749	PV-005353451246 25.749
PV-005353451533	31.074	PV-005353451533 31.074
PV-005353451534	28.351	PV-005353451534 28.351
PV-005353490302	27.013	PV-005353490302 27.013
PV-005353507104	25.952	PV-005353507104 25.952
PV-005353508586	31.337	PV-005353508586 31.337
PV-005353525064	31.246	PV-005353525064 31.246
PV-005353538039	28.524	PV-005353538039 28.524
PV-005353569218	26.965	PV-005353569218 26.965
PV-005353581120	29.854	PV-005353581120 29.854
PV-005353594710	29.251	PV-005353594710 29.251
PV-005353626195	29.402	PV-005353626195 29.402
PV-005353653035	31.024	PV-005353653035 31.024
PV-005353667172	29.529	PV-005353667172 29.529
PV-005353669523	29.393	PV-005353669523 29.393
PV-005353671426	30.146	PV-005353671426 30.146
PV-005353685764	30.938	PV-005353685764 30.938
PV-005353697883	28.935	PV-005353697883 28.935
PV-005353697884	29.478	PV-005353697884 29.478
PV-005353697885	31.467	PV-005353697885 31.467
PV-005353722270	29.132	PV-005353722270 29.132
PV-005353728852	28.337	PV-005353728852 28.337
PV-005353732950	26.958	PV-005353732950 26.958
PV-005353740464	31.082	PV-005353740464 31.082
PV-005353780824	28.376	PV-005353780824 28.376
PV-005353794665	31.855	PV-005353794665 31.855
PV-005353796309	29.106	PV-005353796309 29.106
PV-005353796310	31.508	PV-005353796310 31.508
PV-005353821260	29.699	PV-005353821260 29.699
PV-005353859807	29.331	PV-005353859807 29.331
PV-005353903787	29.769	PV-005353903787 29.769
PV-005353929657	27.246	PV-005353929657 27.246
PV-005353939485	26.992	PV-005353939485 26.992
PV-005353943389	27.071	PV-005353943389 27.071
PV-005353944533	31.48	PV-005353944533 31.480
PV-005353959690	27.55	PV-005353959690 27.550
PV-005353967587	28.281	PV-005353967587 28.281
PV-005353967588	31.272	PV-005353967588 31.272
PV-005353976164	29.226	PV-005353976164 29.226
PV-005353979678	29.724	PV-005353979678 29.724
PV-005353994481	27.848	PV-005353994481 27.848
PV-005354009668	30.492	PV-005354009668 30.492
PV-005355406044	30.565	PV-005355406044 30.565
PV-005355430957	32.873	PV-005355430957 32.873
PV-005355439208	30.73	PV-005355439208 30.730
PV-005355488977	26.189	PV-005355488977 26.189
PV-005355488978	27.228	PV-005355488978 27.228
PV-005355501073	26.784	PV-005355501073 26.784
PV-005355571810	26.501	PV-005355571810 26.501
PV-005355594090	26.217	PV-005355594090 26.217
PV-005355597534	30.133	PV-005355597534 30.133
PV-005355648177	26.202	PV-005355648177 26.202
PV-005355654614	31.816	PV-005355654614 31.816
PV-005355673069	30.401	PV-005355673069 30.401
PV-005355683699	31.282	PV-005355683699 31.282
PV-005355685253	29.77	PV-005355685253 29.770
PV-005355692361	30.634	PV-005355692361 30.634
PV-005355720313	29.457	PV-005355720313 29.457
PV-005355730753	27.508	PV-005355730753 27.508
PV-005355736291	26.789	PV-005355736291 26.789
PV-005355736292	30.804	PV-005355736292 30.804
PV-005355736293	27.423	PV-005355736293 27.423
PV-005355773013	26.345	PV-005355773013 26.345
PV-005355773014	28.022	PV-005355773014 28.022
PV-005355773973	28.921	PV-005355773973 28.921
PV-005355781348	26.165	PV-005355781348 26.165
PV-005355783640	27.377	PV-005355783640 27.377
PV-005355783641	28.426	PV-005355783641 28.426
PV-005355784002	32.471	PV-005355784002 32.471
PV-005355807524	31.567	PV-005355807524 31.567
PV-005355808942	29.044	PV-005355808942 29.044
PV-005355829944	30.486	PV-005355829944 30.486
PV-005355829945	30.576	PV-005355829945 30.576
PV-005355829946	26.885	PV-005355829946 26.885
PV-005355839392	31.638	PV-005355839392 31.638
PV-005355846179	29.537	PV-005355846179 29.537
PV-005355848093	30.254	PV-005355848093 30.254
PV-005355872723	30.424	PV-005355872723 30.424
PV-005355875509	30.762	PV-005355875509 30.762
PV-005355875510	28.778	PV-005355875510 28.778
PV-005355875511	25.305	PV-005355875511 25.305
PV-005355921641	27.375	PV-005355921641 27.375
PV-005355922546	30.508	PV-005355922546 30.508
PV-005355922547	28.841	PV-005355922547 28.841
PV-005355922548	26.283	PV-005355922548 26.283
PV-005355923245	25.811	PV-005355923245 25.811
PV-005355931083	25.324	PV-005355931083 25.324
PV-005355943008	26.852	PV-005355943008 26.852
PV-005355943200	31.602	PV-005355943200 31.602
PV-005355960616	30.951	PV-005355960616 30.951
PV-005355960617	29.917	PV-005355960617 29.917
PV-005355965182	30.483	PV-005355965182 30.483
PV-005355992121	26.898	PV-005355992121 26.898
PV-005355992122	30.422	PV-005355992122 30.422
PV-005355992123	29.826	PV-005355992123 29.826
PV-005356002564	31.519	PV-005356002564 31.519
PV-005356002940	32.621	PV-005356002940 32.621
PV-005356004951	29.293	PV-005356004951 29.293
PV-005356006730	28.592	PV-005356006730 28.592
PV-005356022849	26.465	PV-005356022849 26.465
PV-005356041846	29.113	PV-005356041846 29.113
PV-005356041847	31.285	PV-005356041847 31.285
PV-005356073490	30.236	PV-005356073490 30.236
PV-005356083935	28.9	PV-005356083935 28.900
PV-005356083936	30.851	PV-005356083936 30.851
PV-005356083937	29.318	PV-005356083937 29.318
PV-005356099488	29.01	PV-005356099488 29.010
PV-005356114083	30.987	PV-005356114083 30.987
PV-005356114084	29.05	PV-005356114084 29.050
PV-005356119293	28.922	PV-005356119293 28.922
PV-005356119294	27.659	PV-005356119294 27.659
PV-005356119295	29.729	PV-005356119295 29.729
PV-005356120342	31.476	PV-005356120342 31.476
PV-005356159970	28.32	PV-005356159970 28.320
PV-005356159971	30.138	PV-005356159971 30.138
PV-005356181564	30.443	PV-005356181564 30.443
PV-005356185953	31.21	PV-005356185953 31.210
PV-005356187177	28.075	PV-005356187177 28.075
PV-005356194745	29.308	PV-005356194745 29.308
PV-005356225846	30.154	PV-005356225846 30.154
PV-005356247201	27.278	PV-005356247201 27.278
PV-005356253516	26.098	PV-005356253516 26.098
PV-005356262713	30.273	PV-005356262713 30.273
PV-005356268865	28.933	PV-005356268865 28.933
PV-005356294243	26.505	PV-005356294243 26.505
PV-005356294244	29.333	PV-005356294244 29.333
PV-005356304709	25.542	PV-005356304709 25.542
PV-005356364247	28.147	PV-005356364247 28.147
PV-005356378765	30.5	PV-005356378765 30.500
PV-005356387348	28.867	PV-005356387348 28.867
PV-005356389818	29.462	PV-005356389818 29.462
PV-005356418152	27.829	PV-005356418152 27.829
PV-005356475799	29.725	PV-005356475799 29.725
PV-005356475800	31.215	PV-005356475800 31.215
PV-005356500282	29.452	PV-005356500282 29.452
PV-005356500283	26.485	PV-005356500283 26.485
PV-005356524794	31.586	PV-005356524794 31.586
PV-005356532699	28.181	PV-005356532699 28.181
PV-005356532700	25.205	PV-005356532700 25.205
PV-005356532701	27.218	PV-005356532701 27.218
PV-005356598635	28.909	PV-005356598635 28.909
PV-005356598833	28.689	PV-005356598833 28.689
PV-005356604012	29.222	PV-005356604012 29.222
PV-005356613005	30.379	PV-005356613005 30.379
PV-005356613006	26.005	PV-005356613006 26.005
PV-005356628686	26.666	PV-005356628686 26.666
PV-005356631191	29.998	PV-005356631191 29.998
PV-005356632314	30.879	PV-005356632314 30.879
PV-005356641383	29.32	PV-005356641383 29.320
PV-005356641456	31.818	PV-005356641456 31.818
PV-005356709935	27.268	PV-005356709935 27.268
PV-005356773294	26.209	PV-005356773294 26.209
PV-005356773295	27.084	PV-005356773295 27.084
PV-005356773296	27.753	PV-005356773296 27.753
PV-005356780448	28.937	PV-005356780448 28.937
PV-005356793645	30.518	PV-005356793645 30.518
PV-005356795148	29.626	PV-005356795148 29.626
PV-005356795149	28.073	PV-005356795149 28.073
PV-005356795150	30.66	PV-005356795150 30.660
PV-005356803656	31.587	PV-005356803656 31.587
PV-005356810725	27.967	PV-005356810725 27.967
PV-005356814795	28.816	PV-005356814795 28.816
PV-005356814796	28.572	PV-005356814796 28.572
PV-005356814797	30.087	PV-005356814797 30.087
PV-005356830243	29.93	PV-005356830243 29.930
PV-005356830244	30.502	PV-005356830244 30.502
PV-005356830245	27.037	PV-005356830245 27.037
PV-005356892442	31.257	PV-005356892442 31.257
PV-005356892443	27.23	PV-005356892443 27.230
PV-005356892444	26.826	PV-005356892444 26.826
PV-005356892445	29.828	PV-005356892445 29.828
PV-005356892446	28.346	PV-005356892446 28.346
PV-005356892447	30.735	PV-005356892447 30.735
PV-005356892448	29.501	PV-005356892448 29.501
PV-005356892449	28.99	PV-005356892449 28.990
PV-005356892450	26.924	PV-005356892450 26.924
PV-005356899845	29.888	PV-005356899845 29.888
PV-005356915557	30.529	PV-005356915557 30.529
PV-005356930751	28.765	PV-005356930751 28.765
PV-005356944456	28.967	PV-005356944456 28.967
PV-005356951519	30.979	PV-005356951519 30.979
PV-005356956590	25.178	PV-005356956590 25.178
PV-005356970405	29.345	PV-005356970405 29.345
PV-005356989008	30.479	PV-005356989008 30.479
PV-005356994327	26.023	PV-005356994327 26.023
PV-005357012579	29.726	PV-005357012579 29.726
PV-005357035568	27.017	PV-005357035568 27.017
PV-005357086596	31.133	PV-005357086596 31.133
PV-005357097968	31.948	PV-005357097968 31.948
PV-005357109342	28.322	PV-005357109342 28.322
PV-005357134633	29.919	PV-005357134633 29.919
PV-005357148124	29.335	PV-005357148124 29.335
PV-005357148125	26.631	PV-005357148125 26.631
PV-005357148126	30.217	PV-005357148126 30.217
PV-005357151124	29.503	PV-005357151124 29.503
PV-005357168969	28.411	PV-005357168969 28.411
PV-005357175130	29.559	PV-005357175130 29.559
PV-005357177330	30.512	PV-005357177330 30.512
PV-005357191219	30.354	PV-005357191219 30.354
PV-005357191623	29.329	PV-005357191623 29.329
PV-005357195727	32.18	PV-005357195727 32.180
PV-005357211768	27.443	PV-005357211768 27.443
PV-005357221562	29.155	PV-005357221562 29.155
PV-005357225483	29.998	PV-005357225483 29.998
PV-005357232287	26.654	PV-005357232287 26.654
PV-005357232288	25.767	PV-005357232288 25.767
PV-005357232289	30.153	PV-005357232289 30.153
PV-005357244180	30.257	PV-005357244180 30.257
PV-005357247473	30.33	PV-005357247473 30.330
PV-005357255908	28.879	PV-005357255908 28.879
PV-005357267465	29.73	PV-005357267465 29.730
PV-005357267466	28.889	PV-005357267466 28.889
PV-005357267467	31.204	PV-005357267467 31.204
PV-005357286690	31.483	PV-005357286690 31.483
PV-005357286691	29.279	PV-005357286691 29.279
PV-005357286692	27.338	PV-005357286692 27.338
PV-005357314087	27.981	PV-005357314087 27.981
PV-005357340514	27.978	PV-005357340514 27.978
PV-005357350098	26.96	PV-005357350098 26.960
PV-005357365024	26.679	PV-005357365024 26.679
PV-005357391670	26.008	PV-005357391670 26.008
PV-005357405868	26.472	PV-005357405868 26.472
PV-005357417441	29.124	PV-005357417441 29.124
PV-005357417442	26.557	PV-005357417442 26.557
PV-005357417443	28.33	PV-005357417443 28.330
PV-005357426638	30.284	PV-005357426638 30.284
PV-005357427715	31.438	PV-005357427715 31.438
PV-005357438782	30.803	PV-005357438782 30.803
PV-005357451840	31.129	PV-005357451840 31.129
PV-005357455025	29.653	PV-005357455025 29.653
PV-005357455026	29.316	PV-005357455026 29.316
PV-005357455027	29.216	PV-005357455027 29.216
PV-005357455028	27.101	PV-005357455028 27.101
PV-005357455031	27.176	PV-005357455031 27.176
PV-005357455032	30.12	PV-005357455032 30.120
PV-005357455034	31.637	PV-005357455034 31.637
PV-005357455035	28.326	PV-005357455035 28.326
PV-005357455036	28.49	PV-005357455036 28.490
PV-005357464125	30.578	PV-005357464125 30.578
PV-005357464126	28.75	PV-005357464126 28.750
PV-005357464127	30.081	PV-005357464127 30.081
PV-005357466280	25.895	PV-005357466280 25.895
PV-005357475274	26.075	PV-005357475274 26.075
PV-005357490477	28.144	PV-005357490477 28.144
PV-005357497516	28.304	PV-005357497516 28.304
PV-005357530835	30.231	PV-005357530835 30.231
PV-005357560904	25.75	PV-005357560904 25.750
PV-005357572493	29.657	PV-005357572493 29.657
PV-005357573787	30.617	PV-005357573787 30.617
PV-005357588553	30.953	PV-005357588553 30.953
PV-005357611084	30.212	PV-005357611084 30.212
PV-005357614758	32.524	PV-005357614758 32.524
PV-005357654531	28.034	PV-005357654531 28.034
PV-005357654532	29.957	PV-005357654532 29.957
PV-005357656066	30.219	PV-005357656066 30.219
PV-005357658703	29.905	PV-005357658703 29.905
PV-005357687482	26.042	PV-005357687482 26.042
PV-005357690245	25.48	PV-005357690245 25.480
PV-005357690246	30.087	PV-005357690246 30.087
PV-005357695448	31.04	PV-005357695448 31.040
PV-005357731391	28.609	PV-005357731391 28.609
PV-005357746655	31.396	PV-005357746655 31.396
PV-005357747015	27.901	PV-005357747015 27.901
PV-005357790108	30.912	PV-005357790108 30.912
PV-005357790109	26.153	PV-005357790109 26.153
PV-005357821195	31.164	PV-005357821195 31.164
PV-005357842659	31.896	PV-005357842659 31.896
PV-005357930319	27.648	PV-005357930319 27.648
PV-005357937637	27.616	PV-005357937637 27.616
PV-005357943088	29.811	PV-005357943088 29.811
PV-005357943089	29.142	PV-005357943089 29.142
PV-005357943090	30.669	PV-005357943090 30.669
PV-005357950137	29.997	PV-005357950137 29.997
PV-005357964666	30.327	PV-005357964666 30.327
PV-005357993637	29.656	PV-005357993637 29.656
PV-005357993638	31.92	PV-005357993638 31.920
PV-005358014090	26.392	PV-005358014090 26.392
PV-005358014091	25.482	PV-005358014091 25.482
PV-005358019975	30.907	PV-005358019975 30.907
PV-005358024782	30.183	PV-005358024782 30.183
PV-005358033232	29.074	PV-005358033232 29.074
PV-005358072957	28.148	PV-005358072957 28.148
PV-005358072958	29.885	PV-005358072958 29.885
PV-005358072959	26.776	PV-005358072959 26.776
PV-005358113331	30.758	PV-005358113331 30.758
PV-005358136365	29.816	PV-005358136365 29.816
PV-005358169471	29.804	PV-005358169471 29.804
PV-005358176755	27.961	PV-005358176755 27.961
PV-005358192301	29.671	PV-005358192301 29.671
PV-005358192302	29.374	PV-005358192302 29.374
PV-005358192303	28.762	PV-005358192303 28.762
PV-005358192304	29.183	PV-005358192304 29.183
PV-005358192305	30.177	PV-005358192305 30.177
PV-005358192306	31.254	PV-005358192306 31.254
PV-005358199384	30.764	PV-005358199384 30.764
PV-005358199385	30.294	PV-005358199385 30.294
PV-005358199386	29.826	PV-005358199386 29.826
PV-005358205645	29.432	PV-005358205645 29.432
PV-005358223389	26.906	PV-005358223389 26.906
PV-005358223390	26.636	PV-005358223390 26.636
PV-005358223391	30.097	PV-005358223391 30.097
PV-005358226545	29.192	PV-005358226545 29.192
PV-005358226546	29.265	PV-005358226546 29.265
PV-005358233001	26.384	PV-005358233001 26.384
PV-005358261398	28.994	PV-005358261398 28.994
PV-005358300712	31.487	PV-005358300712 31.487
PV-005358303618	30.87	PV-005358303618 30.870
PV-005358314082	29.373	PV-005358314082 29.373
PV-005358316267	29.24	PV-005358316267 29.240
PV-005358316268	25.906	PV-005358316268 25.906
PV-005358316269	30.715	PV-005358316269 30.715
PV-005358319071	28.095	PV-005358319071 28.095
PV-005358319150	29.709	PV-005358319150 29.709
PV-005358321966	26.565	PV-005358321966 26.565
PV-005358325325	26.809	PV-005358325325 26.809
PV-005358330431	30.15	PV-005358330431 30.150
PV-005358362021	27.478	PV-005358362021 27.478
PV-005358367509	28.502	PV-005358367509 28.502
PV-005358411138	31.803	PV-005358411138 31.803
PV-005358465482	25.111	PV-005358465482 25.111
PV-005358467712	28.407	PV-005358467712 28.407
PV-005358467713	31.885	PV-005358467713 31.885
PV-005358468512	32.475	PV-005358468512 32.475
PV-005358477163	31.212	PV-005358477163 31.212
PV-005358478826	25.916	PV-005358478826 25.916
PV-005358490644	30.088	PV-005358490644 30.088
PV-005358526063	25.148	PV-005358526063 25.148
PV-005358534290	30.384	PV-005358534290 30.384
PV-005358556146	25.818	PV-005358556146 25.818
PV-005358559209	30.522	PV-005358559209 30.522
PV-005358588999	27.405	PV-005358588999 27.405
PV-005358595779	30.142	PV-005358595779 30.142
PV-005358609260	29.953	PV-005358609260 29.953
PV-005358609261	28.257	PV-005358609261 28.257
PV-005358609262	26.355	PV-005358609262 26.355
PV-005358612130	31.896	PV-005358612130 31.896
PV-005358614413	29.136	PV-005358614413 29.136
PV-005358618606	30.358	PV-005358618606 30.358
PV-005358618607	29.659	PV-005358618607 29.659
PV-005358618608	29.291	PV-005358618608 29.291
PV-005358635443	29.892	PV-005358635443 29.892
PV-005358658309	30.79	PV-005358658309 30.790
PV-005358695798	32.081	PV-005358695798 32.081
PV-005358717944	30.09	PV-005358717944 30.090
PV-005358722614	29.739	PV-005358722614 29.739
PV-005358722615	29.86	PV-005358722615 29.860
PV-005358740650	28.53	PV-005358740650 28.530
PV-005358772433	29.032	PV-005358772433 29.032
PV-005358819212	29.827	PV-005358819212 29.827
PV-005358851899	30.849	PV-005358851899 30.849
PV-005358854182	26.37	PV-005358854182 26.370
PV-005358858405	31.614	PV-005358858405 31.614
PV-005358858406	26.554	PV-005358858406 26.554
PV-005358860589	27.059	PV-005358860589 27.059
PV-005358860590	31.083	PV-005358860590 31.083
PV-005358866126	28.029	PV-005358866126 28.029
PV-005358873133	31.235	PV-005358873133 31.235
PV-005358888645	29.01	PV-005358888645 29.010
PV-005358900365	30.331	PV-005358900365 30.331
PV-005358901924	26.337	PV-005358901924 26.337
PV-005358903784	31.866	PV-005358903784 31.866
PV-005358906403	26.242	PV-005358906403 26.242
PV-005358912263	27.366	PV-005358912263 27.366
PV-005358966461	26.792	PV-005358966461 26.792
PV-005359002428	29.024	PV-005359002428 29.024
PV-005359002429	25.788	PV-005359002429 25.788
PV-005359002430	30.5	PV-005359002430 30.500
PV-005359023689	29.023	PV-005359023689 29.023
PV-005359043637	25.393	PV-005359043637 25.393
PV-005359046457	31.316	PV-005359046457 31.316
PV-005359057916	25.965	PV-005359057916 25.965
PV-005359061657	28.842	PV-005359061657 28.842
PV-005359073411	31.769	PV-005359073411 31.769
PV-005359073412	29.0	PV-005359073412 29.000
PV-005359073413	31.377	PV-005359073413 31.377
PV-005359077734	28.861	PV-005359077734 28.861
PV-005359077735	26.415	PV-005359077735 26.415
PV-005359092342	27.302	PV-005359092342 27.302
PV-005359099055	31.491	PV-005359099055 31.491
PV-005359117346	29.31	PV-005359117346 29.310
PV-005359122790	26.055	PV-005359122790 26.055
PV-005359141669	30.173	PV-005359141669 30.173
PV-005359144527	31.046	PV-005359144527 31.046
PV-005359195690	30.707	PV-005359195690 30.707
PV-005359195691	28.349	PV-005359195691 28.349
PV-005359195692	29.171	PV-005359195692 29.171
PV-005359195693	27.057	PV-005359195693 27.057
PV-005359199353	29.429	PV-005359199353 29.429
PV-005359199354	28.268	PV-005359199354 28.268
PV-005359199355	27.848	PV-005359199355 27.848
PV-005359201614	28.11	PV-005359201614 28.110
PV-005359211804	29.423	PV-005359211804 29.423
PV-005359211805	28.348	PV-005359211805 28.348
PV-005359231335	25.76	PV-005359231335 25.760
PV-005359239742	28.902	PV-005359239742 28.902
PV-005359322671	28.789	PV-005359322671 28.789
PV-005359323698	27.194	PV-005359323698 27.194
PV-005359323699	31.185	PV-005359323699 31.185
PV-005359323700	28.926	PV-005359323700 28.926
PV-005359324799	31.685	PV-005359324799 31.685
PV-005359329090	29.433	PV-005359329090 29.433
PV-005359344095	30.488	PV-005359344095 30.488
PV-005359366892	27.413	PV-005359366892 27.413
PV-005359366893	27.349	PV-005359366893 27.349
PV-005359366894	26.584	PV-005359366894 26.584
PV-005359367635	30.896	PV-005359367635 30.896
PV-005359381829	28.498	PV-005359381829 28.498
PV-005359400198	27.184	PV-005359400198 27.184
PV-005359412603	29.58	PV-005359412603 29.580
PV-005359418276	30.996	PV-005359418276 30.996
PV-005359422434	28.746	PV-005359422434 28.746
PV-005359431122	26.341	PV-005359431122 26.341
PV-005359433841	30.139	PV-005359433841 30.139
PV-005359447543	27.813	PV-005359447543 27.813
PV-005359469954	30.194	PV-005359469954 30.194
PV-005359516937	28.999	PV-005359516937 28.999
PV-005359516938	26.272	PV-005359516938 26.272
PV-005359531003	30.293	PV-005359531003 30.293
PV-005359534740	29.248	PV-005359534740 29.248
PV-005359539161	29.292	PV-005359539161 29.292
PV-005359539162	28.899	PV-005359539162 28.899
PV-005359539163	30.942	PV-005359539163 30.942
PV-005359542599	28.22	PV-005359542599 28.220
PV-005359583765	30.96	PV-005359583765 30.960
PV-005359608014	30.643	PV-005359608014 30.643
PV-005359618806	30.068	PV-005359618806 30.068
PV-005359631206	29.311	PV-005359631206 29.311
PV-005359634752	30.984	PV-005359634752 30.984
PV-005359717008	28.734	PV-005359717008 28.734
PV-005359723058	29.43	PV-005359723058 29.430
PV-005359732139	30.697	PV-005359732139 30.697
PV-005359746036	27.427	PV-005359746036 27.427
PV-005359752674	27.548	PV-005359752674 27.548
PV-005359772316	26.001	PV-005359772316 26.001
PV-005359784914	25.72	PV-005359784914 25.720
PV-005359790233	29.416	PV-005359790233 29.416
PV-005359790234	27.654	PV-005359790234 27.654
PV-005359790235	31.012	PV-005359790235 31.012
PV-005359793947	28.907	PV-005359793947 28.907
PV-005359793948	29.693	PV-005359793948 29.693
PV-005359794326	29.163	PV-005359794326 29.163
PV-005359819119	27.079	PV-005359819119 27.079
PV-005359828865	26.465	PV-005359828865 26.465
PV-005359843886	29.364	PV-005359843886 29.364
PV-005359843887	30.568	PV-005359843887 30.568
PV-005359843888	30.153	PV-005359843888 30.153
PV-005359844258	26.211	PV-005359844258 26.211
PV-005359844259	26.726	PV-005359844259 26.726
PV-005359844260	30.367	PV-005359844260 30.367
PV-005359854990	31.238	PV-005359854990 31.238
PV-005359865187	29.101	PV-005359865187 29.101
PV-005359885231	28.347	PV-005359885231 28.347
PV-005359921891	29.424	PV-005359921891 29.424
PV-005359935601	28.776	PV-005359935601 28.776
PV-005359957511	30.96	PV-005359957511 30.960
PV-005359969870	30.94	PV-005359969870 30.940
PV-005359972395	27.228	PV-005359972395 27.228
PV-005359986459	26.478	PV-005359986459 26.478
PV-005359989092	31.499	PV-005359989092 31.499
PV-005359989093	28.811	PV-005359989093 28.811
PV-005359989094	25.815	PV-005359989094 25.815
PV-005360005172	29.822	PV-005360005172 29.822
PV-005360030293	31.16	PV-005360030293 31.160
PV-005360030294	26.213	PV-005360030294 26.213
PV-005360053820	26.263	PV-005360053820 26.263
PV-005360077813	31.378	PV-005360077813 31.378
PV-005360089937	25.81	PV-005360089937 25.810
PV-005360105013	28.595	PV-005360105013 28.595
PV-005360151003	29.403	PV-005360151003 29.403
PV-005360155647	31.513	PV-005360155647 31.513
PV-005360157695	30.47	PV-005360157695 30.470
PV-005360157696	26.117	PV-005360157696 26.117
PV-005360170817	25.859	PV-005360170817 25.859
PV-005360175469	28.319	PV-005360175469 28.319
PV-005360178547	27.577	PV-005360178547 27.577
PV-005360178548	31.755	PV-005360178548 31.755
PV-005360183545	29.931	PV-005360183545 29.931
PV-005360193095	29.809	PV-005360193095 29.809
PV-005360196589	29.031	PV-005360196589 29.031
PV-005360229656	29.449	PV-005360229656 29.449
PV-005360229657	29.52	PV-005360229657 29.520
PV-005360229658	28.927	PV-005360229658 28.927
PV-005360235274	30.601	PV-005360235274 30.601
PV-005360277557	27.853	PV-005360277557 27.853
PV-005360302547	29.664	PV-005360302547 29.664
PV-005360302548	28.818	PV-005360302548 28.818
PV-005360307038	27.189	PV-005360307038 27.189
PV-005360307039	29.388	PV-005360307039 29.388
PV-005360307040	30.013	PV-005360307040 30.013
PV-005360349145	29.03	PV-005360349145 29.030
PV-005360376071	29.63	PV-005360376071 29.630
PV-005360387880	30.606	PV-005360387880 30.606
PV-005360411784	29.072	PV-005360411784 29.072
PV-005360411785	30.186	PV-005360411785 30.186
PV-005360417979	31.251	PV-005360417979 31.251
PV-005360426524	29.443	PV-005360426524 29.443
PV-005360431948	30.421	PV-005360431948 30.421
PV-005360433258	28.698	PV-005360433258 28.698
PV-005360451936	30.114	PV-005360451936 30.114
PV-005360457934	27.089	PV-005360457934 27.089
PV-005360470021	26.687	PV-005360470021 26.687
PV-005360477122	30.893	PV-005360477122 30.893
PV-005360487237	26.566	PV-005360487237 26.566
PV-005360497603	29.667	PV-005360497603 29.667
PV-005360502135	25.795	PV-005360502135 25.795
PV-005360506237	29.082	PV-005360506237 29.082
PV-005360508617	28.509	PV-005360508617 28.509
PV-005360518304	27.297	PV-005360518304 27.297
PV-005360522536	30.512	PV-005360522536 30.512
PV-005360524645	29.281	PV-005360524645 29.281
PV-005360534844	25.814	PV-005360534844 25.814
PV-005360534845	28.783	PV-005360534845 28.783
PV-005360534846	28.762	PV-005360534846 28.762
PV-005360534848	25.391	PV-005360534848 25.391
PV-005360544481	26.079	PV-005360544481 26.079
PV-005360588346	26.447	PV-005360588346 26.447
PV-005360610513	27.404	PV-005360610513 27.404
PV-005360626088	30.807	PV-005360626088 30.807
PV-005360636368	27.694	PV-005360636368 27.694
PV-005360636369	28.394	PV-005360636369 28.394
PV-005360636370	30.775	PV-005360636370 30.775
PV-005360678641	25.942	PV-005360678641 25.942
PV-005360694186	30.829	PV-005360694186 30.829
PV-005360703608	30.449	PV-005360703608 30.449
PV-005360739363	31.143	PV-005360739363 31.143
PV-005360745583	31.646	PV-005360745583 31.646
PV-005360746632	31.389	PV-005360746632 31.389
PV-005360769146	31.587	PV-005360769146 31.587
PV-005360769907	29.299	PV-005360769907 29.299
PV-005360784723	29.285	PV-005360784723 29.285
PV-005360784724	30.65	PV-005360784724 30.650
PV-005360784725	29.315	PV-005360784725 29.315
PV-005360802360	29.092	PV-005360802360 29.092
PV-005360802361	30.822	PV-005360802361 30.822
PV-005360803130	25.719	PV-005360803130 25.719
PV-005360810333	26.104	PV-005360810333 26.104
PV-005360810335	31.206	PV-005360810335 31.206
PV-005360815072	28.602	PV-005360815072 28.602
PV-005360820353	26.158	PV-005360820353 26.158
PV-005360825363	28.963	PV-005360825363 28.963
PV-005360829487	26.821	PV-005360829487 26.821
PV-005360838725	30.069	PV-005360838725 30.069
PV-005360868814	30.616	PV-005360868814 30.616
PV-005360897570	28.505	PV-005360897570 28.505
PV-005360918543	28.07	PV-005360918543 28.070
PV-005360918998	31.61	PV-005360918998 31.610
PV-005360922824	25.595	PV-005360922824 25.595
PV-005360922825	28.704	PV-005360922825 28.704
PV-005360922826	29.739	PV-005360922826 29.739
PV-005360923092	26.59	PV-005360923092 26.590
PV-005360933521	28.906	PV-005360933521 28.906
PV-005360945403	29.373	PV-005360945403 29.373
PV-005360946158	29.835	PV-005360946158 29.835
PV-005361002237	28.823	PV-005361002237 28.823
PV-005361002238	28.615	PV-005361002238 28.615
PV-005361002239	30.14	PV-005361002239 30.140
PV-005361026936	31.71	PV-005361026936 31.710
PV-005361027342	27.187	PV-005361027342 27.187
PV-005361029316	28.265	PV-005361029316 28.265
PV-005361034866	27.614	PV-005361034866 27.614
PV-005361034867	30.728	PV-005361034867 30.728
PV-005361034868	25.585	PV-005361034868 25.585
PV-005361048178	31.112	PV-005361048178 31.112
PV-005361067145	29.592	PV-005361067145 29.592
PV-005361076742	28.661	PV-005361076742 28.661
PV-005361076743	30.498	PV-005361076743 30.498
PV-005361076744	31.426	PV-005361076744 31.426
PV-005361080493	30.138	PV-005361080493 30.138
PV-005361096163	29.446	PV-005361096163 29.446
PV-005361103590	27.686	PV-005361103590 27.686
PV-005361124649	29.625	PV-005361124649 29.625
PV-005361153069	27.765	PV-005361153069 27.765
PV-005361162734	29.891	PV-005361162734 29.891
PV-005361175386	30.034	PV-005361175386 30.034
PV-005361182735	26.785	PV-005361182735 26.785
PV-005361237998	31.066	PV-005361237998 31.066
PV-005361269578	28.349	PV-005361269578 28.349
PV-005361281409	26.395	PV-005361281409 26.395
PV-005361281410	30.407	PV-005361281410 30.407
PV-005361283351	27.356	PV-005361283351 27.356
PV-005361300801	30.683	PV-005361300801 30.683
PV-005361300802	27.37	PV-005361300802 27.370
PV-005361300803	28.808	PV-005361300803 28.808
PV-005361321102	26.707	PV-005361321102 26.707
PV-005361323363	26.951	PV-005361323363 26.951
PV-005361323634	29.691	PV-005361323634 29.691
PV-005361323844	29.39	PV-005361323844 29.390
PV-005361326115	27.437	PV-005361326115 27.437
PV-005361326116	29.401	PV-005361326116 29.401
PV-005361333889	32.164	PV-005361333889 32.164
PV-005361333890	30.066	PV-005361333890 30.066
PV-005361333891	29.815	PV-005361333891 29.815
PV-005361334596	31.055	PV-005361334596 31.055
PV-005361349180	30.57	PV-005361349180 30.570
PV-005361354171	31.038	PV-005361354171 31.038
PV-005361354172	28.948	PV-005361354172 28.948
PV-005361359310	28.378	PV-005361359310 28.378
PV-005361360403	29.356	PV-005361360403 29.356
PV-005361371864	26.203	PV-005361371864 26.203
PV-005361383191	31.705	PV-005361383191 31.705
PV-005361394717	29.274	PV-005361394717 29.274
PV-005361394718	30.626	PV-005361394718 30.626
PV-005361394719	26.626	PV-005361394719 26.626
PV-005361440349	26.666	PV-005361440349 26.666
PV-005361508181	26.026	PV-005361508181 26.026
PV-005361508182	26.491	PV-005361508182 26.491
PV-005361508183	26.093	PV-005361508183 26.093
PV-005361512187	29.497	PV-005361512187 29.497
PV-005361512188	26.901	PV-005361512188 26.901
PV-005361512189	29.544	PV-005361512189 29.544
PV-005361529075	28.822	PV-005361529075 28.822
PV-005361529076	31.119	PV-005361529076 31.119
PV-005361529077	29.498	PV-005361529077 29.498
PV-005361543339	26.41	PV-005361543339 26.410
PV-005361545950	29.981	PV-005361545950 29.981
PV-005361579982	27.308	PV-005361579982 27.308
PV-005361585650	31.828	PV-005361585650 31.828
PV-005361593046	29.473	PV-005361593046 29.473
PV-005361621403	27.53	PV-005361621403 27.530
PV-005361626061	30.567	PV-005361626061 30.567
PV-005361626062	29.81	PV-005361626062 29.810
PV-005361642504	27.014	PV-005361642504 27.014
PV-005361690453	28.934	PV-005361690453 28.934
PV-005361767152	26.005	PV-005361767152 26.005
PV-005361773368	30.242	PV-005361773368 30.242
PV-005361783164	29.851	PV-005361783164 29.851
PV-005361810943	27.882	PV-005361810943 27.882
PV-005361816153	28.419	PV-005361816153 28.419
PV-005361817933	27.684	PV-005361817933 27.684
PV-005361824044	31.489	PV-005361824044 31.489
PV-005361830829	29.673	PV-005361830829 29.673
PV-005361834174	29.292	PV-005361834174 29.292
PV-005361876108	26.901	PV-005361876108 26.901
PV-005361876109	27.234	PV-005361876109 27.234
PV-005361885904	26.665	PV-005361885904 26.665
PV-005361902395	27.758	PV-005361902395 27.758
PV-005361920211	25.706	PV-005361920211 25.706
PV-005361924305	27.752	PV-005361924305 27.752
PV-005361925912	28.953	PV-005361925912 28.953
PV-005361933413	27.583	PV-005361933413 27.583
PV-005361933755	26.887	PV-005361933755 26.887
PV-005361933756	29.359	PV-005361933756 29.359
PV-005361933757	30.311	PV-005361933757 30.311
PV-005362016031	29.167	PV-005362016031 29.167
PV-005362017645	28.603	PV-005362017645 28.603
PV-005362017646	31.565	PV-005362017646 31.565
PV-005362024762	30.988	PV-005362024762 30.988
PV-005362044474	26.104	PV-005362044474 26.104
PV-005362044475	26.193	PV-005362044475 26.193
PV-005362052346	29.271	PV-005362052346 29.271
PV-005362052347	30.256	PV-005362052347 30.256
PV-005362052348	30.896	PV-005362052348 30.896
PV-005362063913	26.657	PV-005362063913 26.657
PV-005362069322	29.354	PV-005362069322 29.354
PV-005362080557	26.277	PV-005362080557 26.277
PV-005362096180	26.499	PV-005362096180 26.499
PV-005362147022	29.565	PV-005362147022 29.565
PV-005362147561	29.152	PV-005362147561 29.152
PV-005362169916	30.758	PV-005362169916 30.758
PV-005362180400	28.171	PV-005362180400 28.171
PV-005362242070	25.896	PV-005362242070 25.896
PV-005362254407	28.463	PV-005362254407 28.463
PV-005362254408	28.197	PV-005362254408 28.197
PV-005362256136	30.503	PV-005362256136 30.503
PV-005362267563	30.529	PV-005362267563 30.529
PV-005362269855	30.177	PV-005362269855 30.177
PV-005362302909	27.269	PV-005362302909 27.269
PV-005362333840	28.894	PV-005362333840 28.894
PV-005362341037	29.062	PV-005362341037 29.062
PV-005362341038	26.739	PV-005362341038 26.739
PV-005362341039	28.661	PV-005362341039 28.661
PV-005362343307	28.869	PV-005362343307 28.869
PV-005362372462	30.244	PV-005362372462 30.244
PV-005362372463	31.593	PV-005362372463 31.593
PV-005362372464	26.084	PV-005362372464 26.084
PV-005362372940	26.135	PV-005362372940 26.135
PV-005362383429	28.579	PV-005362383429 28.579
PV-005362387490	27.687	PV-005362387490 27.687
PV-005362387491	28.067	PV-005362387491 28.067
PV-005362410018	28.568	PV-005362410018 28.568
PV-005362414039	31.344	PV-005362414039 31.344
PV-005362414040	30.584	PV-005362414040 30.584
PV-005362416526	26.847	PV-005362416526 26.847
PV-005362417003	29.211	PV-005362417003 29.211
PV-005362437549	26.964	PV-005362437549 26.964
PV-005362437550	28.919	PV-005362437550 28.919
PV-005362442820	30.205	PV-005362442820 30.205
PV-005362449724	29.685	PV-005362449724 29.685
PV-005362449725	29.79	PV-005362449725 29.790
PV-005362449726	25.796	PV-005362449726 25.796
PV-005362458582	29.138	PV-005362458582 29.138
PV-005362458584	28.953	PV-005362458584 28.953
PV-005362459200	28.214	PV-005362459200 28.214
PV-005362467543	27.858	PV-005362467543 27.858
PV-005362471268	27.303	PV-005362471268 27.303
PV-005362479027	30.531	PV-005362479027 30.531
PV-005362482464	26.249	PV-005362482464 26.249
PV-005362492292	26.259	PV-005362492292 26.259
PV-005362500436	29.258	PV-005362500436 29.258
PV-005362524998	28.413	PV-005362524998 28.413
PV-005362537657	30.263	PV-005362537657 30.263
PV-005362558214	31.144	PV-005362558214 31.144
PV-005362560031	29.958	PV-005362560031 29.958
PV-005362562382	30.367	PV-005362562382 30.367
PV-005362562383	27.4	PV-005362562383 27.400
PV-005362562384	30.051	PV-005362562384 30.051
PV-005362570747	26.182	PV-005362570747 26.182
PV-005362579271	32.249	PV-005362579271 32.249
PV-005362595191	30.561	PV-005362595191 30.561
PV-005362626788	29.062	PV-005362626788 29.062
PV-005362674359	26.02	PV-005362674359 26.020
PV-005362674360	30.644	PV-005362674360 30.644
PV-005362674361	27.567	PV-005362674361 27.567
PV-005362677771	31.627	PV-005362677771 31.627
PV-005362702577	27.502	PV-005362702577 27.502
PV-005362710233	29.371	PV-005362710233 29.371
PV-005362737409	29.726	PV-005362737409 29.726
PV-005362738954	30.202	PV-005362738954 30.202
PV-005362748920	29.651	PV-005362748920 29.651
PV-005362748921	29.177	PV-005362748921 29.177
PV-005362760593	28.129	PV-005362760593 28.129
PV-005362760594	28.944	PV-005362760594 28.944
PV-005362760595	29.748	PV-005362760595 29.748
PV-005362762903	29.016	PV-005362762903 29.016
PV-005362771419	30.516	PV-005362771419 30.516
PV-005362789229	27.224	PV-005362789229 27.224
PV-005362807173	26.617	PV-005362807173 26.617
PV-005362829783	26.546	PV-005362829783 26.546
PV-005362834359	29.866	PV-005362834359 29.866
PV-005362850848	29.317	PV-005362850848 29.317
PV-005362850849	30.932	PV-005362850849 30.932
PV-005362850892	27.493	PV-005362850892 27.493
PV-005362895771	26.979	PV-005362895771 26.979
PV-005362905214	29.313	PV-005362905214 29.313
PV-005362916606	29.15	PV-005362916606 29.150
PV-005362928205	30.628	PV-005362928205 30.628
PV-005362987075	26.784	PV-005362987075 26.784
PV-005363001451	30.409	PV-005363001451 30.409
PV-005363017504	28.552	PV-005363017504 28.552
PV-005363026749	29.341	PV-005363026749 29.341
PV-005363049925	30.386	PV-005363049925 30.386
PV-005363050702	28.251	PV-005363050702 28.251
PV-005363114197	30.326	PV-005363114197 30.326
PV-005363181714	27.948	PV-005363181714 27.948
PV-005363196851	29.46	PV-005363196851 29.460
PV-005363203163	26.323	PV-005363203163 26.323
PV-005363203694	29.135	PV-005363203694 29.135
PV-005363211113	30.269	PV-005363211113 30.269
PV-005363229837	30.468	PV-005363229837 30.468
PV-005363265369	30.529	PV-005363265369 30.529
PV-005363268812	27.725	PV-005363268812 27.725
PV-005363275428	29.807	PV-005363275428 29.807
PV-005363292639	29.441	PV-005363292639 29.441
PV-005363294189	31.476	PV-005363294189 31.476
PV-005363299601	25.784	PV-005363299601 25.784
PV-005363335803	30.146	PV-005363335803 30.146
PV-005363352514	26.457	PV-005363352514 26.457
PV-005363352515	29.311	PV-005363352515 29.311
PV-005363352516	28.788	PV-005363352516 28.788
PV-005363352958	31.484	PV-005363352958 31.484
PV-005363379140	29.959	PV-005363379140 29.959
PV-005363379141	29.651	PV-005363379141 29.651
PV-005363379142	29.579	PV-005363379142 29.579
PV-005363384677	29.399	PV-005363384677 29.399
PV-005363421740	30.159	PV-005363421740 30.159
PV-005363431837	29.029	PV-005363431837 29.029
PV-005363431838	29.11	PV-005363431838 29.110
PV-005363431839	30.684	PV-005363431839 30.684
PV-005363431840	26.179	PV-005363431840 26.179
PV-005363431841	31.772	PV-005363431841 31.772
PV-005363431842	30.224	PV-005363431842 30.224
PV-005363458122	29.963	PV-005363458122 29.963
PV-005363482905	25.979	PV-005363482905 25.979
PV-005363488949	29.868	PV-005363488949 29.868
PV-005363553635	26.159	PV-005363553635 26.159
PV-005363560921	27.488	PV-005363560921 27.488
PV-005363560922	29.914	PV-005363560922 29.914
PV-005363560923	30.861	PV-005363560923 30.861
PV-005363569020	27.82	PV-005363569020 27.820
PV-005363571418	32.126	PV-005363571418 32.126
PV-005363571419	26.974	PV-005363571419 26.974
PV-005363571420	29.866	PV-005363571420 29.866
PV-005363589056	29.66	PV-005363589056 29.660
PV-005363589407	31.869	PV-005363589407 31.869
PV-005363629440	29.966	PV-005363629440 29.966
PV-005363629441	28.572	PV-005363629441 28.572
PV-005363629442	31.379	PV-005363629442 31.379
PV-005363690226	28.149	PV-005363690226 28.149
PV-005363690227	30.584	PV-005363690227 30.584
PV-005363700841	29.838	PV-005363700841 29.838
PV-005363714216	30.852	PV-005363714216 30.852
PV-005363738950	29.726	PV-005363738950 29.726
PV-005363749486	31.617	PV-005363749486 31.617
PV-005363749519	31.374	PV-005363749519 31.374
PV-005363761649	30.299	PV-005363761649 30.299
PV-005363815916	27.7	PV-005363815916 27.700
PV-005363816032	29.4	PV-005363816032 29.400
PV-005363853640	29.805	PV-005363853640 29.805
PV-005363867355	30.662	PV-005363867355 30.662
PV-005363878276	30.85	PV-005363878276 30.850
PV-005363924717	26.376	PV-005363924717 26.376
PV-005363939864	29.405	PV-005363939864 29.405
PV-005363947962	29.349	PV-005363947962 29.349
PV-005363950523	26.149	PV-005363950523 26.149
PV-005363967960	28.781	PV-005363967960 28.781
PV-005363968765	29.354	PV-005363968765 29.354
PV-005363993910	27.171	PV-005363993910 27.171
PV-005363993912	27.549	PV-005363993912 27.549
PV-005363995378	29.238	PV-005363995378 29.238
PV-005364004388	29.654	PV-005364004388 29.654
PV-005364085447	30.687	PV-005364085447 30.687
PV-005364343724	28.84	PV-005364343724 28.840
PV-005364360085	31.753	PV-005364360085 31.753
PV-005364607214	28.651	PV-005364607214 28.651
PV-005365032703	30.928	PV-005365032703 30.928
PV-005365127493	25.363	PV-005365127493 25.363
PV-005365262294	26.197	PV-005365262294 26.197
PV-005365506114	30.822	PV-005365506114 30.822
PV-005365563823	29.481	PV-005365563823 29.481
PV-005365563824	28.604	PV-005365563824 28.604
PV-005365563825	29.956	PV-005365563825 29.956
PV-005365632244	32.588	PV-005365632244 32.588
PV-005365632245	29.59	PV-005365632245 29.590
PV-005365632246	26.165	PV-005365632246 26.165
PV-005365847828	31.389	PV-005365847828 31.389
PV-005366074061	31.585	PV-005366074061 31.585
PV-005366074062	28.84	PV-005366074062 28.840
PV-005366074063	29.626	PV-005366074063 29.626
PV-005366380927	25.671	PV-005366380927 25.671
PV-005366380928	29.127	PV-005366380928 29.127
PV-005366380929	26.378	PV-005366380929 26.378
PV-005366519536	28.492	PV-005366519536 28.492
PV-005366561355	27.968	PV-005366561355 27.968
PV-005366665929	26.486	PV-005366665929 26.486
PV-005366903436	28.851	PV-005366903436 28.851
PV-005367239858	31.12	PV-005367239858 31.120
PV-005367269857	29.942	PV-005367269857 29.942
PV-005367597347	30.55	PV-005367597347 30.550
PV-005367707185	27.007	PV-005367707185 27.007
PV-005367865919	28.939	PV-005367865919 28.939
PV-005368202347	29.798	PV-005368202347 29.798
PV-005368222015	25.793	PV-005368222015 25.793
PV-005370847849	30.68	PV-005370847849 30.680
PV-005371006218	30.03	PV-005371006218 30.030
PV-005371006219	27.134	PV-005371006219 27.134
PV-005371179194	29.813	PV-005371179194 29.813
PV-005371575231	28.217	PV-005371575231 28.217
PV-005371753591	31.704	PV-005371753591 31.704
PV-005371753592	30.096	PV-005371753592 30.096
PV-005371753593	27.073	PV-005371753593 27.073
PV-005372190228	29.791	PV-005372190228 29.791
PV-005373528688	29.052	PV-005373528688 29.052
PV-005373572924	26.494	PV-005373572924 26.494
PV-005374117507	26.797	PV-005374117507 26.797
PV-005374463313	27.909	PV-005374463313 27.909
PV-005374597764	26.682	PV-005374597764 26.682
PV-005374916792	29.944	PV-005374916792 29.944
PV-005374960853	30.719	PV-005374960853 30.719
PV-005374960854	26.326	PV-005374960854 26.326
PV-005375063565	29.58	PV-005375063565 29.580
PV-005375629186	25.756	PV-005375629186 25.756
PV-005376092239	32.067	PV-005376092239 32.067
PV-005376092240	28.964	PV-005376092240 28.964
PV-005376206241	29.22	PV-005376206241 29.220
PV-005377454958	29.886	PV-005377454958 29.886
PV-005378074215	27.597	PV-005378074215 27.597
PV-005378293530	30.713	PV-005378293530 30.713
PV-005378764975	29.88	PV-005378764975 29.880
PV-005378764976	30.155	PV-005378764976 30.155
PV-005379202108	26.455	PV-005379202108 26.455
PV-005379866051	32.505	PV-005379866051 32.505
PV-005379866052	32.105	PV-005379866052 32.105
PV-005379866053	26.325	PV-005379866053 26.325
PV-005380061917	30.963	PV-005380061917 30.963
PV-005380061918	28.195	PV-005380061918 28.195
PV-005380061919	26.379	PV-005380061919 26.379
PV-005381035518	29.604	PV-005381035518 29.604
PV-005381099125	29.794	PV-005381099125 29.794
PV-005381450717	27.789	PV-005381450717 27.789
PV-005382539752	27.446	PV-005382539752 27.446
PV-005382758394	31.843	PV-005382758394 31.843
PV-005382884961	30.107	PV-005382884961 30.107
PV-005383067352	29.989	PV-005383067352 29.989
PV-005383087491	30.251	PV-005383087491 30.251
PV-005383097690	29.225	PV-005383097690 29.225
PV-005383690522	26.969	PV-005383690522 26.969
PV-005383802226	31.134	PV-005383802226 31.134
PV-005383844843	29.527	PV-005383844843 29.527
PV-005383844844	29.526	PV-005383844844 29.526
PV-005383844845	30.559	PV-005383844845 30.559
PV-005384343096	28.847	PV-005384343096 28.847
PV-005384410634	30.194	PV-005384410634 30.194
PV-005384410635	29.796	PV-005384410635 29.796
PV-005384410636	29.586	PV-005384410636 29.586
PV-005385807695	26.694	PV-005385807695 26.694
PV-005386016287	28.64	PV-005386016287 28.640
PV-005386342856	28.707	PV-005386342856 28.707
PV-005386476714	30.685	PV-005386476714 30.685
PV-005386548159	25.549	PV-005386548159 25.549
PV-005386778661	32.096	PV-005386778661 32.096
PV-005387127844	30.88	PV-005387127844 30.880
PV-005387252090	32.07	PV-005387252090 32.070
PV-005387252091	26.066	PV-005387252091 26.066
PV-005387267189	29.511	PV-005387267189 29.511
PV-005387345845	25.701	PV-005387345845 25.701
PV-005388465417	25.929	PV-005388465417 25.929
PV-005388663855	28.249	PV-005388663855 28.249
PV-005388663856	26.288	PV-005388663856 26.288
PV-005388923112	29.494	PV-005388923112 29.494
PV-005388963927	26.724	PV-005388963927 26.724
PV-005388963928	26.42	PV-005388963928 26.420
PV-005389204189	31.175	PV-005389204189 31.175
PV-005389622357	30.259	PV-005389622357 30.259
PV-005389680895	30.418	PV-005389680895 30.418
PV-005390539541	30.079	PV-005390539541 30.079
PV-005390896666	31.264	PV-005390896666 31.264
PV-005390920829	29.203	PV-005390920829 29.203
PV-005391172173	30.694	PV-005391172173 30.694
PV-005391650535	27.329	PV-005391650535 27.329
PV-005391748799	28.579	PV-005391748799 28.579
PV-005391871154	28.568	PV-005391871154 28.568
PV-005391950007	30.631	PV-005391950007 30.631
PV-005392224765	29.094	PV-005392224765 29.094
PV-005392485655	31.191	PV-005392485655 31.191
PV-005392553938	30.095	PV-005392553938 30.095
PV-005392625602	25.414	PV-005392625602 25.414
PV-005392760814	30.771	PV-005392760814 30.771
PV-005392760815	31.333	PV-005392760815 31.333
PV-005392760816	24.771	PV-005392760816 24.771
PV-005393133059	29.608	PV-005393133059 29.608
PV-005393133060	31.11	PV-005393133060 31.110
PV-005393133061	30.16	PV-005393133061 30.160
PV-005393339419	30.189	PV-005393339419 30.189
PV-005393759374	29.914	PV-005393759374 29.914
PV-005394096249	30.388	PV-005394096249 30.388
PV-005394096250	28.475	PV-005394096250 28.475
PV-005394096251	27.529	PV-005394096251 27.529
PV-005394286617	26.082	PV-005394286617 26.082
PV-005394412386	30.682	PV-005394412386 30.682
PV-005395164688	25.349	PV-005395164688 25.349
PV-005395634229	31.437	PV-005395634229 31.437
PV-005395792052	26.61	PV-005395792052 26.610
PV-005396085169	31.083	PV-005396085169 31.083
PV-005396085170	30.999	PV-005396085170 30.999
PV-005396085171	29.489	PV-005396085171 29.489
PV-005396113089	29.342	PV-005396113089 29.342
PV-005396221124	30.563	PV-005396221124 30.563
PV-005396221125	31.568	PV-005396221125 31.568
PV-005396244720	25.619	PV-005396244720 25.619
PV-005396409481	29.707	PV-005396409481 29.707
PV-005396459353	26.594	PV-005396459353 26.594
PV-005396599929	25.189	PV-005396599929 25.189
PV-005396760693	28.545	PV-005396760693 28.545
PV-005397095494	26.53	PV-005397095494 26.530
PV-005397780007	31.376	PV-005397780007 31.376
PV-005398002188	26.83	PV-005398002188 26.830
PV-005398002189	29.851	PV-005398002189 29.851
PV-005398058837	29.627	PV-005398058837 29.627
PV-005398312833	29.195	PV-005398312833 29.195
PV-005398527191	30.22	PV-005398527191 30.220
PV-005398565950	28.759	PV-005398565950 28.759
PV-005398642180	26.338	PV-005398642180 26.338
PV-005399232651	28.42	PV-005399232651 28.420
PV-005399232652	29.563	PV-005399232652 29.563
PV-005399232653	26.213	PV-005399232653 26.213
PV-005400176485	26.323	PV-005400176485 26.323
PV-005400189008	27.743	PV-005400189008 27.743
PV-005400314663	31.5	PV-005400314663 31.500
PV-005400441761	30.983	PV-005400441761 30.983
PV-005400869429	29.065	PV-005400869429 29.065
PV-005401142538	28.5	PV-005401142538 28.500
PV-005401261238	30.049	PV-005401261238 30.049
PV-005401437205	29.555	PV-005401437205 29.555
PV-005401912307	25.722	PV-005401912307 25.722
PV-005402592197	25.586	PV-005402592197 25.586
PV-005402592198	30.593	PV-005402592198 30.593
PV-005402592199	30.848	PV-005402592199 30.848
PV-005402894113	30.889	PV-005402894113 30.889
PV-005402894114	30.155	PV-005402894114 30.155
PV-005403031890	26.949	PV-005403031890 26.949
PV-005403116465	28.752	PV-005403116465 28.752
PV-005403209958	28.006	PV-005403209958 28.006
PV-005403513704	29.094	PV-005403513704 29.094
PV-005403592287	29.788	PV-005403592287 29.788
PV-005403663198	26.783	PV-005403663198 26.783
PV-005403674074	28.727	PV-005403674074 28.727
PV-005405398894	30.775	PV-005405398894 30.775
PV-005405426812	26.418	PV-005405426812 26.418
PV-005405495895	25.795	PV-005405495895 25.795
PV-005405553116	25.722	PV-005405553116 25.722
PV-005405792274	29.675	PV-005405792274 29.675
PV-005406173907	26.982	PV-005406173907 26.982
PV-005406173908	29.929	PV-005406173908 29.929
PV-005406213865	26.589	PV-005406213865 26.589
PV-005406252650	30.605	PV-005406252650 30.605
PV-005406284493	28.481	PV-005406284493 28.481
PV-005406284494	30.372	PV-005406284494 30.372
PV-005406284495	28.356	PV-005406284495 28.356
PV-005406285636	30.782	PV-005406285636 30.782
PV-005406342475	29.476	PV-005406342475 29.476
PV-005406342476	31.824	PV-005406342476 31.824
PV-005406342477	31.159	PV-005406342477 31.159
PV-005406492180	29.031	PV-005406492180 29.031
PV-005406492181	31.258	PV-005406492181 31.258
PV-005406503234	30.478	PV-005406503234 30.478
PV-005406528443	29.242	PV-005406528443 29.242
PV-005406536618	26.205	PV-005406536618 26.205
PV-005406601024	31.713	PV-005406601024 31.713
PV-005406617839	29.639	PV-005406617839 29.639
PV-005406617840	28.768	PV-005406617840 28.768
PV-005406617841	29.728	PV-005406617841 29.728
PV-005406649184	28.814	PV-005406649184 28.814
PV-005406649185	26.297	PV-005406649185 26.297
PV-005406651163	30.954	PV-005406651163 30.954
PV-005406655543	25.932	PV-005406655543 25.932
PV-005406696162	29.608	PV-005406696162 29.608
PV-005406700495	25.847	PV-005406700495 25.847
PV-005406700496	25.511	PV-005406700496 25.511
PV-005406700497	26.673	PV-005406700497 26.673
PV-005406720858	29.086	PV-005406720858 29.086
PV-005406727755	32.114	PV-005406727755 32.114
PV-005406727756	32.345	PV-005406727756 32.345
PV-005406727757	32.08	PV-005406727757 32.080
PV-005406729416	28.957	PV-005406729416 28.957
PV-005406747563	27.904	PV-005406747563 27.904
PV-005406792227	30.466	PV-005406792227 30.466
PV-005406792228	28.039	PV-005406792228 28.039
PV-005406792229	29.827	PV-005406792229 29.827
PV-005406897545	29.724	PV-005406897545 29.724
PV-005406924859	29.415	PV-005406924859 29.415
PV-005406924860	28.819	PV-005406924860 28.819
PV-005406924861	31.478	PV-005406924861 31.478
PV-005406929379	29.168	PV-005406929379 29.168
PV-005406992526	30.803	PV-005406992526 30.803
PV-005407006711	28.834	PV-005407006711 28.834
PV-005407006712	27.362	PV-005407006712 27.362
PV-005407006713	26.544	PV-005407006713 26.544
PV-005407009368	25.717	PV-005407009368 25.717
PV-005407026334	30.747	PV-005407026334 30.747
PV-005407026729	29.469	PV-005407026729 29.469
PV-005407058467	30.267	PV-005407058467 30.267
PV-005407081299	30.003	PV-005407081299 30.003
PV-005407089040	26.463	PV-005407089040 26.463
PV-005407136781	29.186	PV-005407136781 29.186
PV-005407175519	30.992	PV-005407175519 30.992
PV-005407180574	29.831	PV-005407180574 29.831
PV-005407180575	29.423	PV-005407180575 29.423
PV-005407214230	29.784	PV-005407214230 29.784
PV-005407220874	27.221	PV-005407220874 27.221
PV-005407224613	29.369	PV-005407224613 29.369
PV-005407231182	29.315	PV-005407231182 29.315
PV-005407246104	29.819	PV-005407246104 29.819
PV-005407246105	29.438	PV-005407246105 29.438
PV-005407250542	30.765	PV-005407250542 30.765
PV-005407256513	29.033	PV-005407256513 29.033
PV-005407256514	28.818	PV-005407256514 28.818
PV-005407266092	26.164	PV-005407266092 26.164
PV-005407307416	25.554	PV-005407307416 25.554
PV-005407324206	29.407	PV-005407324206 29.407
PV-005407340885	25.938	PV-005407340885 25.938
PV-005407346502	29.49	PV-005407346502 29.490
PV-005407364015	31.324	PV-005407364015 31.324
PV-005407447399	31.014	PV-005407447399 31.014
PV-005407455479	30.418	PV-005407455479 30.418
PV-005407478177	26.642	PV-005407478177 26.642
PV-005407478178	29.528	PV-005407478178 29.528
PV-005407497156	30.187	PV-005407497156 30.187
PV-005407503535	28.614	PV-005407503535 28.614
PV-005407560307	31.526	PV-005407560307 31.526
PV-005407560308	31.403	PV-005407560308 31.403
PV-005407560309	26.051	PV-005407560309 26.051
PV-005407608922	29.6	PV-005407608922 29.600
PV-005407637854	30.511	PV-005407637854 30.511
PV-005407646447	30.661	PV-005407646447 30.661
PV-005407689353	29.002	PV-005407689353 29.002
PV-005407769114	29.171	PV-005407769114 29.171
PV-005407769115	29.38	PV-005407769115 29.380
PV-005407769116	27.38	PV-005407769116 27.380
PV-005407843083	26.369	PV-005407843083 26.369
PV-005407869805	31.484	PV-005407869805 31.484
PV-005407869806	30.782	PV-005407869806 30.782
PV-005407869807	26.438	PV-005407869807 26.438
PV-005407907228	26.795	PV-005407907228 26.795
PV-005407934084	26.753	PV-005407934084 26.753
PV-005407934085	29.558	PV-005407934085 29.558
PV-005407934086	30.468	PV-005407934086 30.468
PV-005407934087	26.148	PV-005407934087 26.148
PV-005407934088	29.778	PV-005407934088 29.778
PV-005407934089	32.546	PV-005407934089 32.546
PV-005407951611	29.689	PV-005407951611 29.689
PV-005407954516	28.59	PV-005407954516 28.590
PV-005407961189	28.972	PV-005407961189 28.972
PV-005408062075	28.695	PV-005408062075 28.695
PV-005408094803	27.632	PV-005408094803 27.632
PV-005408099901	29.389	PV-005408099901 29.389
PV-005408142914	30.147	PV-005408142914 30.147
PV-005408142915	28.981	PV-005408142915 28.981
PV-005408142916	30.071	PV-005408142916 30.071
PV-005408146895	25.718	PV-005408146895 25.718
PV-005408171780	28.821	PV-005408171780 28.821
PV-005408196702	29.337	PV-005408196702 29.337
PV-005408196703	28.639	PV-005408196703 28.639
PV-005408196704	27.173	PV-005408196704 27.173
PV-005408200344	29.953	PV-005408200344 29.953
PV-005408208572	31.832	PV-005408208572 31.832
PV-005408280634	30.995	PV-005408280634 30.995
PV-005408280819	26.67	PV-005408280819 26.670
PV-005408286351	30.918	PV-005408286351 30.918
PV-005408330931	31.402	PV-005408330931 31.402
PV-005408330932	29.428	PV-005408330932 29.428
PV-005408330933	29.609	PV-005408330933 29.609
PV-005408345525	30.494	PV-005408345525 30.494
PV-005408350198	31.045	PV-005408350198 31.045
PV-005408404254	27.296	PV-005408404254 27.296
PV-005408430433	25.413	PV-005408430433 25.413
PV-005408469170	30.519	PV-005408469170 30.519
PV-005408504278	27.817	PV-005408504278 27.817
PV-005408518802	30.213	PV-005408518802 30.213
PV-005408548462	28.473	PV-005408548462 28.473
PV-005408575094	31.428	PV-005408575094 31.428
PV-005408575095	27.572	PV-005408575095 27.572
PV-005408575096	28.654	PV-005408575096 28.654
PV-005408583958	30.389	PV-005408583958 30.389
PV-005408585615	31.892	PV-005408585615 31.892
PV-005408585616	26.093	PV-005408585616 26.093
PV-005408585617	25.813	PV-005408585617 25.813
PV-005408731635	26.529	PV-005408731635 26.529
PV-005408799539	31.174	PV-005408799539 31.174
PV-005408799540	30.038	PV-005408799540 30.038
PV-005408799541	28.855	PV-005408799541 28.855
PV-005408835564	28.445	PV-005408835564 28.445
PV-005408890283	30.257	PV-005408890283 30.257
PV-005408935473	26.175	PV-005408935473 26.175
PV-005408942810	27.912	PV-005408942810 27.912
PV-005408968958	27.309	PV-005408968958 27.309
PV-005408980191	29.16	PV-005408980191 29.160
PV-005408987809	29.272	PV-005408987809 29.272
PV-005409045580	29.512	PV-005409045580 29.512
PV-005409081039	28.125	PV-005409081039 28.125
PV-005409081040	30.108	PV-005409081040 30.108
PV-005409081041	25.721	PV-005409081041 25.721
PV-005409114410	31.876	PV-005409114410 31.876
PV-005409258927	28.856	PV-005409258927 28.856
PV-005409312191	28.478	PV-005409312191 28.478
PV-005409321137	29.497	PV-005409321137 29.497
PV-005409321138	30.385	PV-005409321138 30.385
PV-005409364105	26.281	PV-005409364105 26.281
PV-005409394703	26.914	PV-005409394703 26.914
PV-005409394704	29.122	PV-005409394704 29.122
PV-005409394705	26.442	PV-005409394705 26.442
PV-005409401357	29.974	PV-005409401357 29.974
PV-005409524120	31.057	PV-005409524120 31.057
PV-005409526249	29.507	PV-005409526249 29.507
PV-005409614578	31.092	PV-005409614578 31.092
PV-005409614579	25.742	PV-005409614579 25.742
PV-005409614580	31.466	PV-005409614580 31.466
PV-005409638993	31.454	PV-005409638993 31.454
PV-005409699339	26.858	PV-005409699339 26.858
PV-005409760858	30.42	PV-005409760858 30.420
PV-005409778732	31.431	PV-005409778732 31.431
PV-005409793031	30.643	PV-005409793031 30.643
PV-005409821165	28.656	PV-005409821165 28.656
PV-005409837405	27.81	PV-005409837405 27.810
PV-005409914346	26.461	PV-005409914346 26.461
PV-005409934937	31.356	PV-005409934937 31.356
PV-005409960005	32.058	PV-005409960005 32.058
PV-005409960006	30.151	PV-005409960006 30.151
PV-005409960007	30.36	PV-005409960007 30.360
PV-005409965700	27.863	PV-005409965700 27.863
PV-005409985907	27.687	PV-005409985907 27.687
PV-005409998545	27.284	PV-005409998545 27.284
PV-005410043765	28.889	PV-005410043765 28.889
PV-005410065417	26.538	PV-005410065417 26.538
PV-005410069006	28.711	PV-005410069006 28.711
PV-005410095970	30.587	PV-005410095970 30.587
PV-005410100105	29.917	PV-005410100105 29.917
PV-005410100106	26.829	PV-005410100106 26.829
PV-005410111839	31.509	PV-005410111839 31.509
PV-005410152468	31.057	PV-005410152468 31.057
PV-005410166429	25.741	PV-005410166429 25.741
PV-005410166430	27.103	PV-005410166430 27.103
PV-005410201399	28.914	PV-005410201399 28.914
PV-005410248572	30.883	PV-005410248572 30.883
PV-005410363553	27.714	PV-005410363553 27.714
PV-005410363554	30.951	PV-005410363554 30.951
PV-005410363555	31.012	PV-005410363555 31.012
PV-005410385895	29.462	PV-005410385895 29.462
PV-005410537087	32.887	PV-005410537087 32.887
PV-005410630559	25.739	PV-005410630559 25.739
PV-005410630560	26.363	PV-005410630560 26.363
PV-005410630561	29.733	PV-005410630561 29.733
PV-005410665266	28.703	PV-005410665266 28.703
PV-005410689881	26.818	PV-005410689881 26.818
PV-005410689883	26.896	PV-005410689883 26.896
PV-005410762913	29.705	PV-005410762913 29.705
PV-005410767926	30.513	PV-005410767926 30.513
PV-005410767927	30.708	PV-005410767927 30.708
PV-005410767928	28.993	PV-005410767928 28.993
PV-005410776907	26.224	PV-005410776907 26.224
PV-005410796901	30.54	PV-005410796901 30.540
PV-005410834767	32.42	PV-005410834767 32.420
PV-005410848561	29.458	PV-005410848561 29.458
PV-005410865635	29.385	PV-005410865635 29.385
PV-005410866712	30.441	PV-005410866712 30.441
PV-005410870519	29.885	PV-005410870519 29.885
PV-005410887755	31.202	PV-005410887755 31.202
PV-005410917527	29.921	PV-005410917527 29.921
PV-005410922967	26.555	PV-005410922967 26.555
PV-005410934870	29.277	PV-005410934870 29.277
PV-005410949070	25.898	PV-005410949070 25.898
PV-005410984156	26.998	PV-005410984156 26.998
PV-005411009513	31.37	PV-005411009513 31.370
PV-005411028505	28.228	PV-005411028505 28.228
PV-005411028507	28.699	PV-005411028507 28.699
PV-005411032677	30.402	PV-005411032677 30.402
PV-005411044838	28.271	PV-005411044838 28.271
PV-005411077635	28.111	PV-005411077635 28.111
PV-005411081664	25.725	PV-005411081664 25.725
PV-005411121692	29.919	PV-005411121692 29.919
PV-005411147826	30.38	PV-005411147826 30.380
PV-005411147827	31.187	PV-005411147827 31.187
PV-005411153982	30.656	PV-005411153982 30.656
PV-005411184510	27.099	PV-005411184510 27.099
PV-005411242390	26.643	PV-005411242390 26.643
PV-005411245515	29.227	PV-005411245515 29.227
PV-005411271749	30.777	PV-005411271749 30.777
PV-005411273551	29.043	PV-005411273551 29.043
PV-005411300701	29.352	PV-005411300701 29.352
PV-005411303790	27.04	PV-005411303790 27.040
PV-005411303791	30.958	PV-005411303791 30.958
PV-005411303792	28.997	PV-005411303792 28.997
PV-005411361584	29.455	PV-005411361584 29.455
PV-005411392002	31.644	PV-005411392002 31.644
PV-005411392003	29.746	PV-005411392003 29.746
PV-005411392004	29.026	PV-005411392004 29.026
PV-005411393827	25.644	PV-005411393827 25.644
PV-005411409815	30.091	PV-005411409815 30.091
PV-005411409816	29.146	PV-005411409816 29.146
PV-005411409819	28.455	PV-005411409819 28.455
PV-005411416935	30.283	PV-005411416935 30.283
PV-005411429110	31.63	PV-005411429110 31.630
PV-005411437932	26.614	PV-005411437932 26.614
PV-005411534753	30.865	PV-005411534753 30.865
PV-005411536308	30.658	PV-005411536308 30.658
PV-005411536309	31.027	PV-005411536309 31.027
PV-005411536310	30.577	PV-005411536310 30.577
PV-005411545655	28.496	PV-005411545655 28.496
PV-005411545656	26.356	PV-005411545656 26.356
PV-005411583738	28.734	PV-005411583738 28.734
PV-005411584684	28.594	PV-005411584684 28.594
PV-005411584685	30.593	PV-005411584685 30.593
PV-005411614995	29.438	PV-005411614995 29.438
PV-005411648357	29.242	PV-005411648357 29.242
PV-005411667121	29.118	PV-005411667121 29.118
PV-005411696465	30.706	PV-005411696465 30.706
PV-005411724331	29.107	PV-005411724331 29.107
PV-005411821550	29.07	PV-005411821550 29.070
PV-005411840653	26.28	PV-005411840653 26.280
PV-005411879161	29.726	PV-005411879161 29.726
PV-005411925718	30.636	PV-005411925718 30.636
PV-005411939328	31.735	PV-005411939328 31.735
PV-005412027776	30.343	PV-005412027776 30.343
PV-005412065494	28.714	PV-005412065494 28.714
PV-005412083477	26.282	PV-005412083477 26.282
PV-005412095360	28.053	PV-005412095360 28.053
PV-005412095361	29.692	PV-005412095361 29.692
PV-005412097602	29.467	PV-005412097602 29.467
PV-005412258258	27.621	PV-005412258258 27.621
PV-005412311158	28.629	PV-005412311158 28.629
PV-005412327007	28.754	PV-005412327007 28.754
PV-005412349938	30.729	PV-005412349938 30.729
PV-005412387031	30.496	PV-005412387031 30.496
PV-005412411181	26.065	PV-005412411181 26.065
PV-005412411182	27.442	PV-005412411182 27.442
PV-005412411183	29.702	PV-005412411183 29.702
PV-005412467625	28.794	PV-005412467625 28.794
PV-005412584160	29.464	PV-005412584160 29.464
PV-005412663758	27.997	PV-005412663758 27.997
PV-005412663759	31.552	PV-005412663759 31.552
PV-005412779336	27.756	PV-005412779336 27.756
PV-005412795799	30.442	PV-005412795799 30.442
PV-005412795800	30.705	PV-005412795800 30.705
PV-005412810156	26.399	PV-005412810156 26.399
PV-005412887308	27.867	PV-005412887308 27.867
PV-005412941476	28.429	PV-005412941476 28.429
PV-005413001103	27.569	PV-005413001103 27.569
PV-005413001104	26.091	PV-005413001104 26.091
PV-005413001105	31.057	PV-005413001105 31.057
PV-005413141373	30.37	PV-005413141373 30.370
PV-005413201154	26.534	PV-005413201154 26.534
PV-005413211238	30.82	PV-005413211238 30.820
PV-005413236632	29.444	PV-005413236632 29.444
PV-005413274599	26.854	PV-005413274599 26.854
PV-005413274600	30.494	PV-005413274600 30.494
PV-005413274601	30.899	PV-005413274601 30.899
PV-005413285751	30.494	PV-005413285751 30.494
PV-005413346066	27.673	PV-005413346066 27.673
PV-005413390966	29.983	PV-005413390966 29.983
PV-005413390967	28.918	PV-005413390967 28.918
PV-005413390968	25.414	PV-005413390968 25.414
PV-005413451720	26.377	PV-005413451720 26.377
PV-005413482791	29.868	PV-005413482791 29.868
PV-005413537826	30.302	PV-005413537826 30.302
PV-005413550158	30.931	PV-005413550158 30.931
PV-005413550159	32.005	PV-005413550159 32.005
PV-005413550160	30.87	PV-005413550160 30.870
PV-005413577869	31.539	PV-005413577869 31.539
PV-005413589752	29.253	PV-005413589752 29.253
PV-005413589753	27.742	PV-005413589753 27.742
PV-005413589754	31.925	PV-005413589754 31.925
PV-005413679534	28.177	PV-005413679534 28.177
PV-005413703831	32.232	PV-005413703831 32.232
PV-005413720282	29.147	PV-005413720282 29.147
PV-005413723349	25.578	PV-005413723349 25.578
PV-005413724565	28.633	PV-005413724565 28.633
PV-005413729313	29.622	PV-005413729313 29.622
PV-005413754234	29.168	PV-005413754234 29.168
PV-005413838117	30.539	PV-005413838117 30.539
PV-005413903079	31.111	PV-005413903079 31.111
PV-005413907876	27.814	PV-005413907876 27.814
PV-005413923336	26.214	PV-005413923336 26.214
PV-005414025523	29.542	PV-005414025523 29.542
PV-005414052252	28.977	PV-005414052252 28.977
PV-005414080523	30.21	PV-005414080523 30.210
PV-005414086693	29.777	PV-005414086693 29.777
PV-005414188641	27.427	PV-005414188641 27.427
PV-005414244815	29.644	PV-005414244815 29.644
PV-005414251696	29.041	PV-005414251696 29.041
PV-005414290349	28.57	PV-005414290349 28.570
PV-005414295969	26.547	PV-005414295969 26.547
PV-005414295970	28.529	PV-005414295970 28.529
PV-005414295971	30.282	PV-005414295971 30.282
PV-005414295973	27.839	PV-005414295973 27.839
PV-005414327915	26.902	PV-005414327915 26.902
PV-005414327916	28.795	PV-005414327916 28.795
PV-005414327917	30.428	PV-005414327917 30.428
PV-005414387265	29.223	PV-005414387265 29.223
PV-005414387266	31.565	PV-005414387266 31.565
PV-005414387267	30.012	PV-005414387267 30.012
PV-005414396801	30.151	PV-005414396801 30.151
PV-005414396802	30.261	PV-005414396802 30.261
PV-005414396803	29.347	PV-005414396803 29.347
PV-005414463285	27.385	PV-005414463285 27.385
PV-005414485749	25.941	PV-005414485749 25.941
PV-005414490379	28.214	PV-005414490379 28.214
PV-005414492870	30.891	PV-005414492870 30.891
PV-005414501927	30.424	PV-005414501927 30.424
PV-005414513963	29.294	PV-005414513963 29.294
PV-005414530011	26.694	PV-005414530011 26.694
PV-005414576167	28.887	PV-005414576167 28.887
PV-005414580775	28.204	PV-005414580775 28.204
PV-005414631801	29.952	PV-005414631801 29.952
PV-005414631802	31.077	PV-005414631802 31.077
PV-005414631803	32.275	PV-005414631803 32.275
PV-005414656369	29.559	PV-005414656369 29.559
PV-005414659529	31.947	PV-005414659529 31.947
PV-005414681708	28.72	PV-005414681708 28.720
PV-005414704461	27.121	PV-005414704461 27.121
PV-005414758883	29.23	PV-005414758883 29.230
PV-005414758884	29.983	PV-005414758884 29.983
PV-005414758885	27.65	PV-005414758885 27.650
PV-005414766311	28.249	PV-005414766311 28.249
PV-005414769314	30.854	PV-005414769314 30.854
PV-005414792388	30.449	PV-005414792388 30.449
PV-005414792389	28.907	PV-005414792389 28.907
PV-005414792390	28.338	PV-005414792390 28.338
PV-005414813795	27.027	PV-005414813795 27.027
PV-005414824140	29.484	PV-005414824140 29.484
PV-005414910209	30.001	PV-005414910209 30.001
PV-005414911053	31.406	PV-005414911053 31.406
PV-005414949664	26.456	PV-005414949664 26.456
PV-005414949936	27.881	PV-005414949936 27.881
PV-005414949937	26.612	PV-005414949937 26.612
PV-005414949938	28.832	PV-005414949938 28.832
PV-005414962249	25.498	PV-005414962249 25.498
PV-005414996183	30.671	PV-005414996183 30.671
PV-005414996184	29.727	PV-005414996184 29.727
PV-005414996185	27.805	PV-005414996185 27.805
PV-005415027258	28.748	PV-005415027258 28.748
PV-005415035049	30.437	PV-005415035049 30.437
PV-005415035050	31.473	PV-005415035050 31.473
PV-005415042499	31.031	PV-005415042499 31.031
PV-005415100309	29.401	PV-005415100309 29.401
PV-005415165853	31.175	PV-005415165853 31.175
PV-005415167535	30.471	PV-005415167535 30.471
PV-005415167536	25.602	PV-005415167536 25.602
PV-005415167537	26.96	PV-005415167537 26.960
PV-005415167538	30.648	PV-005415167538 30.648
PV-005415167539	26.211	PV-005415167539 26.211
PV-005415167540	31.04	PV-005415167540 31.040
PV-005415167541	27.774	PV-005415167541 27.774
PV-005415167542	26.618	PV-005415167542 26.618
PV-005415167543	32.199	PV-005415167543 32.199
PV-005415215893	31.041	PV-005415215893 31.041
PV-005415237493	31.626	PV-005415237493 31.626
PV-005415237494	27.928	PV-005415237494 27.928
PV-005415264730	29.525	PV-005415264730 29.525
PV-005415276634	25.735	PV-005415276634 25.735
PV-005415276635	31.512	PV-005415276635 31.512
PV-005415276636	26.412	PV-005415276636 26.412
PV-005415315216	29.85	PV-005415315216 29.850
PV-005415342029	31.987	PV-005415342029 31.987
PV-005415418663	29.635	PV-005415418663 29.635
PV-005415429164	31.015	PV-005415429164 31.015
PV-005415429193	29.501	PV-005415429193 29.501
PV-005415463501	27.22	PV-005415463501 27.220
PV-005415468072	28.712	PV-005415468072 28.712
PV-005415475357	29.771	PV-005415475357 29.771
PV-005415533753	29.657	PV-005415533753 29.657
PV-005415564244	29.931	PV-005415564244 29.931
PV-005415571752	26.775	PV-005415571752 26.775
PV-005415571753	26.321	PV-005415571753 26.321
PV-005415571754	28.216	PV-005415571754 28.216
PV-005415587037	28.762	PV-005415587037 28.762
PV-005415653455	27.057	PV-005415653455 27.057
PV-005415674298	31.39	PV-005415674298 31.390
PV-005415688006	28.754	PV-005415688006 28.754
PV-005415700926	26.497	PV-005415700926 26.497
PV-005415704199	27.14	PV-005415704199 27.140
PV-005415704200	29.572	PV-005415704200 29.572
PV-005415704201	30.973	PV-005415704201 30.973
PV-005415713214	31.339	PV-005415713214 31.339
PV-005415726356	29.133	PV-005415726356 29.133
PV-005415737509	30.205	PV-005415737509 30.205
PV-005415779949	30.888	PV-005415779949 30.888
PV-005415792960	30.355	PV-005415792960 30.355
PV-005415806383	29.502	PV-005415806383 29.502
PV-005415806384	30.834	PV-005415806384 30.834
PV-005415844995	29.461	PV-005415844995 29.461
PV-005415942758	30.541	PV-005415942758 30.541
PV-005415945973	30.359	PV-005415945973 30.359
PV-005415953938	30.603	PV-005415953938 30.603
PV-005415996585	31.191	PV-005415996585 31.191
PV-005415996586	27.408	PV-005415996586 27.408
PV-005415996587	28.76	PV-005415996587 28.760
PV-005416022763	30.457	PV-005416022763 30.457
PV-005416055507	27.512	PV-005416055507 27.512
PV-005416068091	29.324	PV-005416068091 29.324
PV-005416093812	30.334	PV-005416093812 30.334
PV-005416101347	29.5	PV-005416101347 29.500
PV-005416111331	30.719	PV-005416111331 30.719
PV-005416119035	29.474	PV-005416119035 29.474
PV-005416119036	29.815	PV-005416119036 29.815
PV-005416119037	30.836	PV-005416119037 30.836
PV-005416129953	28.905	PV-005416129953 28.905
PV-005416158374	30.22	PV-005416158374 30.220
PV-005416158375	29.312	PV-005416158375 29.312
PV-005416158376	29.099	PV-005416158376 29.099
PV-005416171921	29.558	PV-005416171921 29.558
PV-005416203470	29.031	PV-005416203470 29.031
PV-005416214329	28.828	PV-005416214329 28.828
PV-005416227654	27.812	PV-005416227654 27.812
PV-005416244797	26.423	PV-005416244797 26.423
PV-005416244798	26.857	PV-005416244798 26.857
PV-005416244799	31.285	PV-005416244799 31.285
PV-005416307764	27.199	PV-005416307764 27.199
PV-005416370492	30.818	PV-005416370492 30.818
PV-005416401291	26.859	PV-005416401291 26.859
PV-005416407756	27.46	PV-005416407756 27.460
PV-005416477820	30.458	PV-005416477820 30.458
PV-005416478093	30.859	PV-005416478093 30.859
PV-005416532451	30.77	PV-005416532451 30.770
PV-005416534151	25.494	PV-005416534151 25.494
PV-005416534152	29.683	PV-005416534152 29.683
PV-005416534153	29.401	PV-005416534153 29.401
PV-005416549606	30.947	PV-005416549606 30.947
PV-005416591232	31.443	PV-005416591232 31.443
PV-005416599715	30.019	PV-005416599715 30.019
PV-005416603485	30.787	PV-005416603485 30.787
PV-005416603486	25.143	PV-005416603486 25.143
PV-005416603487	29.098	PV-005416603487 29.098
PV-005416621229	29.339	PV-005416621229 29.339
PV-005416694834	28.992	PV-005416694834 28.992
PV-005416744021	31.269	PV-005416744021 31.269
PV-005416745108	28.679	PV-005416745108 28.679
PV-005416796629	30.346	PV-005416796629 30.346
PV-005416839558	26.167	PV-005416839558 26.167
PV-005416851110	26.947	PV-005416851110 26.947
PV-005416851111	30.755	PV-005416851111 30.755
PV-005416851112	25.66	PV-005416851112 25.660
PV-005416852221	29.146	PV-005416852221 29.146
PV-005416852222	29.415	PV-005416852222 29.415
PV-005416852223	31.369	PV-005416852223 31.369
PV-005416886159	30.773	PV-005416886159 30.773
PV-005416886160	28.737	PV-005416886160 28.737
PV-005416886161	30.793	PV-005416886161 30.793
PV-005416909965	31.437	PV-005416909965 31.437
PV-005416910901	31.293	PV-005416910901 31.293
PV-005416951550	30.721	PV-005416951550 30.721
PV-005417004231	28.284	PV-005417004231 28.284
PV-005417007665	25.697	PV-005417007665 25.697
PV-005417007667	27.18	PV-005417007667 27.180
PV-005417007668	30.898	PV-005417007668 30.898
PV-005417032001	28.744	PV-005417032001 28.744
PV-005417032002	26.477	PV-005417032002 26.477
PV-005417032003	26.532	PV-005417032003 26.532
PV-005417119432	30.207	PV-005417119432 30.207
PV-005417139535	30.818	PV-005417139535 30.818
PV-005417155872	31.325	PV-005417155872 31.325
PV-005417161803	30.292	PV-005417161803 30.292
PV-005417259656	27.347	PV-005417259656 27.347
PV-005417265931	30.139	PV-005417265931 30.139
PV-005417296361	27.099	PV-005417296361 27.099
PV-005417303135	31.042	PV-005417303135 31.042
PV-005417344985	29.74	PV-005417344985 29.740
PV-005417346365	29.384	PV-005417346365 29.384
PV-005417346366	31.717	PV-005417346366 31.717
PV-005417352205	29.898	PV-005417352205 29.898
PV-005417355438	30.171	PV-005417355438 30.171
PV-005417355439	25.685	PV-005417355439 25.685
PV-005417355440	27.239	PV-005417355440 27.239
PV-005417365721	29.011	PV-005417365721 29.011
PV-005417424801	29.479	PV-005417424801 29.479
PV-005417491284	30.999	PV-005417491284 30.999
PV-005417624837	26.503	PV-005417624837 26.503
PV-005417681489	28.916	PV-005417681489 28.916
PV-005417681490	29.446	PV-005417681490 29.446
PV-005417681491	29.513	PV-005417681491 29.513
PV-005417697662	25.406	PV-005417697662 25.406
PV-005417705832	28.425	PV-005417705832 28.425
PV-005417825841	26.891	PV-005417825841 26.891
PV-005417831632	30.88	PV-005417831632 30.880
PV-005417860610	29.515	PV-005417860610 29.515
PV-005417950701	29.171	PV-005417950701 29.171
PV-005417973417	30.039	PV-005417973417 30.039
PV-005418009519	26.015	PV-005418009519 26.015
PV-005418020852	29.671	PV-005418020852 29.671
PV-005418032253	29.693	PV-005418032253 29.693
PV-005418122574	29.365	PV-005418122574 29.365
PV-005418210287	26.651	PV-005418210287 26.651
PV-005418226698	28.874	PV-005418226698 28.874
PV-005418226699	30.154	PV-005418226699 30.154
PV-005418226700	31.038	PV-005418226700 31.038
PV-005418252524	30.486	PV-005418252524 30.486
PV-005418255042	30.146	PV-005418255042 30.146
PV-005418288311	30.546	PV-005418288311 30.546
PV-005418288528	30.015	PV-005418288528 30.015
PV-005418315020	27.803	PV-005418315020 27.803
PV-005418349666	25.885	PV-005418349666 25.885
PV-005418361975	29.591	PV-005418361975 29.591
PV-005418473384	28.505	PV-005418473384 28.505
PV-005418473385	26.368	PV-005418473385 26.368
PV-005418520231	29.177	PV-005418520231 29.177
PV-005418543516	26.586	PV-005418543516 26.586
PV-005418553852	27.51	PV-005418553852 27.510
PV-005418556712	27.467	PV-005418556712 27.467
PV-005418556713	29.092	PV-005418556713 29.092
PV-005418569701	28.565	PV-005418569701 28.565
PV-005418573947	28.722	PV-005418573947 28.722
PV-005418573948	29.681	PV-005418573948 29.681
PV-005418573949	26.657	PV-005418573949 26.657
PV-005418644021	30.055	PV-005418644021 30.055
PV-005418660604	26.748	PV-005418660604 26.748
PV-005418660605	32.402	PV-005418660605 32.402
PV-005418660953	29.34	PV-005418660953 29.340
PV-005418679586	29.955	PV-005418679586 29.955
PV-005418700905	28.484	PV-005418700905 28.484
PV-005418707845	27.847	PV-005418707845 27.847
PV-005418785597	29.912	PV-005418785597 29.912
PV-005418814302	28.863	PV-005418814302 28.863
PV-005418863102	30.435	PV-005418863102 30.435
PV-005418952384	29.826	PV-005418952384 29.826
PV-005418982531	27.398	PV-005418982531 27.398
PV-005419029059	28.873	PV-005419029059 28.873
PV-005419148235	27.494	PV-005419148235 27.494
PV-005419148237	26.32	PV-005419148237 26.320
PV-005419191975	32.474	PV-005419191975 32.474
PV-005419234569	30.716	PV-005419234569 30.716
PV-005419246816	29.195	PV-005419246816 29.195
PV-005419246817	27.552	PV-005419246817 27.552
PV-005419253424	31.428	PV-005419253424 31.428
PV-005419325360	26.756	PV-005419325360 26.756
PV-005419336087	30.986	PV-005419336087 30.986
PV-005419351000	27.356	PV-005419351000 27.356
PV-005419351001	29.56	PV-005419351001 29.560
PV-005419369546	29.882	PV-005419369546 29.882
PV-005419379281	27.055	PV-005419379281 27.055
PV-005419385606	27.711	PV-005419385606 27.711
PV-005419388975	27.885	PV-005419388975 27.885
PV-005419426264	31.369	PV-005419426264 31.369
PV-005419426510	28.316	PV-005419426510 28.316
PV-005419449002	31.005	PV-005419449002 31.005
PV-005419497933	29.837	PV-005419497933 29.837
PV-005419501427	30.077	PV-005419501427 30.077
PV-005419555033	29.582	PV-005419555033 29.582
PV-005419572816	30.761	PV-005419572816 30.761
PV-005419629245	30.515	PV-005419629245 30.515
PV-005419671596	26.833	PV-005419671596 26.833
PV-005419707989	30.215	PV-005419707989 30.215
PV-005419707990	26.236	PV-005419707990 26.236
PV-005419707991	30.532	PV-005419707991 30.532
PV-005419758158	29.544	PV-005419758158 29.544
PV-005419791894	29.258	PV-005419791894 29.258
PV-005419822583	26.555	PV-005419822583 26.555
PV-005419822584	29.237	PV-005419822584 29.237
PV-005419828225	28.269	PV-005419828225 28.269
PV-005419878382	28.895	PV-005419878382 28.895
PV-005419889810	26.151	PV-005419889810 26.151
PV-005419889811	28.277	PV-005419889811 28.277
PV-005419889812	29.412	PV-005419889812 29.412
PV-005419903633	28.772	PV-005419903633 28.772
PV-005419976266	29.196	PV-005419976266 29.196
PV-005420027282	28.794	PV-005420027282 28.794
PV-005420027850	29.3	PV-005420027850 29.300
PV-005420037275	31.132	PV-005420037275 31.132
PV-005420039148	27.465	PV-005420039148 27.465
PV-005420090198	28.517	PV-005420090198 28.517
PV-005420090199	29.278	PV-005420090199 29.278
PV-005420138166	26.404	PV-005420138166 26.404
PV-005420142800	30.974	PV-005420142800 30.974
PV-005420142802	31.282	PV-005420142802 31.282
PV-005420148715	29.745	PV-005420148715 29.745
PV-005420206875	31.343	PV-005420206875 31.343
PV-005420206876	30.412	PV-005420206876 30.412
PV-005420206877	26.664	PV-005420206877 26.664
PV-005420208502	27.679	PV-005420208502 27.679
PV-005420208649	25.605	PV-005420208649 25.605
PV-005420234667	29.373	PV-005420234667 29.373
PV-005420234668	29.524	PV-005420234668 29.524
PV-005420234669	30.162	PV-005420234669 30.162
PV-005420236145	30.924	PV-005420236145 30.924
PV-005420302660	31.944	PV-005420302660 31.944
PV-005420344777	30.504	PV-005420344777 30.504
PV-005420351314	29.422	PV-005420351314 29.422
PV-005420351315	26.078	PV-005420351315 26.078
PV-005420351316	29.383	PV-005420351316 29.383
PV-005420391310	28.933	PV-005420391310 28.933
PV-005420391311	30.29	PV-005420391311 30.290
PV-005420391312	29.004	PV-005420391312 29.004
PV-005420391314	26.252	PV-005420391314 26.252
PV-005420391725	29.563	PV-005420391725 29.563
PV-005420408410	28.344	PV-005420408410 28.344
PV-005420408411	29.327	PV-005420408411 29.327
PV-005420408412	30.734	PV-005420408412 30.734
PV-005420457239	29.918	PV-005420457239 29.918
PV-005420457240	30.049	PV-005420457240 30.049
PV-005420457241	31.691	PV-005420457241 31.691
PV-005420531349	27.892	PV-005420531349 27.892
PV-005420537485	27.757	PV-005420537485 27.757
PV-005420537486	31.702	PV-005420537486 31.702
PV-005420537487	30.48	PV-005420537487 30.480
PV-005420568432	26.898	PV-005420568432 26.898
PV-005420568433	28.765	PV-005420568433 28.765
PV-005420568434	27.116	PV-005420568434 27.116
PV-005420576298	29.48	PV-005420576298 29.480
PV-005420577498	29.56	PV-005420577498 29.560
PV-005420659340	30.828	PV-005420659340 30.828
PV-005420697915	29.826	PV-005420697915 29.826
PV-005420697916	27.578	PV-005420697916 27.578
PV-005420760591	27.763	PV-005420760591 27.763
PV-005420764893	29.338	PV-005420764893 29.338
PV-005420764894	32.172	PV-005420764894 32.172
PV-005420764895	30.909	PV-005420764895 30.909
PV-005420808151	31.182	PV-005420808151 31.182
PV-005420823992	31.143	PV-005420823992 31.143
PV-005420881648	26.439	PV-005420881648 26.439
PV-005420881649	30.354	PV-005420881649 30.354
PV-005420881650	28.902	PV-005420881650 28.902
PV-005420889680	29.989	PV-005420889680 29.989
PV-005420889681	29.853	PV-005420889681 29.853
PV-005420928048	26.942	PV-005420928048 26.942
PV-005420952008	27.541	PV-005420952008 27.541
PV-005420961819	30.309	PV-005420961819 30.309
PV-005421015279	28.377	PV-005421015279 28.377
PV-005421026624	29.722	PV-005421026624 29.722
PV-005421128698	30.348	PV-005421128698 30.348
PV-005421199041	28.147	PV-005421199041 28.147
PV-005421299282	28.814	PV-005421299282 28.814
PV-005421299283	31.016	PV-005421299283 31.016
PV-005421299284	29.884	PV-005421299284 29.884
PV-005421353714	27.179	PV-005421353714 27.179
PV-005421543789	25.916	PV-005421543789 25.916
PV-005421554608	29.661	PV-005421554608 29.661
PV-005421562302	30.02	PV-005421562302 30.020
PV-005421563917	29.385	PV-005421563917 29.385
PV-005421634118	29.853	PV-005421634118 29.853
PV-005421634119	28.163	PV-005421634119 28.163
PV-005421634120	29.031	PV-005421634120 29.031
PV-005421660313	29.509	PV-005421660313 29.509
PV-005421660314	28.952	PV-005421660314 28.952
PV-005421660315	28.686	PV-005421660315 28.686
PV-005421695167	28.9	PV-005421695167 28.900
PV-005421695585	26.001	PV-005421695585 26.001
PV-005421701446	25.482	PV-005421701446 25.482
PV-005421701447	29.095	PV-005421701447 29.095
PV-005421701448	29.912	PV-005421701448 29.912
PV-005421728070	30.905	PV-005421728070 30.905
PV-005421728379	28.216	PV-005421728379 28.216
PV-005421750720	29.412	PV-005421750720 29.412
PV-005421752419	28.684	PV-005421752419 28.684
PV-005421752420	28.807	PV-005421752420 28.807
PV-005421752421	26.136	PV-005421752421 26.136
PV-005421793515	29.287	PV-005421793515 29.287
PV-005421933817	29.735	PV-005421933817 29.735
PV-005421963103	28.84	PV-005421963103 28.840
PV-005421968983	31.097	PV-005421968983 31.097
PV-005422008446	28.964	PV-005422008446 28.964
PV-005422082677	28.894	PV-005422082677 28.894
PV-005422091203	25.758	PV-005422091203 25.758
PV-005422097117	28.798	PV-005422097117 28.798
PV-005422100164	30.597	PV-005422100164 30.597
PV-005422103863	30.43	PV-005422103863 30.430
PV-005422140533	30.446	PV-005422140533 30.446
PV-005422174917	29.084	PV-005422174917 29.084
PV-005422215031	26.955	PV-005422215031 26.955
PV-005422215032	29.038	PV-005422215032 29.038
PV-005422215033	29.831	PV-005422215033 29.831
PV-005422217230	31.02	PV-005422217230 31.020
PV-005422217231	28.858	PV-005422217231 28.858
PV-005422232705	25.867	PV-005422232705 25.867
PV-005422252041	30.272	PV-005422252041 30.272
PV-005422291228	26.472	PV-005422291228 26.472
PV-005422371079	28.749	PV-005422371079 28.749
PV-005422371080	29.611	PV-005422371080 29.611
PV-005422371081	25.753	PV-005422371081 25.753
PV-005422396898	30.382	PV-005422396898 30.382
PV-005422464007	30.958	PV-005422464007 30.958
PV-005422464008	26.621	PV-005422464008 26.621
PV-005422464009	29.725	PV-005422464009 29.725
PV-005422474544	26.397	PV-005422474544 26.397
PV-005422474545	31.829	PV-005422474545 31.829
PV-005422474546	29.485	PV-005422474546 29.485
PV-005422478586	26.34	PV-005422478586 26.340
PV-005422534974	27.274	PV-005422534974 27.274
PV-005422566648	30.242	PV-005422566648 30.242
PV-005422601797	29.918	PV-005422601797 29.918
PV-005422602100	30.143	PV-005422602100 30.143
PV-005422711082	26.082	PV-005422711082 26.082
PV-005422831411	30.232	PV-005422831411 30.232
PV-005423065206	26.338	PV-005423065206 26.338
PV-005423301084	30.089	PV-005423301084 30.089
PV-005423830145	29.442	PV-005423830145 29.442
PV-005423830146	29.224	PV-005423830146 29.224
PV-005423931322	28.857	PV-005423931322 28.857
PV-005423931323	30.005	PV-005423931323 30.005
PV-005423931324	26.802	PV-005423931324 26.802
PV-005424023960	26.373	PV-005424023960 26.373
PV-005424023961	26.041	PV-005424023961 26.041
PV-005424181791	27.264	PV-005424181791 27.264
PV-005424345169	28.772	PV-005424345169 28.772
PV-005424451564	28.946	PV-005424451564 28.946
PV-005425812276	29.366	PV-005425812276 29.366
PV-005425812277	29.031	PV-005425812277 29.031
PV-005425812278	26.776	PV-005425812278 26.776
PV-005426300166	28.889	PV-005426300166 28.889
PV-005427305132	30.64	PV-005427305132 30.640
PV-005427438225	25.015	PV-005427438225 25.015
PV-005428099969	30.018	PV-005428099969 30.018
PV-005428595590	28.38	PV-005428595590 28.380
PV-005428802922	29.588	PV-005428802922 29.588
PV-005428834406	28.963	PV-005428834406 28.963
PV-005428834407	28.083	PV-005428834407 28.083
PV-005428834408	30.509	PV-005428834408 30.509
PV-005428959497	30.311	PV-005428959497 30.311
PV-005429026781	30.089	PV-005429026781 30.089
PV-005429026782	28.303	PV-005429026782 28.303
PV-005429026783	27.812	PV-005429026783 27.812
PV-005429341034	29.097	PV-005429341034 29.097
PV-005429376336	29.085	PV-005429376336 29.085
PV-005429752296	28.931	PV-005429752296 28.931
PV-005430177825	27.786	PV-005430177825 27.786
PV-005430246702	30.784	PV-005430246702 30.784
PV-005430275558	30.245	PV-005430275558 30.245
PV-005430411341	30.088	PV-005430411341 30.088
PV-005430411342	27.588	PV-005430411342 27.588
PV-005430714585	28.527	PV-005430714585 28.527
PV-005430852133	25.93	PV-005430852133 25.930
PV-005431141322	26.429	PV-005431141322 26.429
PV-005431971293	29.651	PV-005431971293 29.651
PV-005431971294	29.691	PV-005431971294 29.691
PV-005431971295	28.957	PV-005431971295 28.957
PV-005432611801	29.648	PV-005432611801 29.648
PV-005432752929	26.087	PV-005432752929 26.087
PV-005432752930	31.098	PV-005432752930 31.098
PV-005432802792	29.065	PV-005432802792 29.065
PV-005432980939	29.337	PV-005432980939 29.337
PV-005433001751	25.878	PV-005433001751 25.878
PV-005433349780	27.768	PV-005433349780 27.768
PV-005433349781	30.821	PV-005433349781 30.821
PV-005433349782	29.586	PV-005433349782 29.586
PV-005433389290	29.172	PV-005433389290 29.172
PV-005434539078	29.036	PV-005434539078 29.036
PV-005434834709	31.618	PV-005434834709 31.618
PV-005434866129	27.3	PV-005434866129 27.300
PV-005435314847	28.754	PV-005435314847 28.754
PV-005435314848	29.002	PV-005435314848 29.002
PV-005435314849	31.067	PV-005435314849 31.067
PV-005436246495	27.728	PV-005436246495 27.728
PV-005436394535	26.23	PV-005436394535 26.230
PV-005436454575	31.283	PV-005436454575 31.283
PV-005436959635	25.879	PV-005436959635 25.879
PV-005437902884	26.618	PV-005437902884 26.618
PV-005438592262	30.245	PV-005438592262 30.245
PV-005438628862	25.738	PV-005438628862 25.738
PV-005439285009	30.313	PV-005439285009 30.313
PV-005439578801	26.893	PV-005439578801 26.893
PV-005439725658	29.188	PV-005439725658 29.188
PV-005439861659	29.137	PV-005439861659 29.137
PV-005439949459	29.148	PV-005439949459 29.148
PV-005440228199	30.71	PV-005440228199 30.710
PV-005440401835	27.816	PV-005440401835 27.816
PV-005440757755	25.708	PV-005440757755 25.708
PV-005441033239	29.094	PV-005441033239 29.094
PV-005441255771	29.519	PV-005441255771 29.519
PV-005441444037	26.615	PV-005441444037 26.615
PV-005441481428	30.893	PV-005441481428 30.893
PV-005441481429	27.567	PV-005441481429 27.567
PV-005441656230	31.894	PV-005441656230 31.894
PV-005441830524	26.526	PV-005441830524 26.526
PV-005441924234	25.451	PV-005441924234 25.451
PV-005442417804	27.905	PV-005442417804 27.905
PV-005442417805	31.628	PV-005442417805 31.628
PV-005442417806	30.682	PV-005442417806 30.682
PV-005442550903	30.711	PV-005442550903 30.711
PV-005442550904	30.334	PV-005442550904 30.334
PV-005442550905	28.29	PV-005442550905 28.290
PV-005442676391	30.204	PV-005442676391 30.204
PV-005442823211	28.691	PV-005442823211 28.691
PV-005443211002	28.36	PV-005443211002 28.360
PV-005443211003	25.556	PV-005443211003 25.556
PV-005443297074	26.569	PV-005443297074 26.569
PV-005444169614	26.837	PV-005444169614 26.837
PV-005444178732	26.658	PV-005444178732 26.658
PV-005444559501	29.31	PV-005444559501 29.310
PV-005445750559	30.976	PV-005445750559 30.976
PV-005445817191	29.302	PV-005445817191 29.302
PV-005445836475	29.528	PV-005445836475 29.528
PV-005446030928	32.592	PV-005446030928 32.592
PV-005446241340	30.544	PV-005446241340 30.544
PV-005446241341	26.53	PV-005446241341 26.530
PV-005446241342	26.039	PV-005446241342 26.039
PV-005446688857	30.223	PV-005446688857 30.223
PV-005448181700	30.687	PV-005448181700 30.687
PV-005448237022	30.665	PV-005448237022 30.665
PV-005449888909	29.612	PV-005449888909 29.612
PV-005450174087	30.832	PV-005450174087 30.832
PV-005450244231	30.286	PV-005450244231 30.286
PV-005450543224	30.663	PV-005450543224 30.663
PV-005450743465	30.803	PV-005450743465 30.803
PV-005451240801	30.166	PV-005451240801 30.166
PV-005451486078	28.952	PV-005451486078 28.952
PV-005451592173	28.259	PV-005451592173 28.259
PV-005452142996	29.905	PV-005452142996 29.905
PV-005452170124	28.302	PV-005452170124 28.302
PV-005452288052	27.789	PV-005452288052 27.789
PV-005452288053	30.395	PV-005452288053 30.395
PV-005452536197	30.988	PV-005452536197 30.988
PV-005452661914	28.839	PV-005452661914 28.839
PV-005452907112	28.755	PV-005452907112 28.755
PV-005452907113	29.331	PV-005452907113 29.331
PV-005452907114	30.678	PV-005452907114 30.678
PV-005453455611	29.374	PV-005453455611 29.374
PV-005453493699	30.131	PV-005453493699 30.131
PV-005453876788	28.342	PV-005453876788 28.342
PV-005454202998	28.97	PV-005454202998 28.970
PV-005454232538	31.939	PV-005454232538 31.939
PV-005454844347	27.198	PV-005454844347 27.198
PV-005455222875	28.805	PV-005455222875 28.805
PV-005455222876	31.345	PV-005455222876 31.345
PV-005455222877	29.154	PV-005455222877 29.154
PV-005455293549	27.973	PV-005455293549 27.973
PV-005455460215	31.553	PV-005455460215 31.553
PV-005455692675	28.529	PV-005455692675 28.529
PV-005455692676	31.911	PV-005455692676 31.911
PV-005456028901	31.328	PV-005456028901 31.328
PV-005456177480	26.079	PV-005456177480 26.079
PV-005456281532	26.762	PV-005456281532 26.762
PV-005456392342	30.219	PV-005456392342 30.219
PV-005456421204	30.281	PV-005456421204 30.281
PV-005458548593	29.574	PV-005458548593 29.574
PV-005459407965	30.343	PV-005459407965 30.343
PV-005460220672	30.248	PV-005460220672 30.248
PV-005460500134	29.615	PV-005460500134 29.615
PV-005460508326	31.102	PV-005460508326 31.102
PV-005460508327	30.115	PV-005460508327 30.115
PV-005460508328	30.71	PV-005460508328 30.710
PV-005460862352	31.028	PV-005460862352 31.028
PV-005461076665	27.642	PV-005461076665 27.642
PV-005461097297	29.055	PV-005461097297 29.055
PV-005461130327	26.382	PV-005461130327 26.382
PV-005461241035	25.719	PV-005461241035 25.719
PV-005461432247	30.878	PV-005461432247 30.878
PV-005461829084	31.109	PV-005461829084 31.109
PV-005462236136	28.265	PV-005462236136 28.265
PV-005462348439	27.544	PV-005462348439 27.544
PV-005462437730	30.777	PV-005462437730 30.777
PV-005462791034	26.755	PV-005462791034 26.755
PV-005463058761	26.374	PV-005463058761 26.374
PV-005463182957	26.135	PV-005463182957 26.135
PV-005463994414	30.911	PV-005463994414 30.911
PV-005464405530	27.777	PV-005464405530 27.777
PV-005464763231	31.018	PV-005464763231 31.018
PV-005464771087	26.893	PV-005464771087 26.893
PV-005464771089	30.251	PV-005464771089 30.251
PV-005464818489	27.828	PV-005464818489 27.828
PV-005465130640	31.419	PV-005465130640 31.419
PV-005465131280	31.053	PV-005465131280 31.053
PV-005466121628	29.805	PV-005466121628 29.805
PV-005466215962	27.29	PV-005466215962 27.290
PV-005466333835	31.149	PV-005466333835 31.149
PV-005466499714	31.536	PV-005466499714 31.536
PV-005466599222	28.683	PV-005466599222 28.683
PV-005466701144	26.372	PV-005466701144 26.372
PV-005467537703	25.688	PV-005467537703 25.688
PV-005467549036	26.225	PV-005467549036 26.225
PV-005467559297	30.233	PV-005467559297 30.233
PV-005467608280	25.693	PV-005467608280 25.693
PV-005467743979	32.951	PV-005467743979 32.951
PV-005467743980	30.426	PV-005467743980 30.426
PV-005468284703	25.226	PV-005468284703 25.226
PV-005468517423	26.078	PV-005468517423 26.078
PV-005468665316	31.271	PV-005468665316 31.271
PV-005468852025	26.268	PV-005468852025 26.268
PV-005468858219	28.781	PV-005468858219 28.781
PV-005469012881	30.062	PV-005469012881 30.062
PV-005470970959	30.396	PV-005470970959 30.396
PV-005471038322	30.588	PV-005471038322 30.588
PV-005471459784	29.015	PV-005471459784 29.015
PV-005471630958	26.919	PV-005471630958 26.919
PV-005471836121	29.095	PV-005471836121 29.095
PV-005472139743	30.958	PV-005472139743 30.958
PV-005472181320	25.816	PV-005472181320 25.816
PV-005472743271	31.883	PV-005472743271 31.883
PV-005472789513	30.707	PV-005472789513 30.707
PV-005472789514	31.606	PV-005472789514 31.606
PV-005473169197	27.46	PV-005473169197 27.460
PV-005473439601	31.036	PV-005473439601 31.036
PV-005473514739	29.155	PV-005473514739 29.155
PV-005473514740	25.575	PV-005473514740 25.575
PV-005473708689	28.863	PV-005473708689 28.863
PV-005473724167	27.122	PV-005473724167 27.122
PV-005473724168	29.902	PV-005473724168 29.902
PV-005473724169	31.533	PV-005473724169 31.533
PV-005473744220	27.687	PV-005473744220 27.687
PV-005474122879	29.125	PV-005474122879 29.125
PV-005474154656	29.241	PV-005474154656 29.241
PV-005474201767	26.901	PV-005474201767 26.901
PV-005474218741	25.465	PV-005474218741 25.465
PV-005474289209	27.399	PV-005474289209 27.399
PV-005474879653	31.263	PV-005474879653 31.263
PV-005475567598	30.95	PV-005475567598 30.950
PV-005475652526	25.989	PV-005475652526 25.989
PV-005475735781	30.041	PV-005475735781 30.041
PV-005475790062	31.393	PV-005475790062 31.393
PV-005475849305	29.926	PV-005475849305 29.926
PV-005475977808	28.898	PV-005475977808 28.898
PV-005476267478	29.431	PV-005476267478 29.431
PV-005476586061	27.31	PV-005476586061 27.310
PV-005477044572	31.498	PV-005477044572 31.498
PV-005477602129	29.158	PV-005477602129 29.158
PV-005477849286	30.334	PV-005477849286 30.334
PV-005477913277	32.077	PV-005477913277 32.077
PV-005477913278	31.794	PV-005477913278 31.794
PV-005477913279	28.623	PV-005477913279 28.623
PV-005478029168	31.008	PV-005478029168 31.008
PV-005478188288	26.981	PV-005478188288 26.981
PV-005478272286	26.364	PV-005478272286 26.364
PV-005479050227	30.673	PV-005479050227 30.673
PV-005479161492	27.436	PV-005479161492 27.436
PV-005479426885	27.896	PV-005479426885 27.896
PV-005479462226	31.04	PV-005479462226 31.040
PV-005479624740	28.644	PV-005479624740 28.644
PV-005479839150	29.496	PV-005479839150 29.496
PV-005480249818	28.919	PV-005480249818 28.919
PV-005480634992	30.878	PV-005480634992 30.878
PV-005480757943	30.301	PV-005480757943 30.301
PV-005481291302	29.205	PV-005481291302 29.205
PV-005481621995	28.802	PV-005481621995 28.802
PV-005481621996	29.601	PV-005481621996 29.601
PV-005481621997	26.467	PV-005481621997 26.467
PV-005481779617	29.825	PV-005481779617 29.825
PV-005481850412	29.737	PV-005481850412 29.737
PV-005482497011	30.376	PV-005482497011 30.376
PV-005482975109	26.1	PV-005482975109 26.100
PV-005482975110	30.103	PV-005482975110 30.103
PV-005482975111	30.344	PV-005482975111 30.344
PV-005483079685	29.138	PV-005483079685 29.138
PV-005483079686	29.712	PV-005483079686 29.712
PV-005483079687	30.959	PV-005483079687 30.959
PV-005483094265	26.894	PV-005483094265 26.894
PV-005483212872	30.542	PV-005483212872 30.542
PV-005483212873	26.115	PV-005483212873 26.115
PV-005483446110	30.633	PV-005483446110 30.633
PV-005484194141	26.008	PV-005484194141 26.008
PV-005484194142	28.963	PV-005484194142 28.963
PV-005484194143	30.455	PV-005484194143 30.455
PV-005484278556	26.329	PV-005484278556 26.329
PV-005484752225	28.691	PV-005484752225 28.691
PV-005484752226	31.251	PV-005484752226 31.251
PV-005484752227	30.393	PV-005484752227 30.393
PV-005484945392	28.498	PV-005484945392 28.498
PV-005485626041	25.946	PV-005485626041 25.946
PV-005486215464	28.52	PV-005486215464 28.520
PV-005486549483	29.701	PV-005486549483 29.701
PV-005487251675	27.012	PV-005487251675 27.012
PV-005487347168	31.07	PV-005487347168 31.070
PV-005487347169	26.203	PV-005487347169 26.203
PV-005487347170	26.813	PV-005487347170 26.813
PV-005487424981	29.658	PV-005487424981 29.658
PV-005487427691	29.388	PV-005487427691 29.388
PV-005487428991	29.624	PV-005487428991 29.624
PV-005487428992	30.591	PV-005487428992 30.591
PV-005487428993	29.984	PV-005487428993 29.984
PV-005488039005	26.949	PV-005488039005 26.949
PV-005488375526	26.099	PV-005488375526 26.099
PV-005488594533	30.76	PV-005488594533 30.760
PV-005488639977	25.705	PV-005488639977 25.705
PV-005489421270	31.678	PV-005489421270 31.678
PV-005490052520	25.277	PV-005490052520 25.277
PV-005490621086	26.741	PV-005490621086 26.741
PV-005490626146	29.562	PV-005490626146 29.562
PV-005490670462	26.925	PV-005490670462 26.925
PV-005490853852	30.817	PV-005490853852 30.817
PV-005490993571	27.029	PV-005490993571 27.029
PV-005491321517	25.917	PV-005491321517 25.917
PV-005491449756	26.652	PV-005491449756 26.652
PV-005492080241	29.725	PV-005492080241 29.725
PV-005492482555	29.739	PV-005492482555 29.739
PV-005492482556	26.653	PV-005492482556 26.653
PV-005492878067	26.411	PV-005492878067 26.411
PV-005493275830	28.368	PV-005493275830 28.368
PV-005493620202	26.771	PV-005493620202 26.771
PV-005493620203	30.493	PV-005493620203 30.493
PV-005493620204	30.144	PV-005493620204 30.144
PV-005493646115	29.292	PV-005493646115 29.292
PV-005493797334	28.796	PV-005493797334 28.796
PV-005493797335	29.249	PV-005493797335 29.249
PV-005493833531	31.452	PV-005493833531 31.452
PV-005493957199	31.319	PV-005493957199 31.319
PV-005493957200	31.006	PV-005493957200 31.006
PV-005493957201	25.584	PV-005493957201 25.584
PV-005494056198	33.927	PV-005494056198 33.927
PV-005494056199	28.884	PV-005494056199 28.884
PV-005494056200	28.606	PV-005494056200 28.606
PV-005494851939	26.582	PV-005494851939 26.582
PV-005494999009	26.558	PV-005494999009 26.558
PV-005495104177	25.93	PV-005495104177 25.930
PV-005495277434	29.262	PV-005495277434 29.262
PV-005495277435	31.233	PV-005495277435 31.233
PV-005495277436	30.97	PV-005495277436 30.970
PV-005495412004	28.721	PV-005495412004 28.721
PV-005495530814	26.321	PV-005495530814 26.321
PV-005496608606	28.804	PV-005496608606 28.804
PV-005496608607	27.3	PV-005496608607 27.300
PV-005496608608	31.096	PV-005496608608 31.096
PV-005496769742	26.709	PV-005496769742 26.709
PV-005496913408	28.923	PV-005496913408 28.923
PV-005496924926	29.381	PV-005496924926 29.381
PV-005496924927	25.908	PV-005496924927 25.908
PV-005496924928	31.668	PV-005496924928 31.668
PV-005497415739	30.082	PV-005497415739 30.082
PV-005497652507	26.516	PV-005497652507 26.516
PV-005497815205	29.838	PV-005497815205 29.838
PV-005498045623	29.915	PV-005498045623 29.915
PV-005498700901	26.618	PV-005498700901 26.618
PV-005499295276	30.182	PV-005499295276 30.182
PV-005500111082	29.842	PV-005500111082 29.842
PV-005500333520	27.096	PV-005500333520 27.096
PV-005500630875	31.114	PV-005500630875 31.114
PV-005501458717	26.953	PV-005501458717 26.953
PV-005501458718	30.105	PV-005501458718 30.105
PV-005501793874	30.19	PV-005501793874 30.190
PV-005501796350	29.423	PV-005501796350 29.423
PV-005501858556	28.833	PV-005501858556 28.833
PV-005502037499	29.735	PV-005502037499 29.735
PV-005502068818	27.087	PV-005502068818 27.087
PV-005502254530	30.526	PV-005502254530 30.526
PV-005502473613	28.13	PV-005502473613 28.130
PV-005502840489	26.01	PV-005502840489 26.010
PV-005503275619	26.687	PV-005503275619 26.687
PV-005503275620	25.474	PV-005503275620 25.474
PV-005503833360	29.081	PV-005503833360 29.081
PV-005503833361	30.627	PV-005503833361 30.627
PV-005503833362	31.689	PV-005503833362 31.689
PV-005504377420	29.343	PV-005504377420 29.343
PV-005504456526	26.898	PV-005504456526 26.898
PV-005505654972	31.05	PV-005505654972 31.050
PV-005505890840	26.531	PV-005505890840 26.531
PV-005506034969	30.101	PV-005506034969 30.101
PV-005506092382	27.786	PV-005506092382 27.786
PV-005506184408	29.723	PV-005506184408 29.723
PV-005506184409	30.49	PV-005506184409 30.490
PV-005506184410	31.137	PV-005506184410 31.137
PV-005506463536	28.834	PV-005506463536 28.834
PV-005506645129	26.156	PV-005506645129 26.156
PV-005506645130	30.207	PV-005506645130 30.207
PV-005506645131	28.969	PV-005506645131 28.969
PV-005506864635	30.233	PV-005506864635 30.233
PV-005507367516	29.071	PV-005507367516 29.071
PV-005507694900	27.54	PV-005507694900 27.540
PV-005507764793	30.697	PV-005507764793 30.697
PV-005507764794	28.21	PV-005507764794 28.210
PV-005509320037	30.731	PV-005509320037 30.731
PV-005509493562	26.191	PV-005509493562 26.191
PV-005509623890	26.417	PV-005509623890 26.417
PV-005509927790	28.728	PV-005509927790 28.728
PV-005510213057	29.496	PV-005510213057 29.496
PV-005510497779	26.22	PV-005510497779 26.220
PV-005510497780	29.478	PV-005510497780 29.478
PV-005510497781	28.511	PV-005510497781 28.511
PV-005510497782	28.428	PV-005510497782 28.428
PV-005510497783	25.757	PV-005510497783 25.757
PV-005510497784	31.632	PV-005510497784 31.632
PV-005510892928	29.174	PV-005510892928 29.174
PV-005511296993	30.191	PV-005511296993 30.191
PV-005511296994	30.42	PV-005511296994 30.420
PV-005511419225	26.504	PV-005511419225 26.504
PV-005511671876	30.289	PV-005511671876 30.289
PV-005511943740	28.996	PV-005511943740 28.996
PV-005512075739	26.093	PV-005512075739 26.093
PV-005512075740	28.784	PV-005512075740 28.784
PV-005512469784	30.034	PV-005512469784 30.034
PV-005512492980	26.052	PV-005512492980 26.052
PV-005512504273	29.458	PV-005512504273 29.458
PV-005512594853	30.13	PV-005512594853 30.130
PV-005512635189	31.205	PV-005512635189 31.205
PV-005512635190	28.355	PV-005512635190 28.355
PV-005512731542	26.711	PV-005512731542 26.711
PV-005512903204	29.449	PV-005512903204 29.449
PV-005512903205	28.825	PV-005512903205 28.825
PV-005512903206	25.497	PV-005512903206 25.497
PV-005513302684	30.314	PV-005513302684 30.314
PV-005513754151	26.727	PV-005513754151 26.727
PV-005513754152	26.858	PV-005513754152 26.858
PV-005513942419	30.531	PV-005513942419 30.531
PV-005513973955	30.462	PV-005513973955 30.462
PV-005513973956	29.444	PV-005513973956 29.444
PV-005513973957	31.748	PV-005513973957 31.748
PV-005514143578	27.093	PV-005514143578 27.093
PV-005514143579	30.956	PV-005514143579 30.956
PV-005514143580	29.704	PV-005514143580 29.704
PV-005514662744	26.42	PV-005514662744 26.420
PV-005514662745	30.745	PV-005514662745 30.745
PV-005514730930	28.985	PV-005514730930 28.985
PV-005514730931	29.252	PV-005514730931 29.252
PV-005514730932	29.031	PV-005514730932 29.031
PV-005515811061	27.623	PV-005515811061 27.623
PV-005515811062	28.906	PV-005515811062 28.906
PV-005515811063	30.472	PV-005515811063 30.472
PV-005515835924	27.33	PV-005515835924 27.330
PV-005515862938	30.155	PV-005515862938 30.155
PV-005516132092	28.901	PV-005516132092 28.901
PV-005516285301	25.767	PV-005516285301 25.767
PV-005516855521	29.685	PV-005516855521 29.685
PV-005517167720	29.528	PV-005517167720 29.528
PV-005517403860	30.097	PV-005517403860 30.097
PV-005518768237	27.672	PV-005518768237 27.672
PV-005518838742	29.117	PV-005518838742 29.117
PV-005519800885	26.679	PV-005519800885 26.679
PV-005520007116	29.75	PV-005520007116 29.750
PV-005520007117	28.616	PV-005520007117 28.616
PV-005520007118	25.437	PV-005520007118 25.437
PV-005520139463	29.832	PV-005520139463 29.832
PV-005520334143	30.684	PV-005520334143 30.684
PV-005520505156	29.614	PV-005520505156 29.614
PV-005520691977	28.957	PV-005520691977 28.957
PV-005520857983	25.336	PV-005520857983 25.336
PV-005521279886	29.514	PV-005521279886 29.514
PV-005521808540	29.738	PV-005521808540 29.738
PV-005522152974	31.607	PV-005522152974 31.607
PV-005522176008	30.577	PV-005522176008 30.577
PV-005522310120	27.856	PV-005522310120 27.856
PV-005522346100	30.926	PV-005522346100 30.926
PV-005522868483	29.201	PV-005522868483 29.201
PV-005523139093	27.176	PV-005523139093 27.176
PV-005523886334	26.849	PV-005523886334 26.849
PV-005523915959	30.177	PV-005523915959 30.177
PV-005524091115	30.126	PV-005524091115 30.126
PV-005524123695	29.097	PV-005524123695 29.097
PV-005524487448	30.667	PV-005524487448 30.667
PV-005524487449	29.049	PV-005524487449 29.049
PV-005524870310	32.516	PV-005524870310 32.516
PV-005525304281	31.27	PV-005525304281 31.270
PV-005525304282	25.544	PV-005525304282 25.544
PV-005526444770	29.946	PV-005526444770 29.946
PV-005526444771	27.602	PV-005526444771 27.602
PV-005526444772	29.721	PV-005526444772 29.721
PV-005526666872	31.405	PV-005526666872 31.405
PV-005526666873	31.371	PV-005526666873 31.371
PV-005527009986	29.299	PV-005527009986 29.299
PV-005527009987	30.824	PV-005527009987 30.824
PV-005527009988	29.636	PV-005527009988 29.636
PV-005527009989	31.713	PV-005527009989 31.713
PV-005527543372	30.908	PV-005527543372 30.908
PV-005528380062	31.1	PV-005528380062 31.100
PV-005528711074	30.838	PV-005528711074 30.838
PV-005528769007	27.793	PV-005528769007 27.793
PV-005528769008	29.888	PV-005528769008 29.888
PV-005529386873	30.032	PV-005529386873 30.032
PV-005529386874	26.199	PV-005529386874 26.199
PV-005529386875	26.661	PV-005529386875 26.661
PV-005530030997	26.108	PV-005530030997 26.108
PV-005530294535	30.678	PV-005530294535 30.678
PV-005530900513	26.185	PV-005530900513 26.185
PV-005530991372	27.881	PV-005530991372 27.881
PV-005531374060	30.119	PV-005531374060 30.119
PV-005531662087	26.583	PV-005531662087 26.583
PV-005531928667	31.855	PV-005531928667 31.855
PV-005532403156	30.075	PV-005532403156 30.075
PV-005532403157	30.113	PV-005532403157 30.113
PV-005532403158	26.438	PV-005532403158 26.438
PV-005533267135	31.358	PV-005533267135 31.358
PV-005533551158	25.771	PV-005533551158 25.771
PV-005533713214	26.937	PV-005533713214 26.937
PV-005533713215	25.36	PV-005533713215 25.360
PV-005533875974	26.329	PV-005533875974 26.329
PV-005533933182	30.245	PV-005533933182 30.245
PV-005534374873	28.148	PV-005534374873 28.148
PV-005534575261	29.164	PV-005534575261 29.164
PV-005534664519	28.074	PV-005534664519 28.074
PV-005535395982	30.379	PV-005535395982 30.379
PV-005535420499	30.063	PV-005535420499 30.063
PV-005535528563	26.763	PV-005535528563 26.763
PV-005535528564	31.455	PV-005535528564 31.455
PV-005535528565	28.696	PV-005535528565 28.696
PV-005535647087	27.402	PV-005535647087 27.402
PV-005536009004	26.309	PV-005536009004 26.309
PV-005536083312	31.974	PV-005536083312 31.974
PV-005536095947	30.207	PV-005536095947 30.207
PV-005536531661	30.986	PV-005536531661 30.986
PV-005536773355	31.794	PV-005536773355 31.794
PV-005536975791	30.617	PV-005536975791 30.617
PV-005537506023	32.108	PV-005537506023 32.108
PV-005537756392	25.426	PV-005537756392 25.426
PV-005537975285	25.163	PV-005537975285 25.163
PV-005538134553	31.779	PV-005538134553 31.779
PV-005540172869	29.043	PV-005540172869 29.043
PV-005540353773	26.903	PV-005540353773 26.903
PV-005540353774	30.734	PV-005540353774 30.734
PV-005540976527	30.401	PV-005540976527 30.401
PV-005541142604	29.302	PV-005541142604 29.302
PV-005541272948	28.688	PV-005541272948 28.688
PV-005541412212	30.377	PV-005541412212 30.377
PV-005541412213	30.627	PV-005541412213 30.627
PV-005542219173	26.522	PV-005542219173 26.522
PV-005542287276	28.293	PV-005542287276 28.293
PV-005542600255	30.397	PV-005542600255 30.397
PV-005542735858	32.008	PV-005542735858 32.008
PV-005542785247	30.728	PV-005542785247 30.728
PV-005543402140	29.222	PV-005543402140 29.222
PV-005543694917	30.308	PV-005543694917 30.308
PV-005543767030	30.691	PV-005543767030 30.691
PV-005543837672	26.016	PV-005543837672 26.016
PV-005544009086	30.842	PV-005544009086 30.842
PV-005544368794	31.138	PV-005544368794 31.138
PV-005544581072	30.517	PV-005544581072 30.517
PV-005544663446	27.215	PV-005544663446 27.215
PV-005545291165	27.665	PV-005545291165 27.665
PV-005545678239	29.955	PV-005545678239 29.955
PV-005546447243	27.85	PV-005546447243 27.850
PV-005546447244	31.331	PV-005546447244 31.331
PV-005546447245	30.961	PV-005546447245 30.961
PV-005546771757	31.07	PV-005546771757 31.070
PV-005546962365	26.745	PV-005546962365 26.745
PV-005547056800	29.968	PV-005547056800 29.968
PV-005547114770	26.686	PV-005547114770 26.686
PV-005547114771	31.533	PV-005547114771 31.533
PV-005547114772	25.676	PV-005547114772 25.676
PV-005547552772	25.898	PV-005547552772 25.898
PV-005548063222	28.488	PV-005548063222 28.488
PV-005548163067	30.593	PV-005548163067 30.593
PV-005548163068	28.413	PV-005548163068 28.413
PV-005548163069	29.55	PV-005548163069 29.550
PV-005549551150	29.098	PV-005549551150 29.098
PV-005550312026	31.632	PV-005550312026 31.632
PV-005550351928	29.758	PV-005550351928 29.758
PV-005550351929	31.025	PV-005550351929 31.025
PV-005550712038	30.462	PV-005550712038 30.462
PV-005550712039	29.447	PV-005550712039 29.447
PV-005550712040	28.87	PV-005550712040 28.870
PV-005551141828	26.218	PV-005551141828 26.218
PV-005551165443	31.787	PV-005551165443 31.787
PV-005551165444	26.376	PV-005551165444 26.376
PV-005551995428	31.731	PV-005551995428 31.731
PV-005552103136	30.982	PV-005552103136 30.982
PV-005552369144	30.104	PV-005552369144 30.104
PV-005552405703	25.865	PV-005552405703 25.865
PV-005552859240	29.113	PV-005552859240 29.113
PV-005552930294	29.716	PV-005552930294 29.716
PV-005553213833	27.747	PV-005553213833 27.747
PV-005553288134	26.127	PV-005553288134 26.127
PV-005553297210	31.928	PV-005553297210 31.928
PV-005553829225	28.705	PV-005553829225 28.705
PV-005554155126	28.811	PV-005554155126 28.811
PV-005554183683	28.822	PV-005554183683 28.822
PV-005554771225	29.821	PV-005554771225 29.821
PV-005554897772	30.515	PV-005554897772 30.515
PV-005555181854	29.674	PV-005555181854 29.674
PV-005555572760	30.807	PV-005555572760 30.807
PV-005555781173	30.567	PV-005555781173 30.567
PV-005556069338	29.971	PV-005556069338 29.971
PV-005556069339	26.652	PV-005556069339 26.652
PV-005556200956	28.442	PV-005556200956 28.442
PV-005556466001	29.26	PV-005556466001 29.260
PV-005556529234	30.275	PV-005556529234 30.275
PV-005556658972	31.772	PV-005556658972 31.772
PV-005557554429	25.736	PV-005557554429 25.736
PV-005557554430	29.015	PV-005557554430 29.015
PV-005557554431	29.138	PV-005557554431 29.138
PV-005558365463	29.981	PV-005558365463 29.981
PV-005558493493	26.909	PV-005558493493 26.909
PV-005559597587	25.896	PV-005559597587 25.896
PV-005560851451	26.172	PV-005560851451 26.172
PV-005560982975	25.473	PV-005560982975 25.473
PV-005561456897	29.146	PV-005561456897 29.146
PV-005561569286	29.951	PV-005561569286 29.951
PV-005562628848	25.89	PV-005562628848 25.890
PV-005562991187	27.532	PV-005562991187 27.532
PV-005563428097	30.704	PV-005563428097 30.704
PV-005563428098	30.35	PV-005563428098 30.350
PV-005563428099	28.703	PV-005563428099 28.703
PV-005563715217	31.24	PV-005563715217 31.240
PV-005564062990	29.325	PV-005564062990 29.325
PV-005564187730	28.853	PV-005564187730 28.853
PV-005564522948	30.061	PV-005564522948 30.061
PV-005564556700	29.862	PV-005564556700 29.862
PV-005564857873	28.954	PV-005564857873 28.954
PV-005565069895	26.722	PV-005565069895 26.722
PV-005565475654	26.252	PV-005565475654 26.252
PV-005565500661	28.778	PV-005565500661 28.778
PV-005566330696	31.272	PV-005566330696 31.272
PV-005566481768	27.913	PV-005566481768 27.913
PV-005566781275	25.969	PV-005566781275 25.969
PV-005566922150	26.125	PV-005566922150 26.125
PV-005567315457	25.695	PV-005567315457 25.695
PV-005567315458	30.035	PV-005567315458 30.035
PV-005567315459	32.545	PV-005567315459 32.545
PV-005567780519	26.187	PV-005567780519 26.187
PV-005567789838	27.545	PV-005567789838 27.545
PV-005567962629	27.078	PV-005567962629 27.078
PV-005568428421	29.203	PV-005568428421 29.203
PV-005568703909	28.91	PV-005568703909 28.910
PV-005568703910	26.388	PV-005568703910 26.388
PV-005568703911	26.529	PV-005568703911 26.529
PV-005568703912	29.005	PV-005568703912 29.005
PV-005568703913	28.824	PV-005568703913 28.824
PV-005568703914	27.294	PV-005568703914 27.294
PV-005568709809	31.3	PV-005568709809 31.300
PV-005568750387	26.425	PV-005568750387 26.425
PV-005568867238	26.697	PV-005568867238 26.697
PV-005569051608	28.561	PV-005569051608 28.561
PV-005569263650	30.757	PV-005569263650 30.757
PV-005569263651	28.835	PV-005569263651 28.835
PV-005569263652	25.738	PV-005569263652 25.738
PV-005569961333	30.845	PV-005569961333 30.845
PV-005569961334	30.516	PV-005569961334 30.516
PV-005569961335	29.296	PV-005569961335 29.296
PV-005570023012	31.507	PV-005570023012 31.507
PV-005570138887	29.281	PV-005570138887 29.281
PV-005570922315	30.593	PV-005570922315 30.593
PV-005571481804	26.766	PV-005571481804 26.766
PV-005571702717	29.56	PV-005571702717 29.560
PV-005572008366	30.192	PV-005572008366 30.192
PV-005572618246	30.255	PV-005572618246 30.255
PV-005572668606	26.547	PV-005572668606 26.547
PV-005572799206	30.089	PV-005572799206 30.089
PV-005572962146	31.593	PV-005572962146 31.593
PV-005573091348	28.86	PV-005573091348 28.860
PV-005573209271	30.609	PV-005573209271 30.609
PV-005573544379	29.8	PV-005573544379 29.800
PV-005573759042	30.942	PV-005573759042 30.942
PV-005573920295	28.94	PV-005573920295 28.940
PV-005574119613	27.482	PV-005574119613 27.482
PV-005574313646	29.527	PV-005574313646 29.527
PV-005574313647	30.948	PV-005574313647 30.948
PV-005574313648	28.95	PV-005574313648 28.950
PV-005574711082	27.895	PV-005574711082 27.895
PV-005574994634	27.224	PV-005574994634 27.224
PV-005575134991	30.282	PV-005575134991 30.282
PV-005575387486	31.393	PV-005575387486 31.393
PV-005575636697	27.83	PV-005575636697 27.830
PV-005575672529	30.324	PV-005575672529 30.324
PV-005575823882	27.067	PV-005575823882 27.067
PV-005576043834	29.237	PV-005576043834 29.237
PV-005576043835	29.469	PV-005576043835 29.469
PV-005576043836	27.174	PV-005576043836 27.174
PV-005576072047	30.278	PV-005576072047 30.278
PV-005576174049	29.919	PV-005576174049 29.919
PV-005576174050	25.599	PV-005576174050 25.599
PV-005576367809	31.127	PV-005576367809 31.127
PV-005576962874	31.083	PV-005576962874 31.083
PV-005577148767	32.168	PV-005577148767 32.168
PV-005577148768	30.469	PV-005577148768 30.469
PV-005578018601	31.351	PV-005578018601 31.351
PV-005578202031	31.088	PV-005578202031 31.088
PV-005578202032	30.079	PV-005578202032 30.079
PV-005578202033	32.306	PV-005578202033 32.306
PV-005578506817	32.181	PV-005578506817 32.181
PV-005578838445	29.356	PV-005578838445 29.356
PV-005578838446	26.721	PV-005578838446 26.721
PV-005579081959	29.2	PV-005579081959 29.200
PV-005579122978	29.78	PV-005579122978 29.780
PV-005579122979	27.841	PV-005579122979 27.841
PV-005579122980	29.516	PV-005579122980 29.516
PV-005579388864	28.069	PV-005579388864 28.069
PV-005579810832	30.984	PV-005579810832 30.984
PV-005579812934	30.8	PV-005579812934 30.800
PV-005579812935	30.305	PV-005579812935 30.305
PV-005579812936	29.356	PV-005579812936 29.356
PV-005579976343	26.34	PV-005579976343 26.340
PV-005580224712	26.019	PV-005580224712 26.019
PV-005581146687	31.09	PV-005581146687 31.090
PV-005581152217	31.024	PV-005581152217 31.024
PV-005581152218	29.186	PV-005581152218 29.186
PV-005581152219	29.328	PV-005581152219 29.328
PV-005581215661	28.105	PV-005581215661 28.105
PV-005581276560	31.936	PV-005581276560 31.936
PV-005581617392	29.839	PV-005581617392 29.839
PV-005581800047	27.065	PV-005581800047 27.065
PV-005582351387	29.057	PV-005582351387 29.057
PV-005582821071	29.002	PV-005582821071 29.002
PV-005583265322	29.264	PV-005583265322 29.264
PV-005583330336	28.752	PV-005583330336 28.752
PV-005583344906	31.941	PV-005583344906 31.941
PV-005583344907	31.178	PV-005583344907 31.178
PV-005583344908	26.019	PV-005583344908 26.019
PV-005583667959	31.936	PV-005583667959 31.936
PV-005583762630	29.94	PV-005583762630 29.940
PV-005583908928	28.63	PV-005583908928 28.630
PV-005584088532	28.301	PV-005584088532 28.301
PV-005584088533	27.904	PV-005584088533 27.904
PV-005584088534	32.366	PV-005584088534 32.366
PV-005584342695	30.592	PV-005584342695 30.592
PV-005584621758	29.286	PV-005584621758 29.286
PV-005584621759	31.256	PV-005584621759 31.256
PV-005584778358	28.86	PV-005584778358 28.860
PV-005585317387	30.463	PV-005585317387 30.463
PV-005585317388	31.277	PV-005585317388 31.277
PV-005585343174	29.727	PV-005585343174 29.727
PV-005585994433	32.057	PV-005585994433 32.057
PV-005586333877	28.741	PV-005586333877 28.741
PV-005586791587	32.322	PV-005586791587 32.322
PV-005587104350	30.253	PV-005587104350 30.253
PV-005587483448	31.137	PV-005587483448 31.137
PV-005588053588	26.686	PV-005588053588 26.686
PV-005588213564	29.661	PV-005588213564 29.661
PV-005588213565	27.696	PV-005588213565 27.696
PV-005588213566	28.089	PV-005588213566 28.089
PV-005589018732	31.357	PV-005589018732 31.357
PV-005589309236	27.536	PV-005589309236 27.536
PV-005589399799	28.906	PV-005589399799 28.906
PV-005589603135	29.787	PV-005589603135 29.787
PV-005589975612	27.645	PV-005589975612 27.645
PV-005590040842	30.851	PV-005590040842 30.851
PV-005590309739	31.771	PV-005590309739 31.771
PV-005590309740	29.561	PV-005590309740 29.561
PV-005590341059	25.95	PV-005590341059 25.950
PV-005590529165	32.141	PV-005590529165 32.141
PV-005590695438	31.47	PV-005590695438 31.470
PV-005591243354	26.253	PV-005591243354 26.253
PV-005591464798	28.509	PV-005591464798 28.509
PV-005592475342	26.163	PV-005592475342 26.163
PV-005592892908	30.956	PV-005592892908 30.956
PV-005593180713	28.307	PV-005593180713 28.307
PV-005593888088	31.777	PV-005593888088 31.777
PV-005594027787	30.538	PV-005594027787 30.538
PV-005594190940	26.495	PV-005594190940 26.495
PV-005594519898	28.825	PV-005594519898 28.825
PV-005594674332	30.905	PV-005594674332 30.905
PV-005594829348	31.018	PV-005594829348 31.018
PV-005594857244	26.07	PV-005594857244 26.070
PV-005594857245	29.163	PV-005594857245 29.163
PV-005594905892	26.453	PV-005594905892 26.453
PV-005595002187	31.479	PV-005595002187 31.479
PV-005595015344	30.498	PV-005595015344 30.498
PV-005595118586	26.959	PV-005595118586 26.959
PV-005595314755	25.994	PV-005595314755 25.994
PV-005595417426	31.265	PV-005595417426 31.265
PV-005595417427	30.418	PV-005595417427 30.418
PV-005595417428	30.272	PV-005595417428 30.272
PV-005595544012	30.038	PV-005595544012 30.038
PV-005595567719	30.082	PV-005595567719 30.082
PV-005595593688	29.742	PV-005595593688 29.742
PV-005595593689	29.651	PV-005595593689 29.651
PV-005595996819	30.116	PV-005595996819 30.116
PV-005596215291	29.508	PV-005596215291 29.508
PV-005597028043	25.217	PV-005597028043 25.217
PV-005597643839	30.887	PV-005597643839 30.887
PV-005597673228	31.185	PV-005597673228 31.185
PV-005597927199	29.122	PV-005597927199 29.122
PV-005598211664	26.546	PV-005598211664 26.546
PV-005598270904	26.317	PV-005598270904 26.317
PV-005598817447	29.074	PV-005598817447 29.074
PV-005599074856	28.696	PV-005599074856 28.696
PV-005599074858	26.679	PV-005599074858 26.679
PV-005599074859	29.24	PV-005599074859 29.240
PV-005599089461	30.641	PV-005599089461 30.641
PV-005599116565	26.5	PV-005599116565 26.500
PV-005599160027	26.572	PV-005599160027 26.572
PV-005599282358	28.994	PV-005599282358 28.994
PV-005599382975	27.127	PV-005599382975 27.127
PV-005599409268	29.386	PV-005599409268 29.386
PV-005599684191	30.722	PV-005599684191 30.722
PV-005599684192	30.261	PV-005599684192 30.261
PV-005599818249	26.622	PV-005599818249 26.622
PV-005600031843	31.544	PV-005600031843 31.544
PV-005600031844	29.229	PV-005600031844 29.229
PV-005600031845	27.294	PV-005600031845 27.294
PV-005600424389	30.256	PV-005600424389 30.256
PV-005600542810	25.366	PV-005600542810 25.366
PV-005600608186	29.852	PV-005600608186 29.852
PV-005600625068	27.036	PV-005600625068 27.036
PV-005600735341	25.29	PV-005600735341 25.290
PV-005600735342	31.471	PV-005600735342 31.471
PV-005600735343	28.819	PV-005600735343 28.819
PV-005600775256	29.018	PV-005600775256 29.018
PV-005601173451	30.967	PV-005601173451 30.967
PV-005601173452	28.952	PV-005601173452 28.952
PV-005602262979	28.004	PV-005602262979 28.004
PV-005602958565	28.978	PV-005602958565 28.978
PV-005602958566	30.462	PV-005602958566 30.462
PV-005602958567	29.628	PV-005602958567 29.628
PV-005603064290	28.992	PV-005603064290 28.992
PV-005603179167	31.798	PV-005603179167 31.798
PV-005603579808	31.975	PV-005603579808 31.975
PV-005603778092	25.542	PV-005603778092 25.542
PV-005604167879	29.911	PV-005604167879 29.911
PV-005604239735	25.927	PV-005604239735 25.927
PV-005604516754	28.967	PV-005604516754 28.967
PV-005604883325	26.39	PV-005604883325 26.390
PV-005604903906	25.902	PV-005604903906 25.902
PV-005605053749	30.943	PV-005605053749 30.943
PV-005605354288	28.497	PV-005605354288 28.497
PV-005605843975	31.74	PV-005605843975 31.740
PV-005606634212	28.829	PV-005606634212 28.829
PV-005607190036	27.49	PV-005607190036 27.490
PV-005607229494	26.762	PV-005607229494 26.762
PV-005607232598	25.417	PV-005607232598 25.417
PV-005607362734	26.666	PV-005607362734 26.666
PV-005607437151	27.843	PV-005607437151 27.843
PV-005607437152	27.163	PV-005607437152 27.163
PV-005607488649	29.041	PV-005607488649 29.041
PV-005607488650	28.504	PV-005607488650 28.504
PV-005607488651	30.174	PV-005607488651 30.174
PV-005607494878	30.767	PV-005607494878 30.767
PV-005607563879	30.131	PV-005607563879 30.131
PV-005607798817	27.949	PV-005607798817 27.949
PV-005607868613	29.935	PV-005607868613 29.935
PV-005608072264	25.693	PV-005608072264 25.693
PV-005608412020	30.389	PV-005608412020 30.389
PV-005608412021	27.967	PV-005608412021 27.967
PV-005608412022	30.003	PV-005608412022 30.003
PV-005609065823	30.146	PV-005609065823 30.146
PV-005609534744	25.568	PV-005609534744 25.568
PV-005609699148	30.691	PV-005609699148 30.691
PV-005609910885	26.003	PV-005609910885 26.003
PV-005610080458	29.198	PV-005610080458 29.198
PV-005610132176	30.111	PV-005610132176 30.111
PV-005610216690	29.292	PV-005610216690 29.292
PV-005610216691	29.149	PV-005610216691 29.149
PV-005610216692	28.992	PV-005610216692 28.992
PV-005610474067	29.58	PV-005610474067 29.580
PV-005611230227	29.665	PV-005611230227 29.665
PV-005611239469	29.89	PV-005611239469 29.890
PV-005611239470	29.877	PV-005611239470 29.877
PV-005611239471	29.032	PV-005611239471 29.032
PV-005611240028	27.053	PV-005611240028 27.053
PV-005612225424	26.837	PV-005612225424 26.837
PV-005612321388	26.15	PV-005612321388 26.150
PV-005612597762	31.474	PV-005612597762 31.474
PV-005612597763	29.681	PV-005612597763 29.681
PV-005612797167	29.612	PV-005612797167 29.612
PV-005612929018	30.146	PV-005612929018 30.146
PV-005612929019	26.886	PV-005612929019 26.886
PV-005613154928	30.267	PV-005613154928 30.267
PV-005613581301	30.967	PV-005613581301 30.967
PV-005613857951	26.599	PV-005613857951 26.599
PV-005614940282	29.484	PV-005614940282 29.484
PV-005614967755	25.647	PV-005614967755 25.647
PV-005615512579	29.247	PV-005615512579 29.247
PV-005615512580	30.188	PV-005615512580 30.188
PV-005615532584	32.389	PV-005615532584 32.389
PV-005615572287	30.461	PV-005615572287 30.461
PV-005615774884	30.124	PV-005615774884 30.124
PV-005616045622	30.616	PV-005616045622 30.616
PV-005616159844	29.553	PV-005616159844 29.553
PV-005616159845	30.984	PV-005616159845 30.984
PV-005616325600	29.144	PV-005616325600 29.144
PV-005616617683	28.699	PV-005616617683 28.699
PV-005616695267	26.143	PV-005616695267 26.143
PV-005616695268	30.762	PV-005616695268 30.762
PV-005616695269	26.36	PV-005616695269 26.360
PV-005616814849	28.723	PV-005616814849 28.723
PV-005617373344	30.914	PV-005617373344 30.914
PV-005617373345	28.981	PV-005617373345 28.981
PV-005617373346	29.004	PV-005617373346 29.004
PV-005617687311	31.277	PV-005617687311 31.277
PV-005617907263	28.97	PV-005617907263 28.970
PV-005618034138	26.716	PV-005618034138 26.716
PV-005618671512	31.387	PV-005618671512 31.387
PV-005618671513	29.345	PV-005618671513 29.345
PV-005618739025	30.328	PV-005618739025 30.328
PV-005618916392	31.42	PV-005618916392 31.420
PV-005618916393	29.143	PV-005618916393 29.143
PV-005619151549	30.388	PV-005619151549 30.388
PV-005619459411	28.731	PV-005619459411 28.731
PV-005619665811	25.504	PV-005619665811 25.504
PV-005619780766	26.401	PV-005619780766 26.401
PV-005619780767	28.567	PV-005619780767 28.567
PV-005619780768	25.803	PV-005619780768 25.803
PV-005620144516	28.963	PV-005620144516 28.963
PV-005620501748	31.281	PV-005620501748 31.281
PV-005621029279	28.868	PV-005621029279 28.868
PV-005621249601	28.655	PV-005621249601 28.655
PV-005621283630	30.677	PV-005621283630 30.677
PV-005621643142	31.922	PV-005621643142 31.922
PV-005621845194	31.207	PV-005621845194 31.207
PV-005622043012	31.888	PV-005622043012 31.888
PV-005622501975	31.252	PV-005622501975 31.252
PV-005622851444	29.358	PV-005622851444 29.358
PV-005623577389	31.798	PV-005623577389 31.798
PV-005623878852	30.947	PV-005623878852 30.947
PV-005624238719	31.573	PV-005624238719 31.573
PV-005624303413	31.135	PV-005624303413 31.135
PV-005624431855	28.444	PV-005624431855 28.444
PV-005624689972	29.3	PV-005624689972 29.300
PV-005624689973	25.838	PV-005624689973 25.838
PV-005624689974	29.352	PV-005624689974 29.352
PV-005625361644	30.072	PV-005625361644 30.072
PV-005625698449	26.44	PV-005625698449 26.440
PV-005625698450	29.774	PV-005625698450 29.774
PV-005625698451	26.351	PV-005625698451 26.351
PV-005625874993	28.815	PV-005625874993 28.815
PV-005626098755	32.061	PV-005626098755 32.061
PV-005627270588	29.756	PV-005627270588 29.756
PV-005628162388	30.392	PV-005628162388 30.392
PV-005628169459	31.11	PV-005628169459 31.110
PV-005628240471	29.374	PV-005628240471 29.374
PV-005628420622	27.651	PV-005628420622 27.651
PV-005628969236	25.479	PV-005628969236 25.479
PV-005629834244	26.769	PV-005629834244 26.769
PV-005630153305	26.385	PV-005630153305 26.385
PV-005630308023	29.186	PV-005630308023 29.186
PV-005630528453	26.548	PV-005630528453 26.548
PV-005631033833	26.88	PV-005631033833 26.880
PV-005631416266	30.907	PV-005631416266 30.907
PV-005632013862	31.886	PV-005632013862 31.886
PV-005632125776	31.231	PV-005632125776 31.231
PV-005632251352	31.198	PV-005632251352 31.198
PV-005632450774	30.666	PV-005632450774 30.666
PV-005633245604	30.55	PV-005633245604 30.550
PV-005633761752	30.26	PV-005633761752 30.260
PV-005633974607	30.049	PV-005633974607 30.049
PV-005633974608	26.324	PV-005633974608 26.324
PV-005633974609	28.089	PV-005633974609 28.089
PV-005634784232	31.712	PV-005634784232 31.712
PV-005634961914	29.193	PV-005634961914 29.193
PV-005635053408	29.665	PV-005635053408 29.665
PV-005635422630	29.731	PV-005635422630 29.731
PV-005635537482	30.288	PV-005635537482 30.288
PV-005635689579	30.598	PV-005635689579 30.598
PV-005635689580	30.568	PV-005635689580 30.568
PV-005636038628	29.203	PV-005636038628 29.203
PV-005636358347	31.684	PV-005636358347 31.684
PV-005636358348	30.541	PV-005636358348 30.541
PV-005636556501	28.822	PV-005636556501 28.822
PV-005636565360	26.734	PV-005636565360 26.734
PV-005636905592	31.028	PV-005636905592 31.028
PV-005636959208	27.263	PV-005636959208 27.263
PV-005636979729	31.431	PV-005636979729 31.431
PV-005637084388	28.748	PV-005637084388 28.748
PV-005637292140	29.855	PV-005637292140 29.855
PV-005637417523	28.571	PV-005637417523 28.571
PV-005637637834	29.924	PV-005637637834 29.924
PV-005637797911	26.159	PV-005637797911 26.159
PV-005637818037	28.487	PV-005637818037 28.487
PV-005637848758	31.511	PV-005637848758 31.511
PV-005637863673	25.877	PV-005637863673 25.877
PV-005637906368	29.614	PV-005637906368 29.614
PV-005637966813	25.991	PV-005637966813 25.991
PV-005638302818	26.348	PV-005638302818 26.348
PV-005638302819	31.456	PV-005638302819 31.456
PV-005638469996	31.452	PV-005638469996 31.452
PV-005638557237	27.846	PV-005638557237 27.846
PV-005638709402	30.589	PV-005638709402 30.589
PV-005639170634	26.88	PV-005639170634 26.880
PV-005639170635	29.472	PV-005639170635 29.472
PV-005639850390	27.02	PV-005639850390 27.020
PV-005640069947	28.01	PV-005640069947 28.010
PV-005640733759	29.633	PV-005640733759 29.633
PV-005641308233	27.506	PV-005641308233 27.506
PV-005641311899	28.561	PV-005641311899 28.561
PV-005641355265	27.977	PV-005641355265 27.977
PV-005641615193	30.606	PV-005641615193 30.606
PV-005641615194	30.123	PV-005641615194 30.123
PV-005641615195	29.153	PV-005641615195 29.153
PV-005642512949	30.33	PV-005642512949 30.330
PV-005642556657	27.32	PV-005642556657 27.320
PV-005642684352	29.283	PV-005642684352 29.283
PV-005642744206	28.777	PV-005642744206 28.777
PV-005643253323	30.18	PV-005643253323 30.180
PV-005643481819	26.462	PV-005643481819 26.462
PV-005643481820	29.241	PV-005643481820 29.241
PV-005643481821	30.529	PV-005643481821 30.529
PV-005643680767	30.036	PV-005643680767 30.036
PV-005643680768	26.694	PV-005643680768 26.694
PV-005643974548	30.424	PV-005643974548 30.424
PV-005644297822	28.495	PV-005644297822 28.495
PV-005644421181	30.88	PV-005644421181 30.880
PV-005644627765	30.998	PV-005644627765 30.998
PV-005644755215	31.213	PV-005644755215 31.213
PV-005644769342	30.136	PV-005644769342 30.136
PV-005644882788	28.948	PV-005644882788 28.948
PV-005644882789	29.462	PV-005644882789 29.462
PV-005644900349	28.094	PV-005644900349 28.094
PV-005644911994	30.876	PV-005644911994 30.876
PV-005645361170	30.973	PV-005645361170 30.973
PV-005647451080	30.821	PV-005647451080 30.821
PV-005647451081	31.573	PV-005647451081 31.573
PV-005647451082	30.214	PV-005647451082 30.214
PV-005647611497	28.789	PV-005647611497 28.789
PV-005648024604	29.662	PV-005648024604 29.662
PV-005648024605	28.118	PV-005648024605 28.118
PV-005648024606	29.904	PV-005648024606 29.904
PV-005648420130	31.913	PV-005648420130 31.913
PV-005648593729	32.118	PV-005648593729 32.118
PV-005648683390	31.479	PV-005648683390 31.479
PV-005648683391	30.131	PV-005648683391 30.131
PV-005648683392	27.303	PV-005648683392 27.303
PV-005648720374	30.174	PV-005648720374 30.174
PV-005648832907	28.967	PV-005648832907 28.967
PV-005648853383	31.08	PV-005648853383 31.080
PV-005649191566	28.898	PV-005649191566 28.898
PV-005649827379	29.788	PV-005649827379 29.788
PV-005650151336	31.21	PV-005650151336 31.210
PV-005650717383	30.118	PV-005650717383 30.118
PV-005652015904	29.236	PV-005652015904 29.236
PV-005652180241	29.674	PV-005652180241 29.674
PV-005652194730	30.226	PV-005652194730 30.226
PV-005652840650	29.535	PV-005652840650 29.535
PV-005653593201	28.224	PV-005653593201 28.224
PV-005653770749	31.229	PV-005653770749 31.229
PV-005653770750	27.581	PV-005653770750 27.581
PV-005653770751	30.538	PV-005653770751 30.538
PV-005654148754	28.833	PV-005654148754 28.833
PV-005654357881	29.684	PV-005654357881 29.684
PV-005654357882	26.203	PV-005654357882 26.203
PV-005654607415	29.702	PV-005654607415 29.702
PV-005654627912	30.166	PV-005654627912 30.166
PV-005654748623	26.841	PV-005654748623 26.841
PV-005654752230	29.246	PV-005654752230 29.246
PV-005654838193	31.606	PV-005654838193 31.606
PV-005655533417	30.308	PV-005655533417 30.308
PV-005655533418	26.07	PV-005655533418 26.070
PV-005655719660	29.661	PV-005655719660 29.661
PV-005655719661	29.408	PV-005655719661 29.408
PV-005655719662	26.321	PV-005655719662 26.321
PV-005656417247	30.405	PV-005656417247 30.405
PV-005656491232	28.024	PV-005656491232 28.024
PV-005656582023	29.105	PV-005656582023 29.105
PV-005656582024	30.67	PV-005656582024 30.670
PV-005656645785	27.253	PV-005656645785 27.253
PV-005657020917	27.499	PV-005657020917 27.499
PV-005657020918	29.983	PV-005657020918 29.983
PV-005657020919	31.132	PV-005657020919 31.132
PV-005657054332	26.355	PV-005657054332 26.355
PV-005657890504	29.853	PV-005657890504 29.853
PV-005657890505	29.824	PV-005657890505 29.824
PV-005657958447	25.808	PV-005657958447 25.808
PV-005658192393	26.266	PV-005658192393 26.266
PV-005658192394	31.375	PV-005658192394 31.375
PV-005658192395	27.208	PV-005658192395 27.208
PV-005658414321	27.982	PV-005658414321 27.982
PV-005658469820	25.664	PV-005658469820 25.664
PV-005658469821	29.221	PV-005658469821 29.221
PV-005658753239	30.597	PV-005658753239 30.597
PV-005658781466	31.001	PV-005658781466 31.001
PV-005659085853	31.699	PV-005659085853 31.699
PV-005659110789	30.438	PV-005659110789 30.438
PV-005659388409	29.823	PV-005659388409 29.823
PV-005660062869	26.815	PV-005660062869 26.815
PV-005660208540	30.074	PV-005660208540 30.074
PV-005661359677	25.469	PV-005661359677 25.469
PV-005661703448	31.406	PV-005661703448 31.406
PV-005661792186	26.873	PV-005661792186 26.873
PV-005661854619	30.521	PV-005661854619 30.521
PV-005662521823	27.21	PV-005662521823 27.210
PV-005662521824	31.212	PV-005662521824 31.212
PV-005662531962	31.233	PV-005662531962 31.233
PV-005662905710	31.632	PV-005662905710 31.632
PV-005662958994	28.359	PV-005662958994 28.359
PV-005663186372	29.677	PV-005663186372 29.677
PV-005663270592	30.468	PV-005663270592 30.468
PV-005663507837	28.443	PV-005663507837 28.443
PV-005663692171	26.459	PV-005663692171 26.459
PV-005663846253	27.136	PV-005663846253 27.136
PV-005664488992	27.643	PV-005664488992 27.643
PV-005664688197	31.054	PV-005664688197 31.054
PV-005664761855	30.756	PV-005664761855 30.756
PV-005664822958	28.889	PV-005664822958 28.889
PV-005664905441	29.018	PV-005664905441 29.018
PV-005665673857	29.144	PV-005665673857 29.144
PV-005665789403	30.017	PV-005665789403 30.017
PV-005666695073	30.679	PV-005666695073 30.679
PV-005667243901	30.701	PV-005667243901 30.701
PV-005667649200	30.785	PV-005667649200 30.785
PV-005668021004	26.645	PV-005668021004 26.645
PV-005668524165	29.576	PV-005668524165 29.576
PV-005668770238	29.002	PV-005668770238 29.002
PV-005668770239	29.485	PV-005668770239 29.485
PV-005668770240	29.866	PV-005668770240 29.866
PV-005668770241	28.463	PV-005668770241 28.463
PV-005668770242	28.88	PV-005668770242 28.880
PV-005668770243	30.992	PV-005668770243 30.992
PV-005669170093	30.806	PV-005669170093 30.806
PV-005670402017	29.125	PV-005670402017 29.125
PV-005671277693	27.892	PV-005671277693 27.892
PV-005671797645	29.272	PV-005671797645 29.272
PV-005671918794	29.148	PV-005671918794 29.148
PV-005672020716	29.76	PV-005672020716 29.760
PV-005672083088	29.504	PV-005672083088 29.504
PV-005672083089	29.392	PV-005672083089 29.392
PV-005672095564	30.309	PV-005672095564 30.309
PV-005672256518	31.771	PV-005672256518 31.771
PV-005673324401	30.659	PV-005673324401 30.659
PV-005673500039	31.209	PV-005673500039 31.209
PV-005673500040	31.662	PV-005673500040 31.662
PV-005673739777	27.581	PV-005673739777 27.581
PV-005673739778	25.446	PV-005673739778 25.446
PV-005673739779	29.168	PV-005673739779 29.168
PV-005674173452	27.023	PV-005674173452 27.023
PV-005674614019	31.443	PV-005674614019 31.443
PV-005674817413	31.791	PV-005674817413 31.791
PV-005675081458	29.892	PV-005675081458 29.892
PV-005675469482	30.024	PV-005675469482 30.024
PV-005675894841	29.896	PV-005675894841 29.896
PV-005675963930	28.654	PV-005675963930 28.654
PV-005675989904	29.578	PV-005675989904 29.578
PV-005675989905	29.643	PV-005675989905 29.643
PV-005675989906	30.155	PV-005675989906 30.155
PV-005676274496	31.118	PV-005676274496 31.118
PV-005676754337	29.341	PV-005676754337 29.341
PV-005676868740	27.075	PV-005676868740 27.075
PV-005677385609	29.318	PV-005677385609 29.318
PV-005677385610	31.307	PV-005677385610 31.307
PV-005677385611	28.523	PV-005677385611 28.523
PV-005677528365	28.258	PV-005677528365 28.258
PV-005677528366	31.103	PV-005677528366 31.103
PV-005677528367	31.262	PV-005677528367 31.262
PV-005677577861	25.816	PV-005677577861 25.816
PV-005678160759	28.869	PV-005678160759 28.869
PV-005678431290	29.425	PV-005678431290 29.425
PV-005678505807	31.108	PV-005678505807 31.108
PV-005678633517	31.86	PV-005678633517 31.860
PV-005678765469	27.624	PV-005678765469 27.624
PV-005678765470	30.364	PV-005678765470 30.364
PV-005678765471	30.807	PV-005678765471 30.807
PV-005678818162	26.016	PV-005678818162 26.016
PV-005679614883	28.483	PV-005679614883 28.483
PV-005679667423	28.676	PV-005679667423 28.676
PV-005680012610	29.728	PV-005680012610 29.728
PV-005680012611	27.316	PV-005680012611 27.316
PV-005680012612	30.244	PV-005680012612 30.244
PV-005680303893	29.568	PV-005680303893 29.568
PV-005680377164	26.036	PV-005680377164 26.036
PV-005680532109	25.397	PV-005680532109 25.397
PV-005680601211	30.368	PV-005680601211 30.368
PV-005680621363	30.47	PV-005680621363 30.470
PV-005681080173	29.589	PV-005681080173 29.589
PV-005681215108	28.134	PV-005681215108 28.134
PV-005681215109	30.088	PV-005681215109 30.088
PV-005681215110	28.736	PV-005681215110 28.736
PV-005681477479	25.885	PV-005681477479 25.885
PV-005681585531	26.489	PV-005681585531 26.489
PV-005681862067	31.362	PV-005681862067 31.362
PV-005681945707	26.9	PV-005681945707 26.900
PV-005682178787	27.328	PV-005682178787 27.328
PV-005682178788	28.854	PV-005682178788 28.854
PV-005682410172	28.426	PV-005682410172 28.426
PV-005682613823	29.805	PV-005682613823 29.805
PV-005682635716	28.156	PV-005682635716 28.156
PV-005682677437	28.972	PV-005682677437 28.972
PV-005682858530	27.333	PV-005682858530 27.333
PV-005682984841	30.267	PV-005682984841 30.267
PV-005683278897	26.836	PV-005683278897 26.836
PV-005684143918	29.645	PV-005684143918 29.645
PV-005684563414	28.347	PV-005684563414 28.347
PV-005684737189	29.487	PV-005684737189 29.487
PV-005684737190	31.408	PV-005684737190 31.408
PV-005684771760	26.545	PV-005684771760 26.545
PV-005684885436	30.646	PV-005684885436 30.646
PV-005684985874	29.861	PV-005684985874 29.861
PV-005684985875	29.127	PV-005684985875 29.127
PV-005685034016	28.008	PV-005685034016 28.008
PV-005685449170	30.938	PV-005685449170 30.938
PV-005685494032	30.025	PV-005685494032 30.025
PV-005686134419	31.124	PV-005686134419 31.124
PV-005686880096	26.206	PV-005686880096 26.206
PV-005686911006	27.828	PV-005686911006 27.828
PV-005687191543	28.91	PV-005687191543 28.910
PV-005687194444	31.121	PV-005687194444 31.121
PV-005687447737	26.912	PV-005687447737 26.912
PV-005687864446	30.654	PV-005687864446 30.654
PV-005687864447	30.059	PV-005687864447 30.059
PV-005688032355	25.94	PV-005688032355 25.940
PV-005688032447	29.639	PV-005688032447 29.639
PV-005688195612	32.969	PV-005688195612 32.969
PV-005688598596	32.172	PV-005688598596 32.172
PV-005688652698	31.814	PV-005688652698 31.814
PV-005689362374	25.411	PV-005689362374 25.411
PV-005689387459	26.541	PV-005689387459 26.541
PV-005689724031	28.598	PV-005689724031 28.598
PV-005690068285	32.47	PV-005690068285 32.470
PV-005690476830	31.024	PV-005690476830 31.024
PV-005690611841	29.047	PV-005690611841 29.047
PV-005691409433	31.233	PV-005691409433 31.233
PV-005691447677	30.41	PV-005691447677 30.410
PV-005691673876	27.404	PV-005691673876 27.404
PV-005691796944	27.981	PV-005691796944 27.981
PV-005692236501	27.383	PV-005692236501 27.383
PV-005692372662	26.842	PV-005692372662 26.842
PV-005692372663	29.838	PV-005692372663 29.838
PV-005692558557	30.461	PV-005692558557 30.461
PV-005693091211	26.877	PV-005693091211 26.877
PV-005693095799	26.274	PV-005693095799 26.274
PV-005693606766	26.766	PV-005693606766 26.766
PV-005693622387	32.119	PV-005693622387 32.119
PV-005694391760	31.329	PV-005694391760 31.329
PV-005694475064	27.112	PV-005694475064 27.112
PV-005694691955	29.545	PV-005694691955 29.545
PV-005694924567	31.979	PV-005694924567 31.979
PV-005694960483	29.864	PV-005694960483 29.864
PV-005695005935	28.978	PV-005695005935 28.978
PV-005695177103	31.239	PV-005695177103 31.239
PV-005695538937	27.246	PV-005695538937 27.246
PV-005695721246	29.988	PV-005695721246 29.988
PV-005695909163	27.147	PV-005695909163 27.147
PV-005696139136	29.758	PV-005696139136 29.758
PV-005696139137	30.531	PV-005696139137 30.531
PV-005696139138	27.836	PV-005696139138 27.836
PV-005696372699	26.74	PV-005696372699 26.740
PV-005696372700	28.802	PV-005696372700 28.802
PV-005696540959	27.924	PV-005696540959 27.924
PV-005696977709	29.857	PV-005696977709 29.857
PV-005697001949	27.044	PV-005697001949 27.044
PV-005697239134	29.331	PV-005697239134 29.331
PV-005697308902	30.2	PV-005697308902 30.200
PV-005697370567	25.787	PV-005697370567 25.787
PV-005697885196	31.854	PV-005697885196 31.854
PV-005699393545	29.245	PV-005699393545 29.245
PV-005700281017	29.937	PV-005700281017 29.937
PV-005700281018	29.876	PV-005700281018 29.876
PV-005700281019	27.198	PV-005700281019 27.198
PV-005700446231	31.161	PV-005700446231 31.161
PV-005700789558	28.941	PV-005700789558 28.941
PV-005701829061	29.495	PV-005701829061 29.495
PV-005702057975	27.281	PV-005702057975 27.281
PV-005702443614	29.605	PV-005702443614 29.605
PV-005702528142	31.323	PV-005702528142 31.323
PV-005702815852	30.55	PV-005702815852 30.550
PV-005702833670	26.733	PV-005702833670 26.733
PV-005703413589	29.371	PV-005703413589 29.371
PV-005703813297	26.692	PV-005703813297 26.692
PV-005703909132	27.896	PV-005703909132 27.896
PV-005703928939	28.079	PV-005703928939 28.079
PV-005704381171	28.619	PV-005704381171 28.619
PV-005704530061	29.557	PV-005704530061 29.557
PV-005704730106	30.667	PV-005704730106 30.667
PV-005704730107	27.674	PV-005704730107 27.674
PV-005704730108	32.696	PV-005704730108 32.696
PV-005704750768	29.91	PV-005704750768 29.910
PV-005705142750	31.096	PV-005705142750 31.096
PV-005706028410	31.315	PV-005706028410 31.315
PV-005706273577	26.219	PV-005706273577 26.219
PV-005706273578	30.497	PV-005706273578 30.497
PV-005706273579	31.71	PV-005706273579 31.710
PV-005706445421	27.602	PV-005706445421 27.602
PV-005706554810	26.233	PV-005706554810 26.233
PV-005706687727	31.487	PV-005706687727 31.487
PV-005706861368	29.177	PV-005706861368 29.177
PV-005706913617	27.28	PV-005706913617 27.280
PV-005706921252	32.304	PV-005706921252 32.304
PV-005706931154	26.203	PV-005706931154 26.203
PV-005707003322	27.308	PV-005707003322 27.308
PV-005707146172	30.847	PV-005707146172 30.847
PV-005707867569	30.627	PV-005707867569 30.627
PV-005709196378	26.098	PV-005709196378 26.098
PV-005709477818	31.746	PV-005709477818 31.746
PV-005709506310	29.16	PV-005709506310 29.160
PV-005709506311	26.455	PV-005709506311 26.455
PV-005709506312	27.656	PV-005709506312 27.656
PV-005709724801	28.885	PV-005709724801 28.885
PV-005709854351	30.318	PV-005709854351 30.318
PV-005709854352	29.995	PV-005709854352 29.995
PV-005711004639	31.123	PV-005711004639 31.123
PV-005711977608	29.114	PV-005711977608 29.114
PV-005712228754	26.42	PV-005712228754 26.420
PV-005712228755	31.01	PV-005712228755 31.010
PV-005712228756	27.517	PV-005712228756 27.517
PV-005712451316	29.511	PV-005712451316 29.511
PV-005712504427	29.453	PV-005712504427 29.453
PV-005712792581	26.165	PV-005712792581 26.165
PV-005713740323	29.692	PV-005713740323 29.692
PV-005713740324	29.138	PV-005713740324 29.138
PV-005713779537	30.287	PV-005713779537 30.287
PV-005714345989	28.786	PV-005714345989 28.786
PV-005714396604	30.547	PV-005714396604 30.547
PV-005714517236	28.453	PV-005714517236 28.453
PV-005714517237	29.377	PV-005714517237 29.377
PV-005714682217	30.171	PV-005714682217 30.171
PV-005714853057	25.777	PV-005714853057 25.777
PV-005714983932	28.651	PV-005714983932 28.651
PV-005715822393	30.74	PV-005715822393 30.740
PV-005715822394	29.984	PV-005715822394 29.984
PV-005715822395	26.529	PV-005715822395 26.529
PV-005716389626	29.071	PV-005716389626 29.071
PV-005716497028	27.747	PV-005716497028 27.747
PV-005716497029	25.504	PV-005716497029 25.504
PV-005716497030	28.063	PV-005716497030 28.063
PV-005717759491	26.426	PV-005717759491 26.426
PV-005718039047	29.516	PV-005718039047 29.516
PV-005718573324	27.932	PV-005718573324 27.932
PV-005718749824	26.481	PV-005718749824 26.481
PV-005718954916	29.971	PV-005718954916 29.971
PV-005718954917	31.618	PV-005718954917 31.618
PV-005719076533	29.928	PV-005719076533 29.928
PV-005719076534	28.096	PV-005719076534 28.096
PV-005719076535	30.886	PV-005719076535 30.886
PV-005719095284	29.094	PV-005719095284 29.094
PV-005719830671	26.506	PV-005719830671 26.506
PV-005719932917	31.197	PV-005719932917 31.197
PV-005719944563	25.725	PV-005719944563 25.725
PV-005719954808	29.838	PV-005719954808 29.838
PV-005720067796	28.437	PV-005720067796 28.437
PV-005720588614	29.993	PV-005720588614 29.993
PV-005720588615	28.766	PV-005720588615 28.766
PV-005720588616	29.072	PV-005720588616 29.072
PV-005720735797	30.822	PV-005720735797 30.822
PV-005721126249	29.775	PV-005721126249 29.775
PV-005721438304	31.01	PV-005721438304 31.010
PV-005722441288	30.479	PV-005722441288 30.479
PV-005723062085	28.164	PV-005723062085 28.164
PV-005723222753	30.899	PV-005723222753 30.899
PV-005723252584	31.196	PV-005723252584 31.196
PV-005723252585	26.722	PV-005723252585 26.722
PV-005723252586	30.335	PV-005723252586 30.335
PV-005723331264	32.452	PV-005723331264 32.452
PV-005723502373	28.714	PV-005723502373 28.714
PV-005723990249	29.936	PV-005723990249 29.936
PV-005724059816	28.906	PV-005724059816 28.906
PV-005724059817	31.176	PV-005724059817 31.176
PV-005724473016	28.912	PV-005724473016 28.912
PV-005724473017	31.951	PV-005724473017 31.951
PV-005724821731	31.389	PV-005724821731 31.389
PV-005725662816	26.645	PV-005725662816 26.645
PV-005726573806	29.127	PV-005726573806 29.127
PV-005726711389	29.993	PV-005726711389 29.993
PV-005726732797	31.414	PV-005726732797 31.414
PV-005726898682	28.082	PV-005726898682 28.082
PV-005726943341	25.972	PV-005726943341 25.972
PV-005726943342	30.831	PV-005726943342 30.831
PV-005727178474	26.246	PV-005727178474 26.246
PV-005727279802	29.424	PV-005727279802 29.424
PV-005727458467	30.483	PV-005727458467 30.483
PV-005727798859	30.047	PV-005727798859 30.047
PV-005728021759	27.405	PV-005728021759 27.405
PV-005728186084	29.251	PV-005728186084 29.251
PV-005728351293	28.615	PV-005728351293 28.615
PV-005728351294	31.755	PV-005728351294 31.755
PV-005728351295	28.676	PV-005728351295 28.676
PV-005728504570	27.463	PV-005728504570 27.463
PV-005728550525	29.515	PV-005728550525 29.515
PV-005728550526	25.806	PV-005728550526 25.806
PV-005728807340	28.962	PV-005728807340 28.962
PV-005728807341	29.198	PV-005728807341 29.198
PV-005728807342	31.789	PV-005728807342 31.789
PV-005729736647	25.275	PV-005729736647 25.275
PV-005729736648	30.742	PV-005729736648 30.742
PV-005729844360	29.479	PV-005729844360 29.479
PV-005730092262	29.441	PV-005730092262 29.441
PV-005730139795	27.156	PV-005730139795 27.156
PV-005730427887	28.914	PV-005730427887 28.914
PV-005730661416	27.072	PV-005730661416 27.072
PV-005730856720	28.341	PV-005730856720 28.341
PV-005731216549	28.472	PV-005731216549 28.472
PV-005731815314	29.724	PV-005731815314 29.724
PV-005732010840	26.847	PV-005732010840 26.847
PV-005732046113	30.889	PV-005732046113 30.889
PV-005732655266	29.604	PV-005732655266 29.604
PV-005734025411	29.555	PV-005734025411 29.555
PV-005734025412	30.676	PV-005734025412 30.676
PV-005734183229	26.873	PV-005734183229 26.873
PV-005734398235	29.801	PV-005734398235 29.801
PV-005734799910	31.122	PV-005734799910 31.122
PV-005734799911	30.408	PV-005734799911 30.408
PV-005735565845	27.214	PV-005735565845 27.214
PV-005735892973	25.747	PV-005735892973 25.747
PV-005736955625	29.568	PV-005736955625 29.568
PV-005737025773	30.187	PV-005737025773 30.187
PV-005737147065	28.271	PV-005737147065 28.271
PV-005737162979	25.981	PV-005737162979 25.981
PV-005737379959	27.373	PV-005737379959 27.373
PV-005738170309	29.543	PV-005738170309 29.543
PV-005738376926	30.213	PV-005738376926 30.213
PV-005738761912	29.299	PV-005738761912 29.299
PV-005738888166	27.9	PV-005738888166 27.900
PV-005739063966	29.112	PV-005739063966 29.112
PV-005739565446	29.79	PV-005739565446 29.790
PV-005739565447	29.472	PV-005739565447 29.472
PV-005739644680	27.76	PV-005739644680 27.760
PV-005740050965	28.543	PV-005740050965 28.543
PV-005740109556	29.131	PV-005740109556 29.131
PV-005740152317	25.622	PV-005740152317 25.622
PV-005740314162	30.35	PV-005740314162 30.350
PV-005740314163	28.523	PV-005740314163 28.523
PV-005740314164	28.506	PV-005740314164 28.506
PV-005740542570	27.119	PV-005740542570 27.119
PV-005740823489	26.647	PV-005740823489 26.647
PV-005740930087	31.484	PV-005740930087 31.484
PV-005741655594	31.24	PV-005741655594 31.240
PV-005742093496	28.814	PV-005742093496 28.814
PV-005742313043	29.399	PV-005742313043 29.399
PV-005742874102	27.855	PV-005742874102 27.855
PV-005743592007	29.843	PV-005743592007 29.843
PV-005745687779	30.617	PV-005745687779 30.617
PV-005745980456	30.574	PV-005745980456 30.574
PV-005746162647	29.005	PV-005746162647 29.005
PV-005747059500	26.452	PV-005747059500 26.452
PV-005747139733	30.874	PV-005747139733 30.874
PV-005747322043	26.258	PV-005747322043 26.258
PV-005747373445	31.269	PV-005747373445 31.269
PV-005747719903	29.06	PV-005747719903 29.060
PV-005747855995	29.546	PV-005747855995 29.546
PV-005747892367	29.285	PV-005747892367 29.285
PV-005747956823	27.281	PV-005747956823 27.281
PV-005748042541	26.986	PV-005748042541 26.986
PV-005748190402	30.619	PV-005748190402 30.619
PV-005748190403	29.09	PV-005748190403 29.090
PV-005748190404	30.435	PV-005748190404 30.435
PV-005748394253	31.523	PV-005748394253 31.523
PV-005748445970	31.428	PV-005748445970 31.428
PV-005748743916	28.113	PV-005748743916 28.113
PV-005749631445	26.011	PV-005749631445 26.011
PV-005749720141	31.655	PV-005749720141 31.655
PV-005749737757	26.037	PV-005749737757 26.037
PV-005749737758	29.175	PV-005749737758 29.175
PV-005749737759	29.442	PV-005749737759 29.442
PV-005749853900	30.486	PV-005749853900 30.486
PV-005751021700	29.355	PV-005751021700 29.355
PV-005751278847	30.023	PV-005751278847 30.023
PV-005751621361	26.36	PV-005751621361 26.360
PV-005752368072	29.734	PV-005752368072 29.734
PV-005752518202	30.605	PV-005752518202 30.605
PV-005753022296	29.199	PV-005753022296 29.199
PV-005753411083	29.088	PV-005753411083 29.088
PV-005753818986	26.903	PV-005753818986 26.903
PV-005754590193	27.152	PV-005754590193 27.152
PV-005754742241	26.954	PV-005754742241 26.954
PV-005754934556	30.898	PV-005754934556 30.898
PV-005756029299	28.371	PV-005756029299 28.371
PV-005756077341	27.993	PV-005756077341 27.993
PV-005756642247	28.088	PV-005756642247 28.088
PV-005757260310	25.88	PV-005757260310 25.880
PV-005757473546	25.696	PV-005757473546 25.696
PV-005757922842	28.539	PV-005757922842 28.539
PV-005758258901	29.348	PV-005758258901 29.348
PV-005758443451	30.356	PV-005758443451 30.356
PV-005758443452	30.854	PV-005758443452 30.854
PV-005758543751	30.89	PV-005758543751 30.890
PV-005758543752	30.157	PV-005758543752 30.157
PV-005758543753	26.008	PV-005758543753 26.008
PV-005758562279	29.138	PV-005758562279 29.138
PV-005758786455	27.529	PV-005758786455 27.529
PV-005759435236	29.908	PV-005759435236 29.908
PV-005759524149	31.103	PV-005759524149 31.103
PV-005759751013	26.938	PV-005759751013 26.938
PV-005759861605	29.13	PV-005759861605 29.130
PV-005760028072	27.976	PV-005760028072 27.976
PV-005760082590	29.643	PV-005760082590 29.643
PV-005760212766	29.631	PV-005760212766 29.631
PV-005760420680	25.857	PV-005760420680 25.857
PV-005760901903	31.483	PV-005760901903 31.483
PV-005761087495	26.463	PV-005761087495 26.463
PV-005761137605	30.782	PV-005761137605 30.782
PV-005761137606	30.731	PV-005761137606 30.731
PV-005761989804	28.857	PV-005761989804 28.857
PV-005762340763	28.978	PV-005762340763 28.978
PV-005762563135	30.029	PV-005762563135 30.029
PV-005762910751	31.153	PV-005762910751 31.153
PV-005763641291	29.657	PV-005763641291 29.657
PV-005763975119	25.893	PV-005763975119 25.893
PV-005764320617	29.501	PV-005764320617 29.501
PV-005764463594	31.287	PV-005764463594 31.287
PV-005764620720	28.737	PV-005764620720 28.737
PV-005765631356	28.313	PV-005765631356 28.313
PV-005765631357	26.361	PV-005765631357 26.361
PV-005765631358	30.565	PV-005765631358 30.565
PV-005766033025	32.207	PV-005766033025 32.207
PV-005766033026	27.564	PV-005766033026 27.564
PV-005766155526	28.998	PV-005766155526 28.998
PV-005767147557	31.054	PV-005767147557 31.054
PV-005767147558	29.322	PV-005767147558 29.322
PV-005767147559	27.21	PV-005767147559 27.210
PV-005768190399	27.494	PV-005768190399 27.494
PV-005768371091	27.522	PV-005768371091 27.522
PV-005768405239	31.454	PV-005768405239 31.454
PV-005768513151	28.837	PV-005768513151 28.837
PV-005768584249	29.182	PV-005768584249 29.182
PV-005768699645	26.813	PV-005768699645 26.813
PV-005768853728	25.435	PV-005768853728 25.435
PV-005768911750	26.574	PV-005768911750 26.574
PV-005769060308	29.838	PV-005769060308 29.838
PV-005769818455	29.434	PV-005769818455 29.434
PV-005769946968	30.658	PV-005769946968 30.658
PV-005770342802	26.862	PV-005770342802 26.862
PV-005770342803	27.622	PV-005770342803 27.622
PV-005770377434	31.452	PV-005770377434 31.452
PV-005770377435	29.012	PV-005770377435 29.012
PV-005770377436	27.907	PV-005770377436 27.907
PV-005770807104	27.435	PV-005770807104 27.435
PV-005770894455	30.183	PV-005770894455 30.183
PV-005771139946	29.68	PV-005771139946 29.680
PV-005771446379	29.838	PV-005771446379 29.838
PV-005771567112	29.367	PV-005771567112 29.367
PV-005771567113	31.839	PV-005771567113 31.839
PV-005771567114	29.797	PV-005771567114 29.797
PV-005771720595	26.363	PV-005771720595 26.363
PV-005771811384	30.854	PV-005771811384 30.854
PV-005771811385	28.863	PV-005771811385 28.863
PV-005771811386	31.155	PV-005771811386 31.155
PV-005772310038	29.964	PV-005772310038 29.964
PV-005772468819	28.493	PV-005772468819 28.493
PV-005772468820	30.134	PV-005772468820 30.134
PV-005772468821	29.44	PV-005772468821 29.440
PV-005772494464	31.726	PV-005772494464 31.726
PV-005772721620	29.247	PV-005772721620 29.247
PV-005772800823	26.781	PV-005772800823 26.781
PV-005772828191	26.21	PV-005772828191 26.210
PV-005772843893	31.704	PV-005772843893 31.704
PV-005773083267	31.737	PV-005773083267 31.737
PV-005773187409	25.856	PV-005773187409 25.856
PV-005773688663	29.704	PV-005773688663 29.704
PV-005773725574	28.73	PV-005773725574 28.730
PV-005773915949	29.837	PV-005773915949 29.837
PV-005774683388	27.647	PV-005774683388 27.647
PV-005775018699	29.653	PV-005775018699 29.653
PV-005775154047	30.715	PV-005775154047 30.715
PV-005775211351	31.041	PV-005775211351 31.041
PV-005775216769	25.802	PV-005775216769 25.802
PV-005775674852	31.145	PV-005775674852 31.145
PV-005775705219	30.447	PV-005775705219 30.447
PV-005775830384	26.63	PV-005775830384 26.630
PV-005775940351	32.337	PV-005775940351 32.337
PV-005776656207	29.972	PV-005776656207 29.972
PV-005776656208	26.016	PV-005776656208 26.016
PV-005777566678	26.987	PV-005777566678 26.987
PV-005777566679	28.673	PV-005777566679 28.673
PV-005777728263	31.406	PV-005777728263 31.406
PV-005777786056	31.411	PV-005777786056 31.411
PV-005777837942	25.842	PV-005777837942 25.842
PV-005778027712	28.967	PV-005778027712 28.967
PV-005778623564	30.792	PV-005778623564 30.792
PV-005778697767	30.574	PV-005778697767 30.574
PV-005778936699	29.514	PV-005778936699 29.514
PV-005779492478	25.999	PV-005779492478 25.999
PV-005779671591	30.486	PV-005779671591 30.486
PV-005780271498	30.746	PV-005780271498 30.746
PV-005780493109	26.088	PV-005780493109 26.088
PV-005780623768	26.748	PV-005780623768 26.748
PV-005780623769	26.511	PV-005780623769 26.511
PV-005780730691	26.812	PV-005780730691 26.812
PV-005780781302	26.17	PV-005780781302 26.170
PV-005780792638	31.6	PV-005780792638 31.600
PV-005781064771	31.185	PV-005781064771 31.185
PV-005781116802	26.327	PV-005781116802 26.327
PV-005781124327	29.768	PV-005781124327 29.768
PV-005781155243	26.187	PV-005781155243 26.187
PV-005781223537	28.614	PV-005781223537 28.614
PV-005781739480	28.446	PV-005781739480 28.446
PV-005781996015	29.504	PV-005781996015 29.504
PV-005782021036	30.137	PV-005782021036 30.137
PV-005783401105	27.534	PV-005783401105 27.534
PV-005783440335	26.862	PV-005783440335 26.862
PV-005783767054	31.495	PV-005783767054 31.495
PV-005784246000	31.084	PV-005784246000 31.084
PV-005784404931	27.729	PV-005784404931 27.729
PV-005784769901	30.628	PV-005784769901 30.628
PV-005785424873	30.874	PV-005785424873 30.874
PV-005785774109	29.559	PV-005785774109 29.559
PV-005785774110	25.478	PV-005785774110 25.478
PV-005785988357	28.605	PV-005785988357 28.605
PV-005786581162	29.092	PV-005786581162 29.092
PV-005786581163	28.363	PV-005786581163 28.363
PV-005786581164	28.891	PV-005786581164 28.891
PV-005786708263	28.188	PV-005786708263 28.188
PV-005786708264	29.061	PV-005786708264 29.061
PV-005786708265	27.717	PV-005786708265 27.717
PV-005786809116	30.874	PV-005786809116 30.874
PV-005786859946	26.396	PV-005786859946 26.396
PV-005786859947	31.328	PV-005786859947 31.328
PV-005786859948	32.042	PV-005786859948 32.042
PV-005787643010	29.15	PV-005787643010 29.150
PV-005787643011	30.57	PV-005787643011 30.570
PV-005787643012	26.662	PV-005787643012 26.662
PV-005788198483	28.391	PV-005788198483 28.391
PV-005788198484	27.941	PV-005788198484 27.941
PV-005788198485	29.558	PV-005788198485 29.558
PV-005789527526	30.709	PV-005789527526 30.709
PV-005789527527	31.478	PV-005789527527 31.478
PV-005789815957	29.576	PV-005789815957 29.576
PV-005790152328	29.071	PV-005790152328 29.071
PV-005790152329	29.964	PV-005790152329 29.964
PV-005790253586	29.067	PV-005790253586 29.067
PV-005790262393	30.875	PV-005790262393 30.875
PV-005790262394	27.652	PV-005790262394 27.652
PV-005790262395	29.449	PV-005790262395 29.449
PV-005791533522	30.077	PV-005791533522 30.077
PV-005791547723	25.5	PV-005791547723 25.500
PV-005791975997	31.512	PV-005791975997 31.512
PV-005792723138	29.683	PV-005792723138 29.683
PV-005793077125	27.112	PV-005793077125 27.112
PV-005793122646	28.351	PV-005793122646 28.351
PV-005793412069	31.146	PV-005793412069 31.146
PV-005793412070	29.426	PV-005793412070 29.426
PV-005793505346	30.156	PV-005793505346 30.156
PV-005793505347	29.114	PV-005793505347 29.114
PV-005793505348	30.749	PV-005793505348 30.749
PV-005793855101	26.878	PV-005793855101 26.878
PV-005793911631	28.618	PV-005793911631 28.618
PV-005793911632	29.412	PV-005793911632 29.412
PV-005793911633	26.63	PV-005793911633 26.630
PV-005794818034	29.966	PV-005794818034 29.966
PV-005794999932	28.102	PV-005794999932 28.102
PV-005796253983	29.012	PV-005796253983 29.012
PV-005796323882	26.665	PV-005796323882 26.665
PV-005796347426	32.679	PV-005796347426 32.679
PV-005796464052	30.622	PV-005796464052 30.622
PV-005796474963	26.222	PV-005796474963 26.222
PV-005796758881	28.824	PV-005796758881 28.824
PV-005797065569	26.226	PV-005797065569 26.226
PV-005797574366	31.237	PV-005797574366 31.237
PV-005797574367	29.875	PV-005797574367 29.875
PV-005797574368	30.005	PV-005797574368 30.005
PV-005797935242	26.339	PV-005797935242 26.339
PV-005798264681	28.653	PV-005798264681 28.653
PV-005798276817	28.152	PV-005798276817 28.152
PV-005798552986	27.713	PV-005798552986 27.713
PV-005798572995	30.569	PV-005798572995 30.569
PV-005798653028	29.194	PV-005798653028 29.194
PV-005798653029	31.146	PV-005798653029 31.146
PV-005798653030	28.856	PV-005798653030 28.856
PV-005799285349	26.001	PV-005799285349 26.001
PV-005799339145	31.037	PV-005799339145 31.037
PV-005799478398	29.856	PV-005799478398 29.856
PV-005799478399	27.367	PV-005799478399 27.367
PV-005799937236	30.507	PV-005799937236 30.507
PV-005800033467	29.898	PV-005800033467 29.898
PV-005800169958	30.392	PV-005800169958 30.392
PV-005800495317	25.96	PV-005800495317 25.960
PV-005800634296	28.615	PV-005800634296 28.615
PV-005800944073	31.349	PV-005800944073 31.349
PV-005800944074	26.286	PV-005800944074 26.286
PV-005801209562	25.321	PV-005801209562 25.321
PV-005801366596	27.504	PV-005801366596 27.504
PV-005801639564	25.836	PV-005801639564 25.836
PV-005801639565	29.714	PV-005801639565 29.714
PV-005801639566	26.465	PV-005801639566 26.465
PV-005801737790	27.732	PV-005801737790 27.732
PV-005802275057	29.387	PV-005802275057 29.387
PV-005802275058	30.46	PV-005802275058 30.460
PV-005802486695	30.35	PV-005802486695 30.350
PV-005802808689	30.929	PV-005802808689 30.929
PV-005802808690	30.104	PV-005802808690 30.104
PV-005802808691	27.933	PV-005802808691 27.933
PV-005803300920	27.563	PV-005803300920 27.563
PV-005803470847	26.585	PV-005803470847 26.585
PV-005803470848	26.388	PV-005803470848 26.388
PV-005803470849	29.522	PV-005803470849 29.522
PV-005804341477	26.016	PV-005804341477 26.016
PV-005804349440	27.082	PV-005804349440 27.082
PV-005804349441	29.281	PV-005804349441 29.281
PV-005804403321	28.723	PV-005804403321 28.723
PV-005804574463	28.898	PV-005804574463 28.898
PV-005804610443	27.686	PV-005804610443 27.686
PV-005804610444	28.889	PV-005804610444 28.889
PV-005804610445	26.973	PV-005804610445 26.973
PV-005804634147	32.176	PV-005804634147 32.176
PV-005805208356	29.384	PV-005805208356 29.384
PV-005805655472	29.943	PV-005805655472 29.943
PV-005806166432	29.66	PV-005806166432 29.660
PV-005806220567	30.664	PV-005806220567 30.664
PV-005806222688	31.189	PV-005806222688 31.189
PV-005806222689	29.664	PV-005806222689 29.664
PV-005806222690	27.546	PV-005806222690 27.546
PV-005806320805	30.457	PV-005806320805 30.457
PV-005806712197	29.407	PV-005806712197 29.407
PV-005807311089	29.694	PV-005807311089 29.694
PV-005807627974	29.88	PV-005807627974 29.880
PV-005808432822	27.159	PV-005808432822 27.159
PV-005808432823	26.607	PV-005808432823 26.607
PV-005808432824	26.991	PV-005808432824 26.991
PV-005808535527	32.329	PV-005808535527 32.329
PV-005808701648	30.675	PV-005808701648 30.675
PV-005808701649	28.973	PV-005808701649 28.973
PV-005808898660	30.632	PV-005808898660 30.632
PV-005809358853	30.146	PV-005809358853 30.146
PV-005809358854	25.847	PV-005809358854 25.847
PV-005809358855	27.615	PV-005809358855 27.615
PV-005809702910	29.778	PV-005809702910 29.778
PV-005810983852	30.087	PV-005810983852 30.087
PV-005811287836	25.477	PV-005811287836 25.477
PV-005811362273	30.035	PV-005811362273 30.035
PV-005811906514	29.322	PV-005811906514 29.322
PV-005811925151	29.1	PV-005811925151 29.100
PV-005812288767	27.17	PV-005812288767 27.170
PV-005812407370	31.687	PV-005812407370 31.687
PV-005813034811	30.44	PV-005813034811 30.440
PV-005813161900	31.91	PV-005813161900 31.910
PV-005813577569	30.584	PV-005813577569 30.584
PV-005813899828	30.819	PV-005813899828 30.819
PV-005814189135	29.903	PV-005814189135 29.903
PV-005815101720	30.342	PV-005815101720 30.342
PV-005815228557	25.915	PV-005815228557 25.915
PV-005815384082	30.841	PV-005815384082 30.841
PV-005815384083	26.623	PV-005815384083 26.623
PV-005815396730	28.907	PV-005815396730 28.907
PV-005815552895	31.23	PV-005815552895 31.230
PV-005815634834	27.944	PV-005815634834 27.944
PV-005816436238	30.336	PV-005816436238 30.336
PV-005816832382	28.297	PV-005816832382 28.297
PV-005816855015	29.589	PV-005816855015 29.589
PV-005817277398	28.329	PV-005817277398 28.329
PV-005817377677	26.076	PV-005817377677 26.076
PV-005817647707	26.912	PV-005817647707 26.912
PV-005818180149	25.727	PV-005818180149 25.727
PV-005818225772	28.924	PV-005818225772 28.924
PV-005818225773	26.529	PV-005818225773 26.529
PV-005818225774	27.103	PV-005818225774 27.103
PV-005818225775	29.02	PV-005818225775 29.020
PV-005818290843	29.99	PV-005818290843 29.990
PV-005818332468	27.235	PV-005818332468 27.235
PV-005818512051	25.38	PV-005818512051 25.380
PV-005818719100	30.903	PV-005818719100 30.903
PV-005818719101	31.273	PV-005818719101 31.273
PV-005818719102	30.154	PV-005818719102 30.154
PV-005818809841	30.644	PV-005818809841 30.644
PV-005819267945	31.11	PV-005819267945 31.110
PV-005819267947	31.541	PV-005819267947 31.541
PV-005819517585	25.739	PV-005819517585 25.739
PV-005819905901	26.109	PV-005819905901 26.109
PV-005820065843	29.258	PV-005820065843 29.258
PV-005820486228	30.474	PV-005820486228 30.474
PV-005821091696	29.652	PV-005821091696 29.652
PV-005821091697	26.756	PV-005821091697 26.756
PV-005821534394	28.769	PV-005821534394 28.769
PV-005821577930	31.097	PV-005821577930 31.097
PV-005821863775	30.372	PV-005821863775 30.372
PV-005821884514	30.126	PV-005821884514 30.126
PV-005821992881	31.172	PV-005821992881 31.172
PV-005822647615	29.221	PV-005822647615 29.221
PV-005822664389	29.222	PV-005822664389 29.222
PV-005822749424	26.77	PV-005822749424 26.770
PV-005822893481	31.944	PV-005822893481 31.944
PV-005822893482	29.619	PV-005822893482 29.619
PV-005822893483	30.441	PV-005822893483 30.441
PV-005822916908	31.115	PV-005822916908 31.115
PV-005823184635	26.737	PV-005823184635 26.737
PV-005823460355	29.395	PV-005823460355 29.395
PV-005823511846	31.612	PV-005823511846 31.612
PV-005823511847	27.569	PV-005823511847 27.569
PV-005823511848	29.547	PV-005823511848 29.547
PV-005823521524	27.29	PV-005823521524 27.290
PV-005823611890	29.415	PV-005823611890 29.415
PV-005823667534	28.435	PV-005823667534 28.435
PV-005824201733	28.496	PV-005824201733 28.496
PV-005824498009	29.572	PV-005824498009 29.572
PV-005824516366	31.697	PV-005824516366 31.697
PV-005824745567	31.481	PV-005824745567 31.481
PV-005825098027	30.182	PV-005825098027 30.182
PV-005825135758	29.77	PV-005825135758 29.770
PV-005825219250	30.116	PV-005825219250 30.116
PV-005826429937	30.448	PV-005826429937 30.448
PV-005826429938	27.149	PV-005826429938 27.149
PV-005826488005	28.228	PV-005826488005 28.228
PV-005826833054	28.38	PV-005826833054 28.380
PV-005826917157	30.9	PV-005826917157 30.900
PV-005827529923	26.191	PV-005827529923 26.191
PV-005827777630	29.515	PV-005827777630 29.515
PV-005828246507	30.612	PV-005828246507 30.612
PV-005828246927	27.234	PV-005828246927 27.234
PV-005828246928	26.694	PV-005828246928 26.694
PV-005829719357	29.245	PV-005829719357 29.245
PV-005830054778	29.2	PV-005830054778 29.200
PV-005830054779	30.933	PV-005830054779 30.933
PV-005830054780	30.447	PV-005830054780 30.447
PV-005830099372	27.252	PV-005830099372 27.252
PV-005830168781	28.246	PV-005830168781 28.246
PV-005830236785	29.936	PV-005830236785 29.936
PV-005830499845	26.497	PV-005830499845 26.497
PV-005830648328	31.771	PV-005830648328 31.771
PV-005830709400	26.681	PV-005830709400 26.681
PV-005830790087	30.023	PV-005830790087 30.023
PV-005831287526	26.402	PV-005831287526 26.402
PV-005831567059	25.501	PV-005831567059 25.501
PV-005832111939	26.696	PV-005832111939 26.696
PV-005832253882	31.629	PV-005832253882 31.629
PV-005832403423	29.043	PV-005832403423 29.043
PV-005832629953	26.611	PV-005832629953 26.611
PV-005832797203	31.265	PV-005832797203 31.265
PV-005832797205	31.065	PV-005832797205 31.065
PV-005832939556	31.026	PV-005832939556 31.026
PV-005833084406	26.202	PV-005833084406 26.202
PV-005833177696	25.852	PV-005833177696 25.852
PV-005833324956	31.13	PV-005833324956 31.130
PV-005833659587	27.988	PV-005833659587 27.988
PV-005833808464	30.171	PV-005833808464 30.171
PV-005833846291	28.048	PV-005833846291 28.048
PV-005834078131	29.681	PV-005834078131 29.681
PV-005834155272	28.571	PV-005834155272 28.571
PV-005834607483	28.556	PV-005834607483 28.556
PV-005834658299	26.75	PV-005834658299 26.750
PV-005834892795	28.458	PV-005834892795 28.458
PV-005834897134	30.305	PV-005834897134 30.305
PV-005835097042	28.712	PV-005835097042 28.712
PV-005835097043	28.191	PV-005835097043 28.191
PV-005835097044	31.191	PV-005835097044 31.191
PV-005835157199	27.452	PV-005835157199 27.452
PV-005835157200	31.518	PV-005835157200 31.518
PV-005835157201	29.181	PV-005835157201 29.181
PV-005835164060	28.214	PV-005835164060 28.214
PV-005835164061	30.718	PV-005835164061 30.718
PV-005835164062	25.563	PV-005835164062 25.563
PV-005835203827	29.149	PV-005835203827 29.149
PV-005835282212	29.187	PV-005835282212 29.187
PV-005835346371	31.171	PV-005835346371 31.171
PV-005835649284	30.88	PV-005835649284 30.880
PV-005835685626	30.269	PV-005835685626 30.269
PV-005835685627	28.924	PV-005835685627 28.924
PV-005835685628	27.791	PV-005835685628 27.791
PV-005836162423	25.281	PV-005836162423 25.281
PV-005836289919	30.204	PV-005836289919 30.204
PV-005836336429	31.776	PV-005836336429 31.776
PV-005836516008	31.349	PV-005836516008 31.349
PV-005836673069	29.859	PV-005836673069 29.859
PV-005836786173	28.963	PV-005836786173 28.963
PV-005837018276	30.69	PV-005837018276 30.690
PV-005837018277	29.847	PV-005837018277 29.847
PV-005837351349	29.776	PV-005837351349 29.776
PV-005837362781	26.171	PV-005837362781 26.171
PV-005837903393	29.599	PV-005837903393 29.599
PV-005838200708	30.788	PV-005838200708 30.788
PV-005838210708	30.264	PV-005838210708 30.264
PV-005838443202	28.018	PV-005838443202 28.018
PV-005838490335	29.794	PV-005838490335 29.794
PV-005838490336	26.066	PV-005838490336 26.066
PV-005838490337	30.561	PV-005838490337 30.561
PV-005839235752	25.727	PV-005839235752 25.727
PV-005839590566	27.321	PV-005839590566 27.321
PV-005840204738	26.363	PV-005840204738 26.363
PV-005841188554	25.089	PV-005841188554 25.089
PV-005841506552	30.216	PV-005841506552 30.216
PV-005841716685	29.653	PV-005841716685 29.653
PV-005842009065	30.862	PV-005842009065 30.862
PV-005842375091	29.954	PV-005842375091 29.954
PV-005843074615	27.253	PV-005843074615 27.253
PV-005843156872	25.362	PV-005843156872 25.362
PV-005843329414	29.515	PV-005843329414 29.515
PV-005843441782	26.57	PV-005843441782 26.570
PV-005843984940	29.869	PV-005843984940 29.869
PV-005843984941	26.788	PV-005843984941 26.788
PV-005844095725	29.875	PV-005844095725 29.875
PV-005844259732	26.853	PV-005844259732 26.853
PV-005844259733	28.305	PV-005844259733 28.305
PV-005844259734	32.647	PV-005844259734 32.647
PV-005844504088	26.306	PV-005844504088 26.306
PV-005844509443	30.915	PV-005844509443 30.915
PV-005844796475	29.419	PV-005844796475 29.419
PV-005845203211	30.96	PV-005845203211 30.960
PV-005845403501	31.067	PV-005845403501 31.067
PV-005845597643	26.552	PV-005845597643 26.552
PV-005845717795	29.341	PV-005845717795 29.341
PV-005845771140	29.191	PV-005845771140 29.191
PV-005846201569	30.347	PV-005846201569 30.347
PV-005846323142	27.333	PV-005846323142 27.333
PV-005846542626	29.19	PV-005846542626 29.190
PV-005846762297	31.364	PV-005846762297 31.364
PV-005846846597	27.729	PV-005846846597 27.729
PV-005846896312	31.482	PV-005846896312 31.482
PV-005846896313	26.431	PV-005846896313 26.431
PV-005847349919	26.536	PV-005847349919 26.536
PV-005847355979	31.215	PV-005847355979 31.215
PV-005847990091	26.825	PV-005847990091 26.825
PV-005848095022	29.595	PV-005848095022 29.595
PV-005848192985	26.864	PV-005848192985 26.864
PV-005848766369	26.998	PV-005848766369 26.998
PV-005848766370	26.647	PV-005848766370 26.647
PV-005848896481	28.039	PV-005848896481 28.039
PV-005848928176	30.626	PV-005848928176 30.626
PV-005849006905	31.108	PV-005849006905 31.108
PV-005849477541	29.49	PV-005849477541 29.490
PV-005849749239	29.108	PV-005849749239 29.108
PV-005850088767	30.136	PV-005850088767 30.136
PV-005850122051	29.008	PV-005850122051 29.008
PV-005851070789	25.455	PV-005851070789 25.455
PV-005851184038	27.439	PV-005851184038 27.439
PV-005851184039	26.748	PV-005851184039 26.748
PV-005851184040	31.216	PV-005851184040 31.216
PV-005851219541	31.05	PV-005851219541 31.050
PV-005851571557	29.471	PV-005851571557 29.471
PV-005851576224	30.451	PV-005851576224 30.451
PV-005851625549	27.919	PV-005851625549 27.919
PV-005851751050	27.358	PV-005851751050 27.358
PV-005852204533	29.642	PV-005852204533 29.642
PV-005852548585	29.746	PV-005852548585 29.746
PV-005852939706	26.56	PV-005852939706 26.560
PV-005853295770	28.168	PV-005853295770 28.168
PV-005853490428	28.703	PV-005853490428 28.703
PV-005853726060	30.059	PV-005853726060 30.059
PV-005853730135	28.642	PV-005853730135 28.642
PV-005853730136	29.376	PV-005853730136 29.376
PV-005853730137	25.832	PV-005853730137 25.832
PV-005853870690	29.618	PV-005853870690 29.618
PV-005854160120	30.304	PV-005854160120 30.304
PV-005854631169	29.835	PV-005854631169 29.835
PV-005854789932	29.502	PV-005854789932 29.502
PV-005854986982	27.213	PV-005854986982 27.213
PV-005855213796	26.863	PV-005855213796 26.863
PV-005855213799	29.528	PV-005855213799 29.528
PV-005855849449	30.613	PV-005855849449 30.613
PV-005856203010	25.747	PV-005856203010 25.747
PV-005856203011	30.093	PV-005856203011 30.093
PV-005856203012	30.653	PV-005856203012 30.653
PV-005856708582	30.379	PV-005856708582 30.379
PV-005856970810	31.293	PV-005856970810 31.293
PV-005856972187	30.143	PV-005856972187 30.143
PV-005856974794	31.513	PV-005856974794 31.513
PV-005857088050	31.044	PV-005857088050 31.044
PV-005857130395	26.735	PV-005857130395 26.735
PV-005857508955	29.295	PV-005857508955 29.295
PV-005857571830	30.388	PV-005857571830 30.388
PV-005858232874	28.812	PV-005858232874 28.812
PV-005858232875	29.856	PV-005858232875 29.856
PV-005858319664	26.783	PV-005858319664 26.783
PV-005859662799	26.033	PV-005859662799 26.033
PV-005860057448	30.558	PV-005860057448 30.558
PV-005860057449	32.21	PV-005860057449 32.210
PV-005860218717	30.683	PV-005860218717 30.683
PV-005860528278	30.915	PV-005860528278 30.915
PV-005860547826	30.461	PV-005860547826 30.461
PV-005860633006	29.922	PV-005860633006 29.922
PV-005861308835	28.723	PV-005861308835 28.723
PV-005861386708	28.976	PV-005861386708 28.976
PV-005862150073	30.127	PV-005862150073 30.127
PV-005862153373	27.923	PV-005862153373 27.923
PV-005863049301	28.492	PV-005863049301 28.492
PV-005863057189	30.509	PV-005863057189 30.509
PV-005863057190	28.519	PV-005863057190 28.519
PV-005863135462	26.69	PV-005863135462 26.690
PV-005863135463	30.33	PV-005863135463 30.330
PV-005863135464	25.886	PV-005863135464 25.886
PV-005863420517	29.288	PV-005863420517 29.288
PV-005863567537	29.12	PV-005863567537 29.120
PV-005863829605	32.472	PV-005863829605 32.472
PV-005864725791	28.312	PV-005864725791 28.312
PV-005864806836	26.808	PV-005864806836 26.808
PV-005864806837	29.671	PV-005864806837 29.671
PV-005864806838	27.2	PV-005864806838 27.200
PV-005864926399	28.986	PV-005864926399 28.986
PV-005864969090	29.11	PV-005864969090 29.110
PV-005864969091	30.745	PV-005864969091 30.745
PV-005864969092	31.447	PV-005864969092 31.447
PV-005865040596	29.395	PV-005865040596 29.395
PV-005865357924	27.429	PV-005865357924 27.429
PV-005865377185	25.429	PV-005865377185 25.429
PV-005865377186	31.094	PV-005865377186 31.094
PV-005865377187	30.491	PV-005865377187 30.491
PV-005865659474	28.237	PV-005865659474 28.237
PV-005865859965	27.135	PV-005865859965 27.135
PV-005865859966	30.206	PV-005865859966 30.206
PV-005865859967	31.356	PV-005865859967 31.356
PV-005865932033	29.51	PV-005865932033 29.510
PV-005866214291	29.971	PV-005866214291 29.971
PV-005866859549	29.057	PV-005866859549 29.057
PV-005866859550	27.877	PV-005866859550 27.877
PV-005866859551	31.445	PV-005866859551 31.445
PV-005867111926	30.472	PV-005867111926 30.472
PV-005867191337	26.66	PV-005867191337 26.660
PV-005867203863	27.707	PV-005867203863 27.707
PV-005867253959	29.851	PV-005867253959 29.851
PV-005867253960	30.002	PV-005867253960 30.002
PV-005867253961	31.592	PV-005867253961 31.592
PV-005868195198	29.083	PV-005868195198 29.083
PV-005868195199	28.188	PV-005868195199 28.188
PV-005868621873	25.563	PV-005868621873 25.563
PV-005868871590	29.046	PV-005868871590 29.046
PV-005868871591	30.019	PV-005868871591 30.019
PV-005869083683	30.636	PV-005869083683 30.636
PV-005869083684	25.848	PV-005869083684 25.848
PV-005869253062	27.603	PV-005869253062 27.603
PV-005869467508	29.805	PV-005869467508 29.805
PV-005869550723	30.36	PV-005869550723 30.360
PV-005869568459	29.514	PV-005869568459 29.514
PV-005870079557	31.19	PV-005870079557 31.190
PV-005870111769	27.309	PV-005870111769 27.309
PV-005870306564	25.836	PV-005870306564 25.836
PV-005870315655	29.973	PV-005870315655 29.973
PV-005870325460	31.104	PV-005870325460 31.104
PV-005870381124	25.611	PV-005870381124 25.611
PV-005870593623	26.522	PV-005870593623 26.522
PV-005870675699	24.697	PV-005870675699 24.697
PV-005870933738	29.147	PV-005870933738 29.147
PV-005870933739	29.407	PV-005870933739 29.407
PV-005870933740	27.481	PV-005870933740 27.481
PV-005871182975	27.891	PV-005871182975 27.891
PV-005871355180	27.887	PV-005871355180 27.887
PV-005871959064	30.049	PV-005871959064 30.049
PV-005872736047	32.131	PV-005872736047 32.131
PV-005872803272	26.251	PV-005872803272 26.251
PV-005873458097	29.533	PV-005873458097 29.533
PV-005873458098	27.85	PV-005873458098 27.850
PV-005873708817	31.906	PV-005873708817 31.906
PV-005873735888	27.257	PV-005873735888 27.257
PV-005873735889	30.691	PV-005873735889 30.691
PV-005873735890	30.746	PV-005873735890 30.746
PV-005874203097	30.69	PV-005874203097 30.690
PV-005874669292	29.833	PV-005874669292 29.833
PV-005874711771	31.195	PV-005874711771 31.195
PV-005874963295	31.029	PV-005874963295 31.029
PV-005874963296	28.44	PV-005874963296 28.440
PV-005874987765	26.791	PV-005874987765 26.791
PV-005874987766	27.202	PV-005874987766 27.202
PV-005875544447	30.67	PV-005875544447 30.670
PV-005875701112	30.35	PV-005875701112 30.350
PV-005875927964	30.161	PV-005875927964 30.161
PV-005877018874	29.516	PV-005877018874 29.516
PV-005877254094	25.596	PV-005877254094 25.596
PV-005877254095	26.155	PV-005877254095 26.155
PV-005877254096	28.069	PV-005877254096 28.069
PV-005877428067	31.924	PV-005877428067 31.924
PV-005878451229	26.27	PV-005878451229 26.270
PV-005878828197	29.159	PV-005878828197 29.159
PV-005879499486	28.964	PV-005879499486 28.964
PV-005879868570	26.406	PV-005879868570 26.406
PV-005879902457	30.771	PV-005879902457 30.771
PV-005879970692	25.913	PV-005879970692 25.913
PV-005879970693	30.681	PV-005879970693 30.681
PV-005879970694	29.111	PV-005879970694 29.111
PV-005880244448	31.983	PV-005880244448 31.983
PV-005881028127	26.235	PV-005881028127 26.235
PV-005881030838	28.241	PV-005881030838 28.241
PV-005881294798	28.845	PV-005881294798 28.845
PV-005881427076	29.458	PV-005881427076 29.458
PV-005881491987	25.703	PV-005881491987 25.703
PV-005881504326	30.537	PV-005881504326 30.537
PV-005881504327	30.846	PV-005881504327 30.846
PV-005881504328	30.868	PV-005881504328 30.868
PV-005881683796	30.737	PV-005881683796 30.737
PV-005881935284	30.23	PV-005881935284 30.230
PV-005881935285	29.823	PV-005881935285 29.823
PV-005881988228	31.796	PV-005881988228 31.796
PV-005882399101	31.014	PV-005882399101 31.014
PV-005882434905	26.543	PV-005882434905 26.543
PV-005883002253	31.488	PV-005883002253 31.488
PV-005883002254	30.407	PV-005883002254 30.407
PV-005883002255	30.867	PV-005883002255 30.867
PV-005883351140	29.678	PV-005883351140 29.678
PV-005883883528	25.508	PV-005883883528 25.508
PV-005884396780	29.572	PV-005884396780 29.572
PV-005884508862	28.139	PV-005884508862 28.139
PV-005884881840	30.445	PV-005884881840 30.445
PV-005884883681	26.065	PV-005884883681 26.065
PV-005885048334	30.943	PV-005885048334 30.943
PV-005885490474	30.983	PV-005885490474 30.983
PV-005885528262	29.094	PV-005885528262 29.094
PV-005885871950	29.834	PV-005885871950 29.834
PV-005885871951	27.259	PV-005885871951 27.259
PV-005885953609	25.428	PV-005885953609 25.428
PV-005886103517	29.587	PV-005886103517 29.587
PV-005886270067	28.978	PV-005886270067 28.978
PV-005886758756	28.107	PV-005886758756 28.107
PV-005887126518	30.107	PV-005887126518 30.107
PV-005887790693	31.387	PV-005887790693 31.387
PV-005888259553	28.737	PV-005888259553 28.737
PV-005888433142	27.583	PV-005888433142 27.583
PV-005888579933	29.686	PV-005888579933 29.686
PV-005888579934	29.329	PV-005888579934 29.329
PV-005888730981	28.128	PV-005888730981 28.128
PV-005888730982	27.601	PV-005888730982 27.601
PV-005888730983	26.893	PV-005888730983 26.893
PV-005889147865	26.863	PV-005889147865 26.863
PV-005889320288	30.498	PV-005889320288 30.498
PV-005889442039	26.955	PV-005889442039 26.955
PV-005889442040	30.654	PV-005889442040 30.654
PV-005889442041	31.397	PV-005889442041 31.397
PV-005889840119	28.512	PV-005889840119 28.512
PV-005889840120	30.434	PV-005889840120 30.434
PV-005890112931	26.781	PV-005890112931 26.781
PV-005890112932	26.188	PV-005890112932 26.188
PV-005890234629	26.282	PV-005890234629 26.282
PV-005890313248	25.403	PV-005890313248 25.403
PV-005890322849	30.024	PV-005890322849 30.024
PV-005890371504	25.775	PV-005890371504 25.775
PV-005890636245	27.84	PV-005890636245 27.840
PV-005892125815	29.357	PV-005892125815 29.357
PV-005892576097	29.515	PV-005892576097 29.515
PV-005893195013	30.308	PV-005893195013 30.308
PV-005895260938	30.18	PV-005895260938 30.180
PV-005895300303	31.564	PV-005895300303 31.564
PV-005895300304	27.608	PV-005895300304 27.608
PV-005895300305	25.272	PV-005895300305 25.272
PV-005895416406	28.73	PV-005895416406 28.730
PV-005895495819	27.898	PV-005895495819 27.898
PV-005895501207	31.426	PV-005895501207 31.426
PV-005895747548	29.865	PV-005895747548 29.865
PV-005895977782	26.282	PV-005895977782 26.282
PV-005895989592	34.063	PV-005895989592 34.063
PV-005896170881	28.669	PV-005896170881 28.669
PV-005896638989	26.291	PV-005896638989 26.291
PV-005896723431	29.017	PV-005896723431 29.017
PV-005896921412	31.114	PV-005896921412 31.114
PV-005896979685	27.214	PV-005896979685 27.214
PV-005897633128	31.257	PV-005897633128 31.257
PV-005897756848	28.438	PV-005897756848 28.438
PV-005898280885	31.294	PV-005898280885 31.294
PV-005898713440	29.696	PV-005898713440 29.696
PV-005898713441	29.993	PV-005898713441 29.993
PV-005899015633	29.99	PV-005899015633 29.990
PV-005899229767	26.486	PV-005899229767 26.486
PV-005899393582	31.592	PV-005899393582 31.592
PV-005899393583	31.385	PV-005899393583 31.385
PV-005899478565	30.91	PV-005899478565 30.910
PV-005899511459	31.223	PV-005899511459 31.223
PV-005899813958	30.305	PV-005899813958 30.305
PV-005899821629	31.687	PV-005899821629 31.687
PV-005899854656	30.022	PV-005899854656 30.022
PV-005900313039	29.016	PV-005900313039 29.016
PV-005900470470	29.89	PV-005900470470 29.890
PV-005900780758	28.928	PV-005900780758 28.928
PV-005900780759	29.102	PV-005900780759 29.102
PV-005900833720	28.261	PV-005900833720 28.261
PV-005900889967	29.953	PV-005900889967 29.953
PV-005901009966	26.611	PV-005901009966 26.611
PV-005901027530	29.614	PV-005901027530 29.614
PV-005901868582	29.348	PV-005901868582 29.348
PV-005901928757	30.166	PV-005901928757 30.166
PV-005901952813	29.815	PV-005901952813 29.815
PV-005901952814	28.647	PV-005901952814 28.647
PV-005901952815	28.735	PV-005901952815 28.735
PV-005902546183	28.133	PV-005902546183 28.133
PV-005902556373	27.341	PV-005902556373 27.341
PV-005902629444	30.005	PV-005902629444 30.005
PV-005903131988	30.345	PV-005903131988 30.345
PV-005903256086	31.769	PV-005903256086 31.769
PV-005903281570	28.974	PV-005903281570 28.974
PV-005903428818	29.149	PV-005903428818 29.149
PV-005903675928	27.001	PV-005903675928 27.001
PV-005904001903	30.278	PV-005904001903 30.278
PV-005904218243	29.363	PV-005904218243 29.363
PV-005904218244	29.819	PV-005904218244 29.819
PV-005904218245	27.876	PV-005904218245 27.876
PV-005904542760	30.603	PV-005904542760 30.603
PV-005905260552	29.372	PV-005905260552 29.372
PV-005905934529	29.705	PV-005905934529 29.705
PV-005905946547	28.708	PV-005905946547 28.708
PV-005906416496	31.088	PV-005906416496 31.088
PV-005906416497	29.014	PV-005906416497 29.014
PV-005906416498	31.274	PV-005906416498 31.274
PV-005906416499	28.867	PV-005906416499 28.867
PV-005906416500	30.12	PV-005906416500 30.120
PV-005906416501	30.101	PV-005906416501 30.101
PV-005907223951	28.192	PV-005907223951 28.192
PV-005907366957	27.12	PV-005907366957 27.120
PV-005907366958	29.661	PV-005907366958 29.661
PV-005907366959	30.957	PV-005907366959 30.957
PV-005907926391	30.727	PV-005907926391 30.727
PV-005908013241	31.149	PV-005908013241 31.149
PV-005908013242	30.681	PV-005908013242 30.681
PV-005908054026	30.146	PV-005908054026 30.146
PV-005909067081	26.848	PV-005909067081 26.848
PV-005909184733	28.815	PV-005909184733 28.815
PV-005909378560	27.036	PV-005909378560 27.036
PV-005909519940	25.912	PV-005909519940 25.912
PV-005910226561	29.409	PV-005910226561 29.409
PV-005910226562	28.29	PV-005910226562 28.290
PV-005910226563	31.276	PV-005910226563 31.276
PV-005910316218	26.552	PV-005910316218 26.552
PV-005910316219	31.128	PV-005910316219 31.128
PV-005910779065	26.065	PV-005910779065 26.065
PV-005911351004	30.39	PV-005911351004 30.390
PV-005911401416	28.648	PV-005911401416 28.648
PV-005911573034	29.85	PV-005911573034 29.850
PV-005911834905	29.996	PV-005911834905 29.996
PV-005911997571	30.828	PV-005911997571 30.828
PV-005912339547	28.979	PV-005912339547 28.979
PV-005912769034	30.084	PV-005912769034 30.084
PV-005913638911	28.549	PV-005913638911 28.549
PV-005913758162	32.297	PV-005913758162 32.297
PV-005913886739	31.708	PV-005913886739 31.708
PV-005914458409	26.361	PV-005914458409 26.361
PV-005914532897	27.274	PV-005914532897 27.274
PV-005914672840	29.783	PV-005914672840 29.783
PV-005914672841	29.261	PV-005914672841 29.261
PV-005914672842	29.648	PV-005914672842 29.648
PV-005914700456	29.975	PV-005914700456 29.975
PV-005915087473	32.334	PV-005915087473 32.334
PV-005915087474	26.014	PV-005915087474 26.014
PV-005915138159	30.763	PV-005915138159 30.763
PV-005915635639	31.374	PV-005915635639 31.374
PV-005915722634	30.067	PV-005915722634 30.067
PV-005915733143	25.846	PV-005915733143 25.846
PV-005916054136	30.246	PV-005916054136 30.246
PV-005916443865	26.922	PV-005916443865 26.922
PV-005916669431	29.739	PV-005916669431 29.739
PV-005916754675	30.413	PV-005916754675 30.413
PV-005916802089	28.477	PV-005916802089 28.477
PV-005916845648	30.784	PV-005916845648 30.784
PV-005916845649	29.553	PV-005916845649 29.553
PV-005916845650	29.2	PV-005916845650 29.200
PV-005916845651	28.622	PV-005916845651 28.622
PV-005916845652	30.444	PV-005916845652 30.444
PV-005916845654	28.95	PV-005916845654 28.950
PV-005916845655	28.912	PV-005916845655 28.912
PV-005916845658	28.723	PV-005916845658 28.723
PV-005916845659	31.132	PV-005916845659 31.132
PV-005916958562	26.324	PV-005916958562 26.324
PV-005916968795	29.416	PV-005916968795 29.416
PV-005916987252	27.388	PV-005916987252 27.388
PV-005916987253	32.376	PV-005916987253 32.376
PV-005916987254	30.399	PV-005916987254 30.399
PV-005917466085	29.383	PV-005917466085 29.383
PV-005917473862	29.103	PV-005917473862 29.103
PV-005917685463	29.094	PV-005917685463 29.094
PV-005917772709	30.014	PV-005917772709 30.014
PV-005917779450	29.743	PV-005917779450 29.743
PV-005918032329	28.416	PV-005918032329 28.416
PV-005918410365	29.76	PV-005918410365 29.760
PV-005918473398	30.311	PV-005918473398 30.311
PV-005918676380	31.031	PV-005918676380 31.031
PV-005918704563	29.099	PV-005918704563 29.099
PV-005918942663	31.029	PV-005918942663 31.029
PV-005919470430	28.19	PV-005919470430 28.190
PV-005919861710	31.022	PV-005919861710 31.022
PV-005919966722	29.243	PV-005919966722 29.243
PV-005919997701	28.031	PV-005919997701 28.031
PV-005920482920	26.094	PV-005920482920 26.094
PV-005920963341	29.535	PV-005920963341 29.535
PV-005920963342	27.019	PV-005920963342 27.019
PV-005920981088	32.035	PV-005920981088 32.035
PV-005921156872	28.623	PV-005921156872 28.623
PV-005921205686	28.041	PV-005921205686 28.041
PV-005921285897	30.612	PV-005921285897 30.612
PV-005921703917	31.476	PV-005921703917 31.476
PV-005921941551	30.582	PV-005921941551 30.582
PV-005922311082	27.408	PV-005922311082 27.408
PV-005922327134	31.655	PV-005922327134 31.655
PV-005922983100	25.99	PV-005922983100 25.990
PV-005923426863	29.508	PV-005923426863 29.508
PV-005923525738	28.25	PV-005923525738 28.250
PV-005923543790	25.56	PV-005923543790 25.560
PV-005923675576	29.415	PV-005923675576 29.415
PV-005923958406	27.355	PV-005923958406 27.355
PV-005924290740	30.711	PV-005924290740 30.711
PV-005924658457	31.125	PV-005924658457 31.125
PV-005924684043	26.421	PV-005924684043 26.421
PV-005925079243	31.147	PV-005925079243 31.147
PV-005925151447	27.582	PV-005925151447 27.582
PV-005925701107	31.783	PV-005925701107 31.783
PV-005925820343	29.31	PV-005925820343 29.310
PV-005925965180	31.215	PV-005925965180 31.215
PV-005925979507	29.856	PV-005925979507 29.856
PV-005926598812	28.31	PV-005926598812 28.310
PV-005926852858	29.062	PV-005926852858 29.062
PV-005927295656	30.073	PV-005927295656 30.073
PV-005928232515	28.051	PV-005928232515 28.051
PV-005928617713	29.382	PV-005928617713 29.382
PV-005928899403	26.685	PV-005928899403 26.685
PV-005929356672	25.793	PV-005929356672 25.793
PV-005929633011	30.334	PV-005929633011 30.334
PV-005929637119	30.934	PV-005929637119 30.934
PV-005929738647	30.216	PV-005929738647 30.216
PV-005930105053	27.469	PV-005930105053 27.469
PV-005930269894	31.015	PV-005930269894 31.015
PV-005930279594	28.145	PV-005930279594 28.145
PV-005930367146	29.776	PV-005930367146 29.776
PV-005931135568	26.877	PV-005931135568 26.877
PV-005931135569	30.442	PV-005931135569 30.442
PV-005931317341	29.404	PV-005931317341 29.404
PV-005931683305	26.314	PV-005931683305 26.314
PV-005932052239	30.694	PV-005932052239 30.694
PV-005932052240	27.158	PV-005932052240 27.158
PV-005932177007	31.475	PV-005932177007 31.475
PV-005932606087	27.09	PV-005932606087 27.090
PV-005932978774	29.958	PV-005932978774 29.958
PV-005933162036	26.078	PV-005933162036 26.078
PV-005933184749	32.33	PV-005933184749 32.330
PV-005933508137	28.372	PV-005933508137 28.372
PV-005933678056	27.327	PV-005933678056 27.327
PV-005933678057	26.088	PV-005933678057 26.088
PV-005933678058	28.221	PV-005933678058 28.221
PV-005933816070	25.255	PV-005933816070 25.255
PV-005933962600	28.971	PV-005933962600 28.971
PV-005935882771	31.898	PV-005935882771 31.898
PV-005936458625	27.099	PV-005936458625 27.099
PV-005936622829	30.683	PV-005936622829 30.683
PV-005936723485	27.07	PV-005936723485 27.070
PV-005937137306	28.964	PV-005937137306 28.964
PV-005937397008	25.735	PV-005937397008 25.735
PV-005938231395	26.784	PV-005938231395 26.784
PV-005938239490	27.036	PV-005938239490 27.036
PV-005938347515	28.257	PV-005938347515 28.257
PV-005938448391	30.802	PV-005938448391 30.802
PV-005938983986	29.161	PV-005938983986 29.161
PV-005939753004	27.418	PV-005939753004 27.418
PV-005939842019	26.245	PV-005939842019 26.245
PV-005940034721	25.96	PV-005940034721 25.960
PV-005940511968	27.454	PV-005940511968 27.454
PV-005940533605	29.716	PV-005940533605 29.716
PV-005940692892	30.458	PV-005940692892 30.458
PV-005940707664	29.232	PV-005940707664 29.232
PV-005940723739	30.6	PV-005940723739 30.600
PV-005941147406	30.406	PV-005941147406 30.406
PV-005941369019	27.47	PV-005941369019 27.470
PV-005941369020	25.412	PV-005941369020 25.412
PV-005941997503	27.404	PV-005941997503 27.404
PV-005942011754	27.749	PV-005942011754 27.749
PV-005942093602	29.822	PV-005942093602 29.822
PV-005942262660	29.221	PV-005942262660 29.221
PV-005942735875	29.88	PV-005942735875 29.880
PV-005942878702	28.608	PV-005942878702 28.608
PV-005943467766	30.016	PV-005943467766 30.016
PV-005943639781	25.461	PV-005943639781 25.461
PV-005944083169	29.603	PV-005944083169 29.603
PV-005945272874	26.121	PV-005945272874 26.121
PV-005945402833	28.958	PV-005945402833 28.958
PV-005945421318	31.805	PV-005945421318 31.805
PV-005945433158	30.233	PV-005945433158 30.233
PV-005945565015	28.245	PV-005945565015 28.245
PV-005945934946	26.122	PV-005945934946 26.122
PV-005946740766	28.699	PV-005946740766 28.699
PV-005947101285	28.555	PV-005947101285 28.555
PV-005947202983	28.818	PV-005947202983 28.818
PV-005947347344	29.166	PV-005947347344 29.166
PV-005947414995	30.64	PV-005947414995 30.640
PV-005947467564	31.012	PV-005947467564 31.012
PV-005947649781	29.076	PV-005947649781 29.076
PV-005947687709	26.616	PV-005947687709 26.616
PV-005947917800	27.417	PV-005947917800 27.417
PV-005948751828	29.359	PV-005948751828 29.359
PV-005949522231	29.552	PV-005949522231 29.552
PV-005949638468	26.83	PV-005949638468 26.830
PV-005949752302	30.145	PV-005949752302 30.145
PV-005950027259	28.119	PV-005950027259 28.119
PV-005950027260	25.423	PV-005950027260 25.423
PV-005950027261	28.104	PV-005950027261 28.104
PV-005950477527	27.898	PV-005950477527 27.898
PV-005950483633	28.358	PV-005950483633 28.358
PV-005950645050	30.949	PV-005950645050 30.949
PV-005950940397	30.437	PV-005950940397 30.437
PV-005951145892	29.518	PV-005951145892 29.518
PV-005951935798	28.144	PV-005951935798 28.144
PV-005951935799	29.984	PV-005951935799 29.984
PV-005951935800	28.459	PV-005951935800 28.459
PV-005951935801	29.742	PV-005951935801 29.742
PV-005952009956	29.309	PV-005952009956 29.309
PV-005952009957	28.898	PV-005952009957 28.898
PV-005952009958	31.773	PV-005952009958 31.773
PV-005952627718	31.935	PV-005952627718 31.935
PV-005953046824	26.903	PV-005953046824 26.903
PV-005953960702	28.704	PV-005953960702 28.704
PV-005954125488	26.15	PV-005954125488 26.150
PV-005954125489	30.318	PV-005954125489 30.318
PV-005954125490	28.972	PV-005954125490 28.972
PV-005954125491	27.796	PV-005954125491 27.796
PV-005954678378	26.123	PV-005954678378 26.123
PV-005954901303	31.717	PV-005954901303 31.717
PV-005955011475	31.321	PV-005955011475 31.321
PV-005955122041	26.684	PV-005955122041 26.684
PV-005955157483	30.455	PV-005955157483 30.455
PV-005955292517	26.179	PV-005955292517 26.179
PV-005955822705	29.511	PV-005955822705 29.511
PV-005956018048	29.133	PV-005956018048 29.133
PV-005956500266	26.174	PV-005956500266 26.174
PV-005956500267	31.29	PV-005956500267 31.290
PV-005956500268	27.325	PV-005956500268 27.325
PV-005957144921	28.158	PV-005957144921 28.158
PV-005957169572	31.142	PV-005957169572 31.142
PV-005957169573	28.13	PV-005957169573 28.130
PV-005957169574	28.907	PV-005957169574 28.907
PV-005957849862	31.484	PV-005957849862 31.484
PV-005958137474	27.684	PV-005958137474 27.684
PV-005958171899	26.53	PV-005958171899 26.530
PV-005958231352	27.324	PV-005958231352 27.324
PV-005958231353	30.233	PV-005958231353 30.233
PV-005958327356	26.565	PV-005958327356 26.565
PV-005958417824	27.442	PV-005958417824 27.442
PV-005959021672	26.284	PV-005959021672 26.284
PV-005959026326	29.307	PV-005959026326 29.307
PV-005959095935	27.792	PV-005959095935 27.792
PV-005959095936	30.393	PV-005959095936 30.393
PV-005959095937	27.793	PV-005959095937 27.793
PV-005959203148	30.632	PV-005959203148 30.632
PV-005959232672	28.908	PV-005959232672 28.908
PV-005959705764	25.989	PV-005959705764 25.989
PV-005959795989	26.411	PV-005959795989 26.411
PV-005959818778	30.506	PV-005959818778 30.506
PV-005960259303	31.08	PV-005960259303 31.080
PV-005960625878	28.968	PV-005960625878 28.968
PV-005961054705	29.206	PV-005961054705 29.206
PV-005961054706	31.02	PV-005961054706 31.020
PV-005961212476	29.244	PV-005961212476 29.244
PV-005961902690	30.548	PV-005961902690 30.548
PV-005962131291	31.547	PV-005962131291 31.547
PV-005962607510	30.187	PV-005962607510 30.187
PV-005962826062	28.824	PV-005962826062 28.824
PV-005963577484	31.541	PV-005963577484 31.541
PV-005963598824	28.838	PV-005963598824 28.838
PV-005963810743	29.261	PV-005963810743 29.261
PV-005963860610	30.246	PV-005963860610 30.246
PV-005963860611	29.532	PV-005963860611 29.532
PV-005963860612	30.125	PV-005963860612 30.125
PV-005964242740	29.035	PV-005964242740 29.035
PV-005964529697	31.246	PV-005964529697 31.246
PV-005965333079	26.798	PV-005965333079 26.798
PV-005965367898	31.714	PV-005965367898 31.714
PV-005965367899	29.247	PV-005965367899 29.247
PV-005965367900	27.734	PV-005965367900 27.734
PV-005965468192	29.121	PV-005965468192 29.121
PV-005965530665	27.238	PV-005965530665 27.238
PV-005965747576	28.813	PV-005965747576 28.813
PV-005966704388	29.564	PV-005966704388 29.564
PV-005966775320	26.427	PV-005966775320 26.427
PV-005966862280	29.887	PV-005966862280 29.887
PV-005967214589	27.515	PV-005967214589 27.515
PV-005967647095	26.428	PV-005967647095 26.428
PV-005967941580	28.952	PV-005967941580 28.952
PV-005967941581	25.963	PV-005967941581 25.963
PV-005967941582	26.363	PV-005967941582 26.363
PV-005968411235	26.969	PV-005968411235 26.969
PV-005968492546	28.977	PV-005968492546 28.977
PV-005968969460	29.052	PV-005968969460 29.052
PV-005969420647	27.587	PV-005969420647 27.587
PV-005969569426	31.205	PV-005969569426 31.205
PV-005969659940	30.721	PV-005969659940 30.721
PV-005970124590	28.552	PV-005970124590 28.552
PV-005970329007	29.974	PV-005970329007 29.974
PV-005970581271	30.404	PV-005970581271 30.404
PV-005970643483	29.284	PV-005970643483 29.284
PV-005970705689	30.605	PV-005970705689 30.605
PV-005971842542	30.501	PV-005971842542 30.501
PV-005971842543	28.853	PV-005971842543 28.853
PV-005972514854	29.513	PV-005972514854 29.513
PV-005973575949	26.427	PV-005973575949 26.427
PV-005974587490	27.629	PV-005974587490 27.629
PV-005974642711	30.717	PV-005974642711 30.717
PV-005974676856	25.653	PV-005974676856 25.653
PV-005974784920	28.091	PV-005974784920 28.091
PV-005975149555	26.189	PV-005975149555 26.189
PV-005975193339	30.763	PV-005975193339 30.763
PV-005975352220	27.88	PV-005975352220 27.880
PV-005975352221	28.409	PV-005975352221 28.409
PV-005976645312	30.394	PV-005976645312 30.394
PV-005976671268	30.406	PV-005976671268 30.406
PV-005976707270	28.414	PV-005976707270 28.414
PV-005977194337	29.916	PV-005977194337 29.916
PV-005977287541	30.081	PV-005977287541 30.081
PV-005977472370	32.074	PV-005977472370 32.074
PV-005977475886	30.809	PV-005977475886 30.809
PV-005977475887	29.665	PV-005977475887 29.665
PV-005977475888	29.875	PV-005977475888 29.875
PV-005977714612	26.113	PV-005977714612 26.113
PV-005978865312	31.327	PV-005978865312 31.327
PV-005979290911	29.217	PV-005979290911 29.217
PV-005979864976	26.805	PV-005979864976 26.805
PV-005980098821	28.785	PV-005980098821 28.785
PV-005980506433	28.27	PV-005980506433 28.270
PV-005980742821	29.771	PV-005980742821 29.771
PV-005981201819	25.959	PV-005981201819 25.959
PV-005981550776	27.022	PV-005981550776 27.022
PV-005981959571	25.777	PV-005981959571 25.777
PV-005982097117	30.79	PV-005982097117 30.790
PV-005982114293	29.876	PV-005982114293 29.876
PV-005982166995	28.396	PV-005982166995 28.396
PV-005982386363	29.513	PV-005982386363 29.513
PV-005982471933	26.066	PV-005982471933 26.066
PV-005982471934	29.233	PV-005982471934 29.233
PV-005982471935	25.723	PV-005982471935 25.723
PV-005982476140	31.809	PV-005982476140 31.809
PV-005983181231	27.361	PV-005983181231 27.361
PV-005983336809	26.117	PV-005983336809 26.117
PV-005983638853	28.493	PV-005983638853 28.493
PV-005983755891	29.348	PV-005983755891 29.348
PV-005983958785	26.495	PV-005983958785 26.495
PV-005984002207	28.506	PV-005984002207 28.506
PV-005984002208	29.092	PV-005984002208 29.092
PV-005984002209	29.631	PV-005984002209 29.631
PV-005984766543	31.995	PV-005984766543 31.995
PV-005985179084	27.186	PV-005985179084 27.186
PV-005985552142	27.608	PV-005985552142 27.608
PV-005985846327	29.737	PV-005985846327 29.737
PV-005985944146	29.835	PV-005985944146 29.835
PV-005986155768	26.847	PV-005986155768 26.847
PV-005986178522	26.488	PV-005986178522 26.488
PV-005986786520	29.367	PV-005986786520 29.367
PV-005986859492	29.246	PV-005986859492 29.246
PV-005986967750	26.371	PV-005986967750 26.371
PV-005987239395	29.128	PV-005987239395 29.128
PV-005987239396	31.072	PV-005987239396 31.072
PV-005987239397	28.809	PV-005987239397 28.809
PV-005987240930	29.205	PV-005987240930 29.205
PV-005987429825	29.289	PV-005987429825 29.289
PV-005987782473	29.537	PV-005987782473 29.537
PV-005988948822	30.718	PV-005988948822 30.718
PV-005989394167	29.377	PV-005989394167 29.377
PV-005990116880	31.917	PV-005990116880 31.917
PV-005990496714	30.645	PV-005990496714 30.645
PV-005990528448	30.591	PV-005990528448 30.591
PV-005990784536	30.432	PV-005990784536 30.432
PV-005991006089	26.866	PV-005991006089 26.866
PV-005991315546	28.661	PV-005991315546 28.661
PV-005991685364	26.402	PV-005991685364 26.402
PV-005991821177	26.875	PV-005991821177 26.875
PV-005991982590	27.795	PV-005991982590 27.795
PV-005992400080	30.954	PV-005992400080 30.954
PV-005992400081	31.641	PV-005992400081 31.641
PV-005992400082	31.789	PV-005992400082 31.789
PV-005992487560	29.127	PV-005992487560 29.127
PV-005993124999	30.148	PV-005993124999 30.148
PV-005993198355	28.23	PV-005993198355 28.230
PV-005993356305	30.242	PV-005993356305 30.242
PV-005993688793	28.805	PV-005993688793 28.805
PV-005993990384	30.616	PV-005993990384 30.616
PV-005994185714	29.447	PV-005994185714 29.447
PV-005994318976	29.18	PV-005994318976 29.180
PV-005994323328	27.182	PV-005994323328 27.182
PV-005994323329	26.278	PV-005994323329 26.278
PV-005994323330	27.376	PV-005994323330 27.376
PV-005994523703	27.672	PV-005994523703 27.672
PV-005994548956	30.25	PV-005994548956 30.250
PV-005994596437	30.898	PV-005994596437 30.898
PV-005994596438	29.395	PV-005994596438 29.395
PV-005994596439	28.461	PV-005994596439 28.461
PV-005994955739	29.008	PV-005994955739 29.008
PV-005995540064	30.098	PV-005995540064 30.098
PV-005995560002	27.148	PV-005995560002 27.148
PV-005995917104	29.954	PV-005995917104 29.954
PV-005996039080	28.848	PV-005996039080 28.848
PV-005996039081	30.876	PV-005996039081 30.876
PV-005996745432	31.074	PV-005996745432 31.074
PV-005996911712	28.033	PV-005996911712 28.033
PV-005996911713	30.867	PV-005996911713 30.867
PV-005996911714	27.362	PV-005996911714 27.362
PV-005997196119	30.407	PV-005997196119 30.407
PV-005997554364	28.599	PV-005997554364 28.599
PV-005997690112	26.19	PV-005997690112 26.190
PV-005997793544	30.019	PV-005997793544 30.019
PV-005997793545	30.853	PV-005997793545 30.853
PV-005997948944	26.475	PV-005997948944 26.475
PV-005998204032	30.855	PV-005998204032 30.855
PV-005998246548	28.698	PV-005998246548 28.698
PV-005998246549	30.974	PV-005998246549 30.974
PV-005998246550	30.879	PV-005998246550 30.879
PV-005999076159	29.824	PV-005999076159 29.824
PV-005999134796	30.699	PV-005999134796 30.699
PV-005999406558	28.552	PV-005999406558 28.552
PV-006000154322	29.379	PV-006000154322 29.379
PV-006000272211	25.522	PV-006000272211 25.522
PV-006000272212	28.508	PV-006000272212 28.508
PV-006000272213	28.709	PV-006000272213 28.709
PV-006000854170	28.89	PV-006000854170 28.890
PV-006000988013	26.195	PV-006000988013 26.195
PV-006001837962	29.041	PV-006001837962 29.041
PV-006002077422	31.982	PV-006002077422 31.982
PV-006002088275	28.309	PV-006002088275 28.309
PV-006002113350	31.217	PV-006002113350 31.217
PV-006002134711	31.402	PV-006002134711 31.402
PV-006003173462	26.013	PV-006003173462 26.013
PV-006003596501	28.348	PV-006003596501 28.348
PV-006003692301	26.954	PV-006003692301 26.954
PV-006004003351	31.285	PV-006004003351 31.285
PV-006004019042	29.119	PV-006004019042 29.119
PV-006047712246	29.819	PV-006047712246 29.819
PV-006048075651	30.582	PV-006048075651 30.582
PV-006048075652	26.803	PV-006048075652 26.803
PV-006048075653	27.727	PV-006048075653 27.727
PV-006048138158	30.007	PV-006048138158 30.007
PV-006048403266	29.989	PV-006048403266 29.989
PV-006048554927	30.922	PV-006048554927 30.922
PV-006048777292	29.885	PV-006048777292 29.885
PV-006050190768	29.261	PV-006050190768 29.261
PV-006050387435	30.692	PV-006050387435 30.692
PV-006050683322	31.374	PV-006050683322 31.374
PV-006050683323	30.665	PV-006050683323 30.665
PV-006050683324	26.505	PV-006050683324 26.505
PV-006051605071	28.809	PV-006051605071 28.809
PV-006051906548	28.084	PV-006051906548 28.084
PV-006052244598	25.94	PV-006052244598 25.940
PV-006052655225	29.762	PV-006052655225 29.762
PV-006053371427	30.042	PV-006053371427 30.042
PV-006053467848	29.75	PV-006053467848 29.750
PV-006053663777	28.242	PV-006053663777 28.242
PV-006053663778	28.753	PV-006053663778 28.753
PV-006053663779	26.077	PV-006053663779 26.077
PV-006054058009	26.79	PV-006054058009 26.790
PV-006054373557	30.412	PV-006054373557 30.412
PV-006055090957	29.609	PV-006055090957 29.609
PV-006055182741	30.722	PV-006055182741 30.722
PV-006055809223	28.576	PV-006055809223 28.576
PV-006055862253	27.089	PV-006055862253 27.089
PV-006055979735	29.927	PV-006055979735 29.927
PV-006056315882	28.606	PV-006056315882 28.606
PV-006056753915	29.283	PV-006056753915 29.283
PV-006057118401	32.271	PV-006057118401 32.271
PV-006057191983	29.819	PV-006057191983 29.819
PV-006057379061	28.467	PV-006057379061 28.467
PV-006057551648	28.828	PV-006057551648 28.828
PV-006057551649	28.163	PV-006057551649 28.163
PV-006058107945	25.37	PV-006058107945 25.370
PV-006058456650	31.519	PV-006058456650 31.519
PV-006058551093	30.736	PV-006058551093 30.736
PV-006058608388	28.954	PV-006058608388 28.954
PV-006058737379	27.573	PV-006058737379 27.573
PV-006058737380	30.027	PV-006058737380 30.027
PV-006058737381	30.633	PV-006058737381 30.633
PV-006059043929	28.272	PV-006059043929 28.272
PV-006059052046	28.429	PV-006059052046 28.429
PV-006059052047	27.284	PV-006059052047 27.284
PV-006059052048	31.409	PV-006059052048 31.409
PV-006059562834	31.695	PV-006059562834 31.695
PV-006059656295	26.336	PV-006059656295 26.336
PV-006059722379	32.056	PV-006059722379 32.056
PV-006059836031	28.889	PV-006059836031 28.889
PV-006060161140	29.151	PV-006060161140 29.151
PV-006060211287	25.713	PV-006060211287 25.713
PV-006060657278	30.703	PV-006060657278 30.703
PV-006061207578	29.538	PV-006061207578 29.538
PV-006061497367	29.199	PV-006061497367 29.199
PV-006061692058	26.948	PV-006061692058 26.948
PV-006061842804	26.679	PV-006061842804 26.679
PV-006061991462	26.439	PV-006061991462 26.439
PV-006062033460	26.422	PV-006062033460 26.422
PV-006062033461	32.265	PV-006062033461 32.265
PV-006062033462	29.225	PV-006062033462 29.225
PV-006062116774	29.824	PV-006062116774 29.824
PV-006064420617	29.939	PV-006064420617 29.939
PV-006064585834	29.053	PV-006064585834 29.053
PV-006064585835	29.795	PV-006064585835 29.795
PV-006064585836	26.459	PV-006064585836 26.459
PV-006064879983	30.751	PV-006064879983 30.751
PV-006066061444	26.942	PV-006066061444 26.942
PV-006066061445	31.157	PV-006066061445 31.157
PV-006066061446	29.172	PV-006066061446 29.172
PV-006066078076	29.188	PV-006066078076 29.188
PV-006066314113	30.71	PV-006066314113 30.710
PV-006066956600	30.587	PV-006066956600 30.587
PV-006067401417	28.073	PV-006067401417 28.073
PV-006067602864	32.528	PV-006067602864 32.528
PV-006067791532	29.259	PV-006067791532 29.259
PV-006067840794	29.282	PV-006067840794 29.282
PV-006068323459	27.687	PV-006068323459 27.687
PV-006068343027	28.67	PV-006068343027 28.670
PV-006068785519	28.016	PV-006068785519 28.016
PV-006069125836	25.87	PV-006069125836 25.870
PV-006069216620	29.712	PV-006069216620 29.712
PV-006070164829	26.167	PV-006070164829 26.167
PV-006070214644	29.111	PV-006070214644 29.111
PV-006070259998	31.362	PV-006070259998 31.362
PV-006070532406	28.071	PV-006070532406 28.071
PV-006070663586	31.14	PV-006070663586 31.140
PV-006070684413	26.254	PV-006070684413 26.254
PV-006070855307	29.27	PV-006070855307 29.270
PV-006070890160	30.803	PV-006070890160 30.803
PV-006071045990	26.409	PV-006071045990 26.409
PV-006071182184	31.26	PV-006071182184 31.260
PV-006071320495	27.104	PV-006071320495 27.104
PV-006071320496	32.015	PV-006071320496 32.015
PV-006071320497	30.243	PV-006071320497 30.243
PV-006071456992	30.748	PV-006071456992 30.748
PV-006071500466	26.805	PV-006071500466 26.805
PV-006071715358	31.637	PV-006071715358 31.637
PV-006071980091	28.35	PV-006071980091 28.350
PV-006004081347	29.223	PV-006004081347 29.223
PV-006004081348	26.875	PV-006004081348 26.875
PV-006004191378	31.05	PV-006004191378 31.050
PV-006004756220	26.51	PV-006004756220 26.510
PV-006004786763	28.408	PV-006004786763 28.408
PV-006004871146	29.184	PV-006004871146 29.184
PV-006004871147	26.089	PV-006004871147 26.089
PV-006004944906	31.225	PV-006004944906 31.225
PV-006005497810	27.574	PV-006005497810 27.574
PV-006005498403	29.504	PV-006005498403 29.504
PV-006005550076	31.06	PV-006005550076 31.060
PV-006005550077	28.669	PV-006005550077 28.669
PV-006005614289	30.659	PV-006005614289 30.659
PV-006005614290	28.716	PV-006005614290 28.716
PV-006005658418	28.618	PV-006005658418 28.618
PV-006006042968	26.755	PV-006006042968 26.755
PV-006006274154	28.886	PV-006006274154 28.886
PV-006006305135	30.12	PV-006006305135 30.120
PV-006006327431	28.716	PV-006006327431 28.716
PV-006006811713	29.677	PV-006006811713 29.677
PV-006006966295	29.047	PV-006006966295 29.047
PV-006007208707	31.388	PV-006007208707 31.388
PV-006007286778	26.545	PV-006007286778 26.545
PV-006007530140	27.111	PV-006007530140 27.111
PV-006007755724	27.216	PV-006007755724 27.216
PV-006007925745	27.245	PV-006007925745 27.245
PV-006007946434	29.363	PV-006007946434 29.363
PV-006008464759	27.749	PV-006008464759 27.749
PV-006008464760	31.733	PV-006008464760 31.733
PV-006008677531	29.167	PV-006008677531 29.167
PV-006008677532	27.113	PV-006008677532 27.113
PV-006009046017	26.826	PV-006009046017 26.826
PV-006009659586	28.136	PV-006009659586 28.136
PV-006009762787	30.729	PV-006009762787 30.729
PV-006010385460	27.659	PV-006010385460 27.659
PV-006010597875	25.656	PV-006010597875 25.656
PV-006010767902	27.089	PV-006010767902 27.089
PV-006010829443	26.271	PV-006010829443 26.271
PV-006011836714	25.982	PV-006011836714 25.982
PV-006011977844	27.356	PV-006011977844 27.356
PV-006012109049	29.442	PV-006012109049 29.442
PV-006012182910	27.455	PV-006012182910 27.455
PV-006012249272	29.794	PV-006012249272 29.794
PV-006012601734	28.191	PV-006012601734 28.191
PV-006012773324	29.837	PV-006012773324 29.837
PV-006012773325	28.671	PV-006012773325 28.671
PV-006012773326	27.081	PV-006012773326 27.081
PV-006012773327	31.235	PV-006012773327 31.235
PV-006012773328	29.512	PV-006012773328 29.512
PV-006012773329	29.188	PV-006012773329 29.188
PV-006014167701	30.145	PV-006014167701 30.145
PV-006014575639	31.294	PV-006014575639 31.294
PV-006014983305	31.304	PV-006014983305 31.304
PV-006014983306	29.344	PV-006014983306 29.344
PV-006014983307	26.73	PV-006014983307 26.730
PV-006015019473	29.04	PV-006015019473 29.040
PV-006015188431	31.317	PV-006015188431 31.317
PV-006016066076	28.749	PV-006016066076 28.749
PV-006016366604	29.051	PV-006016366604 29.051
PV-006016470343	31.195	PV-006016470343 31.195
PV-006016597528	28.34	PV-006016597528 28.340
PV-006016597529	30.209	PV-006016597529 30.209
PV-006016597530	29.905	PV-006016597530 29.905
PV-006016743460	29.963	PV-006016743460 29.963
PV-006016790211	31.574	PV-006016790211 31.574
PV-006017083756	28.604	PV-006017083756 28.604
PV-006017207170	27.491	PV-006017207170 27.491
PV-006017458089	30.038	PV-006017458089 30.038
PV-006017571662	27.54	PV-006017571662 27.540
PV-006017593230	30.764	PV-006017593230 30.764
PV-006017593231	28.186	PV-006017593231 28.186
PV-006017593232	29.644	PV-006017593232 29.644
PV-006017698442	25.969	PV-006017698442 25.969
PV-006018011995	26.636	PV-006018011995 26.636
PV-006018011996	26.16	PV-006018011996 26.160
PV-006018011997	26.025	PV-006018011997 26.025
PV-006018108345	31.482	PV-006018108345 31.482
PV-006018203746	31.577	PV-006018203746 31.577
PV-006018382557	28.715	PV-006018382557 28.715
PV-006018769092	30.186	PV-006018769092 30.186
PV-006018919856	28.843	PV-006018919856 28.843
PV-006019749318	29.625	PV-006019749318 29.625
PV-006019749319	26.182	PV-006019749319 26.182
PV-006019878714	30.009	PV-006019878714 30.009
PV-006019940721	27.526	PV-006019940721 27.526
PV-006019969239	28.331	PV-006019969239 28.331
PV-006021058024	31.242	PV-006021058024 31.242
PV-006021157714	30.206	PV-006021157714 30.206
PV-006021797819	31.76	PV-006021797819 31.760
PV-006022330274	31.542	PV-006022330274 31.542
PV-006022502132	30.534	PV-006022502132 30.534
PV-006022894080	30.075	PV-006022894080 30.075
PV-006023259298	31.305	PV-006023259298 31.305
PV-006023693140	28.932	PV-006023693140 28.932
PV-006023787454	29.095	PV-006023787454 29.095
PV-006024196539	28.85	PV-006024196539 28.850
PV-006024196540	30.794	PV-006024196540 30.794
PV-006024302568	29.784	PV-006024302568 29.784
PV-006025194242	30.57	PV-006025194242 30.570
PV-006071980092	28.691	PV-006071980092 28.691
PV-006071980093	30.548	PV-006071980093 30.548
PV-006072345613	29.542	PV-006072345613 29.542
PV-006074064271	29.647	PV-006074064271 29.647
PV-006074490815	26.032	PV-006074490815 26.032
PV-006074725132	28.871	PV-006074725132 28.871
PV-006075031521	26.341	PV-006075031521 26.341
PV-006075104858	31.75	PV-006075104858 31.750
PV-006075779416	31.203	PV-006075779416 31.203
PV-006075942675	30.821	PV-006075942675 30.821
PV-006075942676	29.429	PV-006075942676 29.429
PV-006075942677	30.832	PV-006075942677 30.832
PV-006076835928	31.258	PV-006076835928 31.258
PV-006077030639	28.018	PV-006077030639 28.018
PV-006077030640	30.847	PV-006077030640 30.847
PV-006077030641	31.533	PV-006077030641 31.533
PV-006077089522	29.217	PV-006077089522 29.217
PV-006077295728	30.685	PV-006077295728 30.685
PV-006077755245	26.345	PV-006077755245 26.345
PV-006077755246	27.714	PV-006077755246 27.714
PV-006077792056	29.197	PV-006077792056 29.197
PV-006078369073	27.405	PV-006078369073 27.405
PV-006080481942	30.58	PV-006080481942 30.580
PV-006080566925	31.632	PV-006080566925 31.632
PV-006080866395	30.183	PV-006080866395 30.183
PV-006080959606	31.894	PV-006080959606 31.894
PV-006082942340	28.631	PV-006082942340 28.631
PV-006083001059	29.587	PV-006083001059 29.587
PV-006083001060	30.715	PV-006083001060 30.715
PV-006083033178	30.59	PV-006083033178 30.590
PV-006083037456	27.291	PV-006083037456 27.291
PV-006083673633	30.421	PV-006083673633 30.421
PV-006083983274	28.952	PV-006083983274 28.952
PV-006084661251	31.768	PV-006084661251 31.768
PV-006084939395	29.0	PV-006084939395 29.000
PV-006084939396	31.981	PV-006084939396 31.981
PV-006085951315	31.003	PV-006085951315 31.003
PV-006086603489	29.93	PV-006086603489 29.930
PV-006086719141	26.016	PV-006086719141 26.016
PV-006086909150	30.24	PV-006086909150 30.240
PV-006086909151	29.204	PV-006086909151 29.204
PV-006086909152	28.834	PV-006086909152 28.834
PV-006087050723	26.216	PV-006087050723 26.216
PV-006087647352	28.435	PV-006087647352 28.435
PV-006087734249	28.319	PV-006087734249 28.319
PV-006088021995	29.319	PV-006088021995 29.319
PV-006088062255	29.18	PV-006088062255 29.180
PV-006088081684	28.997	PV-006088081684 28.997
PV-006088106667	29.814	PV-006088106667 29.814
PV-006088127078	30.846	PV-006088127078 30.846
PV-006088127079	29.114	PV-006088127079 29.114
PV-006088127080	29.123	PV-006088127080 29.123
PV-006088212310	29.321	PV-006088212310 29.321
PV-006088888472	31.209	PV-006088888472 31.209
PV-006088888473	27.881	PV-006088888473 27.881
PV-006088888474	30.274	PV-006088888474 30.274
PV-006089184416	29.489	PV-006089184416 29.489
PV-006089184417	26.059	PV-006089184417 26.059
PV-006089184418	30.376	PV-006089184418 30.376
PV-006090257731	29.312	PV-006090257731 29.312
PV-006090801967	29.26	PV-006090801967 29.260
PV-006091149120	27.244	PV-006091149120 27.244
PV-006091318700	30.687	PV-006091318700 30.687
PV-006092018196	30.854	PV-006092018196 30.854
PV-006092183893	30.159	PV-006092183893 30.159
PV-006092183894	29.59	PV-006092183894 29.590
PV-006093057355	29.986	PV-006093057355 29.986
PV-006093173966	32.007	PV-006093173966 32.007
PV-006093196246	26.776	PV-006093196246 26.776
PV-006093402863	26.702	PV-006093402863 26.702
PV-006093642809	26.752	PV-006093642809 26.752
PV-006093925795	27.189	PV-006093925795 27.189
PV-006094022237	26.579	PV-006094022237 26.579
PV-006094104377	29.518	PV-006094104377 29.518
PV-006094385419	26.161	PV-006094385419 26.161
PV-006094843727	29.565	PV-006094843727 29.565
PV-006095164152	31.866	PV-006095164152 31.866
PV-006095254135	30.033	PV-006095254135 30.033
PV-006096068509	26.409	PV-006096068509 26.409
PV-006096264537	29.229	PV-006096264537 29.229
PV-006096267596	27.877	PV-006096267596 27.877
PV-006096366782	30.178	PV-006096366782 30.178
PV-006096366783	31.028	PV-006096366783 31.028
PV-006096366784	28.187	PV-006096366784 28.187
PV-006096375432	29.175	PV-006096375432 29.175
PV-006096415759	26.142	PV-006096415759 26.142
PV-006096979037	29.515	PV-006096979037 29.515
PV-006097441604	29.638	PV-006097441604 29.638
PV-006097441605	28.04	PV-006097441605 28.040
PV-006097441606	26.199	PV-006097441606 26.199
PV-006097714635	29.006	PV-006097714635 29.006
PV-006097967350	26.532	PV-006097967350 26.532
PV-006098410466	27.558	PV-006098410466 27.558
PV-006100215682	29.253	PV-006100215682 29.253
PV-006100432097	28.556	PV-006100432097 28.556
PV-006100773061	28.55	PV-006100773061 28.550
PV-006101192180	26.549	PV-006101192180 26.549
PV-006025194243	30.339	PV-006025194243 30.339
PV-006025646934	28.003	PV-006025646934 28.003
PV-006025763075	28.465	PV-006025763075 28.465
PV-006025814708	29.613	PV-006025814708 29.613
PV-006025872478	29.425	PV-006025872478 29.425
PV-006025922968	30.815	PV-006025922968 30.815
PV-006025956787	28.319	PV-006025956787 28.319
PV-006026088299	30.767	PV-006026088299 30.767
PV-006026373509	29.836	PV-006026373509 29.836
PV-006026598854	29.296	PV-006026598854 29.296
PV-006026598855	30.296	PV-006026598855 30.296
PV-006026598856	29.058	PV-006026598856 29.058
PV-006026908162	26.594	PV-006026908162 26.594
PV-006026966610	27.791	PV-006026966610 27.791
PV-006026966611	31.732	PV-006026966611 31.732
PV-006026966612	29.332	PV-006026966612 29.332
PV-006027201855	29.286	PV-006027201855 29.286
PV-006027618977	29.408	PV-006027618977 29.408
PV-006027680072	27.489	PV-006027680072 27.489
PV-006027883102	30.146	PV-006027883102 30.146
PV-006028314593	29.503	PV-006028314593 29.503
PV-006028314594	28.653	PV-006028314594 28.653
PV-006028314595	29.837	PV-006028314595 29.837
PV-006028686230	27.442	PV-006028686230 27.442
PV-006028740213	28.706	PV-006028740213 28.706
PV-006028891892	28.597	PV-006028891892 28.597
PV-006028974306	31.54	PV-006028974306 31.540
PV-006029138479	32.13	PV-006029138479 32.130
PV-006029555082	31.341	PV-006029555082 31.341
PV-006029599419	28.361	PV-006029599419 28.361
PV-006029892705	26.181	PV-006029892705 26.181
PV-006029892706	29.218	PV-006029892706 29.218
PV-006029909965	31.557	PV-006029909965 31.557
PV-006030214089	29.837	PV-006030214089 29.837
PV-006030505460	28.827	PV-006030505460 28.827
PV-006030738916	31.36	PV-006030738916 31.360
PV-006030738917	30.543	PV-006030738917 30.543
PV-006030738918	31.88	PV-006030738918 31.880
PV-006030921893	26.054	PV-006030921893 26.054
PV-006031065215	29.559	PV-006031065215 29.559
PV-006031065216	25.907	PV-006031065216 25.907
PV-006032080680	25.552	PV-006032080680 25.552
PV-006032672542	32.003	PV-006032672542 32.003
PV-006032695830	30.407	PV-006032695830 30.407
PV-006032902469	28.663	PV-006032902469 28.663
PV-006032902470	30.418	PV-006032902470 30.418
PV-006033558235	26.569	PV-006033558235 26.569
PV-006033639913	29.708	PV-006033639913 29.708
PV-006034127044	27.85	PV-006034127044 27.850
PV-006034544003	30.934	PV-006034544003 30.934
PV-006034576171	29.637	PV-006034576171 29.637
PV-006034765592	29.69	PV-006034765592 29.690
PV-006034783940	31.786	PV-006034783940 31.786
PV-006035213650	29.007	PV-006035213650 29.007
PV-006035296299	27.595	PV-006035296299 27.595
PV-006035938026	31.374	PV-006035938026 31.374
PV-006035938027	28.341	PV-006035938027 28.341
PV-006036327761	32.993	PV-006036327761 32.993
PV-006036701994	29.958	PV-006036701994 29.958
PV-006037065183	26.888	PV-006037065183 26.888
PV-006037200562	31.344	PV-006037200562 31.344
PV-006037398276	29.62	PV-006037398276 29.620
PV-006038186499	26.603	PV-006038186499 26.603
PV-006039288490	30.747	PV-006039288490 30.747
PV-006039455410	28.167	PV-006039455410 28.167
PV-006039677532	28.366	PV-006039677532 28.366
PV-006040620531	28.838	PV-006040620531 28.838
PV-006040745228	27.106	PV-006040745228 27.106
PV-006040745229	27.261	PV-006040745229 27.261
PV-006040870260	31.583	PV-006040870260 31.583
PV-006041559296	30.182	PV-006041559296 30.182
PV-006041559297	28.846	PV-006041559297 28.846
PV-006041796848	29.758	PV-006041796848 29.758
PV-006041862740	26.84	PV-006041862740 26.840
PV-006042035294	26.166	PV-006042035294 26.166
PV-006042269710	26.294	PV-006042269710 26.294
PV-006042542658	31.159	PV-006042542658 31.159
PV-006042852735	30.194	PV-006042852735 30.194
PV-006042946837	30.921	PV-006042946837 30.921
PV-006043290976	30.834	PV-006043290976 30.834
PV-006043476102	29.379	PV-006043476102 29.379
PV-006044087997	26.035	PV-006044087997 26.035
PV-006044639970	25.859	PV-006044639970 25.859
PV-006045665192	27.152	PV-006045665192 27.152
PV-006045665193	28.146	PV-006045665193 28.146
PV-006045665194	32.454	PV-006045665194 32.454
PV-006045665195	29.58	PV-006045665195 29.580
PV-006045665196	31.212	PV-006045665196 31.212
PV-006045665197	30.063	PV-006045665197 30.063
PV-006045688462	27.907	PV-006045688462 27.907
PV-006045688463	28.717	PV-006045688463 28.717
PV-006045688464	28.644	PV-006045688464 28.644
PV-006045688465	29.315	PV-006045688465 29.315
PV-006046221220	29.159	PV-006046221220 29.159
PV-006046230548	31.796	PV-006046230548 31.796
PV-006046477062	31.205	PV-006046477062 31.205
PV-006046477063	29.65	PV-006046477063 29.650
PV-006046477064	26.991	PV-006046477064 26.991
PV-006047253856	31.477	PV-006047253856 31.477
PV-006047711038	29.397	PV-006047711038 29.397
PV-006101361669	31.332	PV-006101361669 31.332
PV-006101785506	27.493	PV-006101785506 27.493
PV-006101976734	31.124	PV-006101976734 31.124
PV-006102600806	30.767	PV-006102600806 30.767
PV-006102651676	27.396	PV-006102651676 27.396
PV-006103004959	25.577	PV-006103004959 25.577
PV-006103131890	28.703	PV-006103131890 28.703
PV-006103548002	28.789	PV-006103548002 28.789
PV-006104747924	30.615	PV-006104747924 30.615
PV-006104747925	28.357	PV-006104747925 28.357
PV-006104747926	30.682	PV-006104747926 30.682
PV-006104774010	27.313	PV-006104774010 27.313
PV-006105011234	26.324	PV-006105011234 26.324
PV-006105421869	26.406	PV-006105421869 26.406
PV-006105516646	30.289	PV-006105516646 30.289
PV-006105592843	31.038	PV-006105592843 31.038
PV-006105884544	31.786	PV-006105884544 31.786
PV-006105929447	27.55	PV-006105929447 27.550
PV-006106286144	30.125	PV-006106286144 30.125
PV-006106286145	29.088	PV-006106286145 29.088
PV-006106415594	26.571	PV-006106415594 26.571
PV-006106813833	28.789	PV-006106813833 28.789
PV-006107415125	26.203	PV-006107415125 26.203
PV-006108100090	26.642	PV-006108100090 26.642
PV-006108520570	28.139	PV-006108520570 28.139
PV-006108654770	29.225	PV-006108654770 29.225
PV-006108654771	26.01	PV-006108654771 26.010
PV-006108654772	26.992	PV-006108654772 26.992
PV-006109039807	30.422	PV-006109039807 30.422
PV-006109082124	26.669	PV-006109082124 26.669
PV-006109229469	29.326	PV-006109229469 29.326
PV-006109296610	29.123	PV-006109296610 29.123
PV-006109352467	32.232	PV-006109352467 32.232
PV-006109773593	31.742	PV-006109773593 31.742
PV-006110271716	27.235	PV-006110271716 27.235
PV-006110918750	31.086	PV-006110918750 31.086
PV-006111122046	29.418	PV-006111122046 29.418
PV-006111135767	26.731	PV-006111135767 26.731
PV-006111135768	28.748	PV-006111135768 28.748
PV-006111135769	27.767	PV-006111135769 27.767
PV-006111142172	29.423	PV-006111142172 29.423
PV-006111838682	29.309	PV-006111838682 29.309
PV-006111838683	31.084	PV-006111838683 31.084
PV-006112167125	29.929	PV-006112167125 29.929
PV-006113249728	30.503	PV-006113249728 30.503
PV-006113805279	30.048	PV-006113805279 30.048
PV-006113824763	29.348	PV-006113824763 29.348
PV-006114761958	29.505	PV-006114761958 29.505
PV-006114807173	26.712	PV-006114807173 26.712
PV-006115163129	30.477	PV-006115163129 30.477
PV-006115215446	28.75	PV-006115215446 28.750
PV-006115308147	31.666	PV-006115308147 31.666
PV-006115510802	28.979	PV-006115510802 28.979
PV-006115574829	29.06	PV-006115574829 29.060
PV-006115581961	26.393	PV-006115581961 26.393
PV-006115876712	28.777	PV-006115876712 28.777
PV-006116297420	29.776	PV-006116297420 29.776
PV-006116297421	29.577	PV-006116297421 29.577
PV-006117818907	28.701	PV-006117818907 28.701
PV-006118277031	30.204	PV-006118277031 30.204
PV-006118375344	31.832	PV-006118375344 31.832
PV-006118382301	29.411	PV-006118382301 29.411
PV-006118404943	28.087	PV-006118404943 28.087
PV-006118479307	30.323	PV-006118479307 30.323
PV-006118817891	28.663	PV-006118817891 28.663
PV-006118817892	31.511	PV-006118817892 31.511
PV-006118817893	26.269	PV-006118817893 26.269
PV-006118821804	28.729	PV-006118821804 28.729
PV-006119346576	26.728	PV-006119346576 26.728
PV-006120279563	26.305	PV-006120279563 26.305
PV-006120286804	30.464	PV-006120286804 30.464
PV-006120914512	26.353	PV-006120914512 26.353
PV-006121018233	31.704	PV-006121018233 31.704
PV-006121726989	30.554	PV-006121726989 30.554
PV-006121726990	29.105	PV-006121726990 29.105
PV-006121810238	30.911	PV-006121810238 30.911
PV-006122237794	32.546	PV-006122237794 32.546
PV-006122421543	30.902	PV-006122421543 30.902
PV-006122723891	28.89	PV-006122723891 28.890
PV-006122852825	30.926	PV-006122852825 30.926
PV-006122877549	28.855	PV-006122877549 28.855
PV-006123315778	30.325	PV-006123315778 30.325
PV-006124336684	31.465	PV-006124336684 31.465
PV-006124393152	26.679	PV-006124393152 26.679
PV-006124645537	30.92	PV-006124645537 30.920
PV-006124645538	29.051	PV-006124645538 29.051
PV-006125090225	30.637	PV-006125090225 30.637
PV-006125269788	28.78	PV-006125269788 28.780
PV-006125270057	26.701	PV-006125270057 26.701
PV-006125321094	29.508	PV-006125321094 29.508
PV-006125716547	29.032	PV-006125716547 29.032
PV-006126232726	26.6	PV-006126232726 26.600
PV-006126665607	26.284	PV-006126665607 26.284
PV-006126665608	29.787	PV-006126665608 29.787
PV-006126665609	28.966	PV-006126665609 28.966
PV-006127519702	27.699	PV-006127519702 27.699
PV-006127519703	29.142	PV-006127519703 29.142
PV-006127519704	28.292	PV-006127519704 28.292
PV-006127836411	30.012	PV-006127836411 30.012
PV-006127895217	26.208	PV-006127895217 26.208
PV-006127936256	29.245	PV-006127936256 29.245
PV-006128062234	31.144	PV-006128062234 31.144
PV-006128136285	28.877	PV-006128136285 28.877
PV-006128539739	30.413	PV-006128539739 30.413
PV-006128686285	30.576	PV-006128686285 30.576
PV-006129041294	25.836	PV-006129041294 25.836
PV-006129126621	29.772	PV-006129126621 29.772
PV-006129422922	29.69	PV-006129422922 29.690
PV-006129560773	28.837	PV-006129560773 28.837
PV-006129658829	29.048	PV-006129658829 29.048
PV-006129882754	30.231	PV-006129882754 30.231
PV-006131284859	26.422	PV-006131284859 26.422
PV-006131284860	30.957	PV-006131284860 30.957
PV-006131284861	26.326	PV-006131284861 26.326
PV-006131664546	26.354	PV-006131664546 26.354
PV-006131774500	30.997	PV-006131774500 30.997
PV-006131774501	30.744	PV-006131774501 30.744
PV-006132005246	30.652	PV-006132005246 30.652
PV-006132005247	29.788	PV-006132005247 29.788
PV-006132005248	27.52	PV-006132005248 27.520
PV-006132166394	26.271	PV-006132166394 26.271
PV-006132546293	29.624	PV-006132546293 29.624
PV-006132571396	29.245	PV-006132571396 29.245
PV-006132969402	30.811	PV-006132969402 30.811
PV-006133003708	29.192	PV-006133003708 29.192
PV-006133244133	31.19	PV-006133244133 31.190
PV-006133584800	29.321	PV-006133584800 29.321
PV-006133687219	30.322	PV-006133687219 30.322
PV-006134626339	26.002	PV-006134626339 26.002
PV-006135245709	26.58	PV-006135245709 26.580
PV-006135403117	26.242	PV-006135403117 26.242
PV-006135418932	29.816	PV-006135418932 29.816
PV-006135456400	29.067	PV-006135456400 29.067
PV-006135860217	29.129	PV-006135860217 29.129
PV-006136452649	26.838	PV-006136452649 26.838
PV-006136585070	30.32	PV-006136585070 30.320
PV-006137715095	29.121	PV-006137715095 29.121
PV-006137985914	30.365	PV-006137985914 30.365
PV-006138039788	30.982	PV-006138039788 30.982
PV-006138261342	28.84	PV-006138261342 28.840
PV-006138384458	26.725	PV-006138384458 26.725
PV-006138384459	28.423	PV-006138384459 28.423
PV-006138384460	29.919	PV-006138384460 29.919
PV-006138409428	29.778	PV-006138409428 29.778
PV-006138409429	29.449	PV-006138409429 29.449
PV-006138409430	29.995	PV-006138409430 29.995
PV-006138680012	29.307	PV-006138680012 29.307
PV-006138680013	32.076	PV-006138680013 32.076
PV-006139069679	28.913	PV-006139069679 28.913
PV-006139213333	28.43	PV-006139213333 28.430
PV-006139494179	26.533	PV-006139494179 26.533
PV-006139966638	31.575	PV-006139966638 31.575
PV-006140881216	30.717	PV-006140881216 30.717
PV-006140997259	30.564	PV-006140997259 30.564
PV-006141140548	30.174	PV-006141140548 30.174
PV-006141476819	27.251	PV-006141476819 27.251
PV-006141791636	30.504	PV-006141791636 30.504
PV-006142020910	30.91	PV-006142020910 30.910
PV-006142068649	31.066	PV-006142068649 31.066
PV-006142275683	27.159	PV-006142275683 27.159
PV-006142341450	26.558	PV-006142341450 26.558
PV-006142353131	30.633	PV-006142353131 30.633
PV-006143298904	29.886	PV-006143298904 29.886
PV-006143829961	30.823	PV-006143829961 30.823
PV-006144001894	27.234	PV-006144001894 27.234
PV-006144559767	31.099	PV-006144559767 31.099
PV-006145972571	30.204	PV-006145972571 30.204
PV-006146100488	31.132	PV-006146100488 31.132
PV-006147367916	29.628	PV-006147367916 29.628
PV-006147892740	29.712	PV-006147892740 29.712
PV-006147921498	27.231	PV-006147921498 27.231
PV-006148126789	30.442	PV-006148126789 30.442
PV-006148126790	25.886	PV-006148126790 25.886
PV-006148241880	28.146	PV-006148241880 28.146
PV-006148418219	30.994	PV-006148418219 30.994
PV-006148874415	28.681	PV-006148874415 28.681
PV-006148915423	31.578	PV-006148915423 31.578
PV-006149001642	30.547	PV-006149001642 30.547
PV-006149028592	30.127	PV-006149028592 30.127
PV-006149104329	26.313	PV-006149104329 26.313
PV-006149152928	30.859	PV-006149152928 30.859
PV-006149593770	28.931	PV-006149593770 28.931
PV-006149942857	26.052	PV-006149942857 26.052
PV-006149942858	26.703	PV-006149942858 26.703
PV-006149942859	29.079	PV-006149942859 29.079
PV-006149957177	30.243	PV-006149957177 30.243
PV-006150632419	29.66	PV-006150632419 29.660
PV-006150685665	29.04	PV-006150685665 29.040
PV-006150869960	29.13	PV-006150869960 29.130
PV-006151516933	29.166	PV-006151516933 29.166
PV-006151866890	25.883	PV-006151866890 25.883
PV-006151924451	26.67	PV-006151924451 26.670
PV-006151945554	30.012	PV-006151945554 30.012
PV-006152276325	25.97	PV-006152276325 25.970
PV-006152276326	28.913	PV-006152276326 28.913
PV-006152276327	29.954	PV-006152276327 29.954
PV-006152342365	30.658	PV-006152342365 30.658
PV-006152566381	28.844	PV-006152566381 28.844
PV-006152612085	30.886	PV-006152612085 30.886
PV-006152760227	27.26	PV-006152760227 27.260
PV-006153808721	28.768	PV-006153808721 28.768
PV-006153847230	30.204	PV-006153847230 30.204
PV-006153898432	32.092	PV-006153898432 32.092
PV-006154244998	28.447	PV-006154244998 28.447
PV-006154329979	30.782	PV-006154329979 30.782
PV-006154329980	30.383	PV-006154329980 30.383
PV-006154329981	30.221	PV-006154329981 30.221
PV-006154488646	26.555	PV-006154488646 26.555
PV-006155361065	31.164	PV-006155361065 31.164
PV-006155661333	30.947	PV-006155661333 30.947
PV-006155913716	30.199	PV-006155913716 30.199
PV-006155971960	28.383	PV-006155971960 28.383
PV-006156136790	27.898	PV-006156136790 27.898
PV-006156475832	30.539	PV-006156475832 30.539
PV-006156495577	29.796	PV-006156495577 29.796
PV-006157546689	30.6	PV-006157546689 30.600
PV-006157546690	30.317	PV-006157546690 30.317
PV-006157683173	26.995	PV-006157683173 26.995
PV-006158111372	29.522	PV-006158111372 29.522
PV-006158641847	28.384	PV-006158641847 28.384
PV-006158851064	28.705	PV-006158851064 28.705
PV-006158851065	29.046	PV-006158851065 29.046
PV-006158879280	28.818	PV-006158879280 28.818
PV-006158879281	30.982	PV-006158879281 30.982
PV-006158879282	25.471	PV-006158879282 25.471
PV-006158982582	26.688	PV-006158982582 26.688
PV-006159276459	30.831	PV-006159276459 30.831
PV-006159818108	29.161	PV-006159818108 29.161
PV-006160424589	30.789	PV-006160424589 30.789
PV-006160424590	29.781	PV-006160424590 29.781
PV-006160463931	27.888	PV-006160463931 27.888
PV-006160463932	28.561	PV-006160463932 28.561
PV-006160607747	28.958	PV-006160607747 28.958
PV-006160607748	30.543	PV-006160607748 30.543
PV-006160607749	30.86	PV-006160607749 30.860
PV-006160749974	29.901	PV-006160749974 29.901
PV-006160938467	28.605	PV-006160938467 28.605
PV-006161089548	28.893	PV-006161089548 28.893
PV-006161095726	29.447	PV-006161095726 29.447
PV-006162090822	29.137	PV-006162090822 29.137
PV-006162280026	31.292	PV-006162280026 31.292
PV-006162987281	25.913	PV-006162987281 25.913
PV-006163063583	31.058	PV-006163063583 31.058
PV-006163209264	29.942	PV-006163209264 29.942
PV-006163354071	29.452	PV-006163354071 29.452
PV-006163354072	31.446	PV-006163354072 31.446
PV-006163359375	29.696	PV-006163359375 29.696
PV-006163835485	25.671	PV-006163835485 25.671
PV-006163835486	30.383	PV-006163835486 30.383
PV-006163877142	30.01	PV-006163877142 30.010
PV-006164540989	25.484	PV-006164540989 25.484
PV-006164540990	29.667	PV-006164540990 29.667
PV-006164540991	30.645	PV-006164540991 30.645
PV-006164665057	31.147	PV-006164665057 31.147
PV-006164697860	25.595	PV-006164697860 25.595
PV-006164794517	29.374	PV-006164794517 29.374
PV-006164929673	29.269	PV-006164929673 29.269
PV-006165333300	30.837	PV-006165333300 30.837
PV-006165418428	26.07	PV-006165418428 26.070
PV-006165418429	29.603	PV-006165418429 29.603
PV-006165451222	29.685	PV-006165451222 29.685
PV-006165485834	32.007	PV-006165485834 32.007
PV-006165506788	31.747	PV-006165506788 31.747
PV-006165506789	30.28	PV-006165506789 30.280
PV-006166078503	31.008	PV-006166078503 31.008
PV-006166485611	26.43	PV-006166485611 26.430
PV-006166987224	25.881	PV-006166987224 25.881
PV-006167054842	30.987	PV-006167054842 30.987
PV-006167353992	30.751	PV-006167353992 30.751
PV-006167435486	29.856	PV-006167435486 29.856
PV-006168066233	28.381	PV-006168066233 28.381
PV-006168098088	30.709	PV-006168098088 30.709
PV-006168211117	31.342	PV-006168211117 31.342
PV-006168241480	31.081	PV-006168241480 31.081
PV-006168846600	30.435	PV-006168846600 30.435
PV-006168877143	27.593	PV-006168877143 27.593
PV-006168894460	25.634	PV-006168894460 25.634
PV-006169350255	27.036	PV-006169350255 27.036
PV-006169732221	29.791	PV-006169732221 29.791
PV-006169973610	29.839	PV-006169973610 29.839
PV-006170010364	27.56	PV-006170010364 27.560
PV-006170169495	29.991	PV-006170169495 29.991
PV-006170365299	27.785	PV-006170365299 27.785
PV-006170607713	29.629	PV-006170607713 29.629
PV-006170749432	26.825	PV-006170749432 26.825
PV-006170819839	29.821	PV-006170819839 29.821
PV-006171678333	31.916	PV-006171678333 31.916
PV-006171700228	29.613	PV-006171700228 29.613
PV-006171776100	31.396	PV-006171776100 31.396
PV-006172242951	28.174	PV-006172242951 28.174
PV-006172482708	29.906	PV-006172482708 29.906
PV-006173133050	27.514	PV-006173133050 27.514
PV-006173506619	28.4	PV-006173506619 28.400
PV-006173506620	26.57	PV-006173506620 26.570
PV-006173506621	30.556	PV-006173506621 30.556
PV-006173888737	30.523	PV-006173888737 30.523
PV-006173894816	32.419	PV-006173894816 32.419
PV-006173928007	28.976	PV-006173928007 28.976
PV-006174030145	31.504	PV-006174030145 31.504
PV-006174215402	31.516	PV-006174215402 31.516
PV-006174491244	29.257	PV-006174491244 29.257
PV-006174491245	29.006	PV-006174491245 29.006
PV-006174491246	30.826	PV-006174491246 30.826
PV-006174518647	26.296	PV-006174518647 26.296
PV-006175336628	28.949	PV-006175336628 28.949
PV-006175347499	30.287	PV-006175347499 30.287
PV-006175533063	25.85	PV-006175533063 25.850
PV-006175981489	28.936	PV-006175981489 28.936
PV-006176190951	28.721	PV-006176190951 28.721
PV-006176569177	26.779	PV-006176569177 26.779
PV-006176569178	30.965	PV-006176569178 30.965
PV-006176569179	28.967	PV-006176569179 28.967
PV-006176951047	28.84	PV-006176951047 28.840
PV-006176951048	29.159	PV-006176951048 29.159
PV-006176951049	31.17	PV-006176951049 31.170
PV-006177178441	30.206	PV-006177178441 30.206
PV-006177741225	31.211	PV-006177741225 31.211
PV-006177741226	30.221	PV-006177741226 30.221
PV-006177848930	31.698	PV-006177848930 31.698
PV-006178135726	29.327	PV-006178135726 29.327
PV-006178374852	29.025	PV-006178374852 29.025
PV-006178381162	26.378	PV-006178381162 26.378
PV-006178942091	30.554	PV-006178942091 30.554
PV-006179004296	32.402	PV-006179004296 32.402
PV-006179216033	29.671	PV-006179216033 29.671
PV-006179216034	29.12	PV-006179216034 29.120
PV-006179240517	27.365	PV-006179240517 27.365
PV-006179348674	29.378	PV-006179348674 29.378
PV-006179587435	30.167	PV-006179587435 30.167
PV-006179607628	30.638	PV-006179607628 30.638
PV-006179607629	29.746	PV-006179607629 29.746
PV-006179607630	27.51	PV-006179607630 27.510
PV-006179955344	29.834	PV-006179955344 29.834
PV-006180003615	29.181	PV-006180003615 29.181
PV-006180146028	28.009	PV-006180146028 28.009
PV-006180146029	31.293	PV-006180146029 31.293
PV-006180193679	26.25	PV-006180193679 26.250
PV-006180208055	29.638	PV-006180208055 29.638
PV-006180529998	29.766	PV-006180529998 29.766
PV-006180588152	29.46	PV-006180588152 29.460
PV-006180755484	26.37	PV-006180755484 26.370
PV-006180773109	29.306	PV-006180773109 29.306
PV-006180773110	26.849	PV-006180773110 26.849
PV-006180773111	28.899	PV-006180773111 28.899
PV-006181206401	31.317	PV-006181206401 31.317
PV-006181545072	25.98	PV-006181545072 25.980
PV-006182032475	30.625	PV-006182032475 30.625
PV-006182238839	30.582	PV-006182238839 30.582
PV-006182876754	31.673	PV-006182876754 31.673
PV-006183020082	31.027	PV-006183020082 31.027
PV-006183459742	28.908	PV-006183459742 28.908
PV-006183516331	32.193	PV-006183516331 32.193
PV-006183844777	30.901	PV-006183844777 30.901
PV-006183847531	26.279	PV-006183847531 26.279
PV-006183905905	28.792	PV-006183905905 28.792
PV-006184588526	30.409	PV-006184588526 30.409
PV-006185435938	27.371	PV-006185435938 27.371
PV-006185530094	29.474	PV-006185530094 29.474
PV-006185537028	30.51	PV-006185537028 30.510
PV-006185690780	29.166	PV-006185690780 29.166
PV-006185732424	30.647	PV-006185732424 30.647
PV-006186113179	27.32	PV-006186113179 27.320
PV-006186200551	30.113	PV-006186200551 30.113
PV-006186200552	27.291	PV-006186200552 27.291
PV-006186200553	26.08	PV-006186200553 26.080
PV-006186294881	26.548	PV-006186294881 26.548
PV-006186323856	29.358	PV-006186323856 29.358
PV-006187184952	27.277	PV-006187184952 27.277
PV-006187358782	26.153	PV-006187358782 26.153
PV-006187424267	25.695	PV-006187424267 25.695
PV-006187844627	28.505	PV-006187844627 28.505
PV-006187925397	30.605	PV-006187925397 30.605
PV-006188167236	29.509	PV-006188167236 29.509
PV-006188167237	31.702	PV-006188167237 31.702
PV-006188578565	29.911	PV-006188578565 29.911
PV-006188877882	29.147	PV-006188877882 29.147
PV-006190147242	31.297	PV-006190147242 31.297
PV-006190373300	31.489	PV-006190373300 31.489
PV-006190877861	31.701	PV-006190877861 31.701
PV-006191177385	26.502	PV-006191177385 26.502
PV-006191177386	26.95	PV-006191177386 26.950
PV-006191177387	30.452	PV-006191177387 30.452
PV-006191811114	30.354	PV-006191811114 30.354
PV-006191877195	26.458	PV-006191877195 26.458
PV-006192050429	26.77	PV-006192050429 26.770
PV-006192901224	25.605	PV-006192901224 25.605
PV-006193039068	29.538	PV-006193039068 29.538
PV-006193130629	27.949	PV-006193130629 27.949
PV-006193445550	27.781	PV-006193445550 27.781
PV-006193764472	29.566	PV-006193764472 29.566
PV-006193894912	25.29	PV-006193894912 25.290
PV-006194091719	26.453	PV-006194091719 26.453
PV-006194405260	30.686	PV-006194405260 30.686
PV-006194409533	29.311	PV-006194409533 29.311
PV-006194428542	28.456	PV-006194428542 28.456
PV-006194456228	27.466	PV-006194456228 27.466
PV-006194456229	26.383	PV-006194456229 26.383
PV-006194494898	27.265	PV-006194494898 27.265
PV-006194559504	30.123	PV-006194559504 30.123
PV-006194719282	29.186	PV-006194719282 29.186
PV-006194719283	26.8	PV-006194719283 26.800
PV-006194719284	30.946	PV-006194719284 30.946
PV-006195032117	29.734	PV-006195032117 29.734
PV-006195295565	30.059	PV-006195295565 30.059
PV-006195485852	26.898	PV-006195485852 26.898
PV-006195508387	32.398	PV-006195508387 32.398
PV-006195758189	30.116	PV-006195758189 30.116
PV-006195792189	25.67	PV-006195792189 25.670
PV-006195792190	31.168	PV-006195792190 31.168
PV-006195792191	29.045	PV-006195792191 29.045
PV-006195792192	28.067	PV-006195792192 28.067
PV-006195792193	31.73	PV-006195792193 31.730
PV-006195792194	26.88	PV-006195792194 26.880
PV-006196869159	27.372	PV-006196869159 27.372
PV-006197168384	29.51	PV-006197168384 29.510
PV-006197309443	27.543	PV-006197309443 27.543
PV-006197484556	28.293	PV-006197484556 28.293
PV-006197530124	30.124	PV-006197530124 30.124
PV-006197558465	29.211	PV-006197558465 29.211
PV-006197738739	29.92	PV-006197738739 29.920
PV-006198357229	30.571	PV-006198357229 30.571
PV-006198978662	26.964	PV-006198978662 26.964
PV-006199036498	31.185	PV-006199036498 31.185
PV-006199108561	26.273	PV-006199108561 26.273
PV-006200120453	28.786	PV-006200120453 28.786
PV-006200192055	29.032	PV-006200192055 29.032
PV-006200312359	30.856	PV-006200312359 30.856
PV-006200312360	26.444	PV-006200312360 26.444
PV-006200312361	30.962	PV-006200312361 30.962
PV-006200619886	26.565	PV-006200619886 26.565
PV-006200620606	31.467	PV-006200620606 31.467
PV-006200709281	31.069	PV-006200709281 31.069
PV-006201116440	28.866	PV-006201116440 28.866
PV-006201255866	27.095	PV-006201255866 27.095
PV-006201500314	25.714	PV-006201500314 25.714
PV-006201744291	31.215	PV-006201744291 31.215
PV-006201751281	27.403	PV-006201751281 27.403
PV-006202004251	31.303	PV-006202004251 31.303
PV-006202073965	29.858	PV-006202073965 29.858
PV-006202287198	30.604	PV-006202287198 30.604
PV-006202595003	28.884	PV-006202595003 28.884
PV-006202595004	29.321	PV-006202595004 29.321
PV-006203143540	30.255	PV-006203143540 30.255
PV-006203174470	31.02	PV-006203174470 31.020
PV-006203174471	28.59	PV-006203174471 28.590
PV-006203267372	28.884	PV-006203267372 28.884
PV-006203588439	31.201	PV-006203588439 31.201
PV-006204154257	27.021	PV-006204154257 27.021
PV-006204579709	30.117	PV-006204579709 30.117
PV-006205140091	31.128	PV-006205140091 31.128
PV-006205140092	31.521	PV-006205140092 31.521
PV-006205549922	26.619	PV-006205549922 26.619
PV-006205654861	27.338	PV-006205654861 27.338
PV-006206263891	26.935	PV-006206263891 26.935
PV-006206370775	31.011	PV-006206370775 31.011
PV-006206370776	28.612	PV-006206370776 28.612
PV-006206439316	30.808	PV-006206439316 30.808
PV-006206764141	27.938	PV-006206764141 27.938
PV-006207252881	28.668	PV-006207252881 28.668
PV-006207331658	31.525	PV-006207331658 31.525
PV-006208179542	30.609	PV-006208179542 30.609
PV-006208205388	33.282	PV-006208205388 33.282
PV-006208205389	29.341	PV-006208205389 29.341
PV-006208536426	29.279	PV-006208536426 29.279
PV-006208848654	27.894	PV-006208848654 27.894
PV-006210020732	26.518	PV-006210020732 26.518
PV-006210339876	30.502	PV-006210339876 30.502
PV-006210663870	27.903	PV-006210663870 27.903
PV-006210663871	28.727	PV-006210663871 28.727
PV-006210884235	31.102	PV-006210884235 31.102
PV-006211431519	30.317	PV-006211431519 30.317
PV-006211446788	29.13	PV-006211446788 29.130
PV-006211470485	29.806	PV-006211470485 29.806
PV-006211504756	27.098	PV-006211504756 27.098
PV-006211504757	28.399	PV-006211504757 28.399
PV-006211504758	30.947	PV-006211504758 30.947
PV-006211549824	29.253	PV-006211549824 29.253
PV-006211618322	29.384	PV-006211618322 29.384
PV-006211932186	25.628	PV-006211932186 25.628
PV-006211958303	31.187	PV-006211958303 31.187
PV-006212012232	26.364	PV-006212012232 26.364
PV-006212261602	27.465	PV-006212261602 27.465
PV-006212261603	30.515	PV-006212261603 30.515
PV-006212261604	27.883	PV-006212261604 27.883
PV-006212548182	25.673	PV-006212548182 25.673
PV-006212548183	31.814	PV-006212548183 31.814
PV-006212548184	27.471	PV-006212548184 27.471
PV-006212651665	30.167	PV-006212651665 30.167
PV-006212859459	31.129	PV-006212859459 31.129
PV-006213261674	26.886	PV-006213261674 26.886
PV-006213261675	28.942	PV-006213261675 28.942
PV-006213261676	29.441	PV-006213261676 29.441
PV-006213324053	31.089	PV-006213324053 31.089
PV-006213443748	28.703	PV-006213443748 28.703
PV-006213498426	26.903	PV-006213498426 26.903
PV-006213948353	29.27	PV-006213948353 29.270
PV-006214066856	29.981	PV-006214066856 29.981
PV-006214529110	29.054	PV-006214529110 29.054
PV-006215067911	31.571	PV-006215067911 31.571
PV-006215621943	30.176	PV-006215621943 30.176
PV-006215621944	29.262	PV-006215621944 29.262
PV-006215892334	31.306	PV-006215892334 31.306
PV-006216572489	28.718	PV-006216572489 28.718
PV-006217512872	29.766	PV-006217512872 29.766
PV-006218278687	32.064	PV-006218278687 32.064
PV-006218879564	26.671	PV-006218879564 26.671
PV-006219321104	27.265	PV-006219321104 27.265
PV-006219321105	25.829	PV-006219321105 25.829
PV-006219321106	30.293	PV-006219321106 30.293
PV-006219358151	30.403	PV-006219358151 30.403
PV-006219505123	28.616	PV-006219505123 28.616
PV-006220026636	31.545	PV-006220026636 31.545
PV-006220026637	28.218	PV-006220026637 28.218
PV-006220087190	29.181	PV-006220087190 29.181
PV-006220087191	31.526	PV-006220087191 31.526
PV-006220087192	31.423	PV-006220087192 31.423
PV-006220274722	28.607	PV-006220274722 28.607
PV-006220274724	29.612	PV-006220274724 29.612
PV-006221975912	29.022	PV-006221975912 29.022
PV-006221975913	26.447	PV-006221975913 26.447
PV-006222263065	25.942	PV-006222263065 25.942
PV-006222459112	29.417	PV-006222459112 29.417
PV-006222459113	29.174	PV-006222459113 29.174
PV-006222459114	26.394	PV-006222459114 26.394
PV-006223364299	32.113	PV-006223364299 32.113
PV-006223397021	27.151	PV-006223397021 27.151
PV-006223793316	33.05	PV-006223793316 33.050
PV-006223975641	30.012	PV-006223975641 30.012
PV-006224070629	28.759	PV-006224070629 28.759
PV-006224358993	29.237	PV-006224358993 29.237
PV-006224388294	31.419	PV-006224388294 31.419
PV-006224586350	28.586	PV-006224586350 28.586
PV-006224704568	27.42	PV-006224704568 27.420
PV-006225297685	28.935	PV-006225297685 28.935
PV-006225455490	29.484	PV-006225455490 29.484
PV-006225679929	29.596	PV-006225679929 29.596
PV-006225812034	25.79	PV-006225812034 25.790
PV-006225991857	30.25	PV-006225991857 30.250
PV-006226096808	27.776	PV-006226096808 27.776
PV-006226096809	29.407	PV-006226096809 29.407
PV-006226096810	30.501	PV-006226096810 30.501
PV-006226109344	27.987	PV-006226109344 27.987
PV-006226275334	30.799	PV-006226275334 30.799
PV-006226360613	26.327	PV-006226360613 26.327
PV-006227021220	31.297	PV-006227021220 31.297
PV-006227136113	29.373	PV-006227136113 29.373
PV-006227136114	29.353	PV-006227136114 29.353
PV-006227136115	30.33	PV-006227136115 30.330
PV-006227186149	26.711	PV-006227186149 26.711
PV-006227374815	25.518	PV-006227374815 25.518
PV-006227375698	28.438	PV-006227375698 28.438
PV-006227550835	26.401	PV-006227550835 26.401
PV-006227722062	26.404	PV-006227722062 26.404
PV-006228325826	27.338	PV-006228325826 27.338
PV-006228325827	30.276	PV-006228325827 30.276
PV-006228788394	25.058	PV-006228788394 25.058
PV-006228792106	26.943	PV-006228792106 26.943
PV-006229518210	28.654	PV-006229518210 28.654
PV-006229682643	26.584	PV-006229682643 26.584
PV-006229682644	30.535	PV-006229682644 30.535
PV-006229682645	28.995	PV-006229682645 28.995
PV-006229917620	30.917	PV-006229917620 30.917
PV-006230102493	32.064	PV-006230102493 32.064
PV-006230102494	25.263	PV-006230102494 25.263
PV-006230731687	29.905	PV-006230731687 29.905
PV-006231007354	30.512	PV-006231007354 30.512
PV-006231367063	29.263	PV-006231367063 29.263
PV-006231923260	29.975	PV-006231923260 29.975
PV-006232097031	31.294	PV-006232097031 31.294
PV-006233085921	26.165	PV-006233085921 26.165
PV-006233624793	26.603	PV-006233624793 26.603
PV-006233887679	30.856	PV-006233887679 30.856
PV-006234125467	31.355	PV-006234125467 31.355
PV-006234151074	30.165	PV-006234151074 30.165
PV-006234151075	30.025	PV-006234151075 30.025
PV-006234359270	30.16	PV-006234359270 30.160
PV-006234367000	29.401	PV-006234367000 29.401
PV-006234513913	29.308	PV-006234513913 29.308
PV-006234648142	32.06	PV-006234648142 32.060
PV-006235095944	26.409	PV-006235095944 26.409
PV-006236238102	28.338	PV-006236238102 28.338
PV-006236716838	26.525	PV-006236716838 26.525
PV-006237389576	29.131	PV-006237389576 29.131
PV-006237430969	30.521	PV-006237430969 30.521
PV-006237699102	30.877	PV-006237699102 30.877
PV-006237953488	26.708	PV-006237953488 26.708
PV-006238719168	30.362	PV-006238719168 30.362
PV-006238719169	26.374	PV-006238719169 26.374
PV-006238719170	27.068	PV-006238719170 27.068
PV-006240623200	30.642	PV-006240623200 30.642
PV-006240644877	25.7	PV-006240644877 25.700
PV-006240867224	26.844	PV-006240867224 26.844
PV-006241025674	30.668	PV-006241025674 30.668
PV-006241064196	27.661	PV-006241064196 27.661
PV-006241357765	31.245	PV-006241357765 31.245
PV-006241732370	31.4	PV-006241732370 31.400
PV-006308487466	28.757	PV-006308487466 28.757
PV-006308586233	29.764	PV-006308586233 29.764
PV-006308821796	29.072	PV-006308821796 29.072
PV-006309018106	31.304	PV-006309018106 31.304
PV-006309318606	29.252	PV-006309318606 29.252
PV-006309768526	29.532	PV-006309768526 29.532
PV-006309957612	28.797	PV-006309957612 28.797
PV-006310197110	30.649	PV-006310197110 30.649
PV-006310696796	30.537	PV-006310696796 30.537
PV-006310728264	28.033	PV-006310728264 28.033
PV-006310877863	30.92	PV-006310877863 30.920
PV-006311461916	26.436	PV-006311461916 26.436
PV-006311508693	26.337	PV-006311508693 26.337
PV-006312057599	28.899	PV-006312057599 28.899
PV-006312293502	29.181	PV-006312293502 29.181
PV-006312598494	26.528	PV-006312598494 26.528
PV-006313655039	31.863	PV-006313655039 31.863
PV-006313813437	30.224	PV-006313813437 30.224
PV-006313975544	30.465	PV-006313975544 30.465
PV-006314179393	28.912	PV-006314179393 28.912
PV-006314184073	31.372	PV-006314184073 31.372
PV-006314571029	29.053	PV-006314571029 29.053
PV-006314645240	29.625	PV-006314645240 29.625
PV-006314814146	27.388	PV-006314814146 27.388
PV-006315830072	25.874	PV-006315830072 25.874
PV-006316141239	30.84	PV-006316141239 30.840
PV-006316417350	26.417	PV-006316417350 26.417
PV-006316520060	27.954	PV-006316520060 27.954
PV-006318089111	31.863	PV-006318089111 31.863
PV-006318422975	29.613	PV-006318422975 29.613
PV-006318426352	30.822	PV-006318426352 30.822
PV-006318648614	29.333	PV-006318648614 29.333
PV-006318791656	30.58	PV-006318791656 30.580
PV-006318794257	29.161	PV-006318794257 29.161
PV-006318832206	29.289	PV-006318832206 29.289
PV-006318920631	31.668	PV-006318920631 31.668
PV-006319195559	27.593	PV-006319195559 27.593
PV-006319936667	28.498	PV-006319936667 28.498
PV-006320134741	29.586	PV-006320134741 29.586
PV-006320135185	31.651	PV-006320135185 31.651
PV-006320210589	30.726	PV-006320210589 30.726
PV-006320326456	31.137	PV-006320326456 31.137
PV-006320587707	26.303	PV-006320587707 26.303
PV-006320593236	29.715	PV-006320593236 29.715
PV-006320593237	28.86	PV-006320593237 28.860
PV-006320593238	29.701	PV-006320593238 29.701
PV-006321016515	26.27	PV-006321016515 26.270
PV-006321016516	26.354	PV-006321016516 26.354
PV-006321016517	31.723	PV-006321016517 31.723
PV-006321068091	30.038	PV-006321068091 30.038
PV-006321577207	29.266	PV-006321577207 29.266
PV-006321685515	32.13	PV-006321685515 32.130
PV-006322028771	30.612	PV-006322028771 30.612
PV-006322105562	30.97	PV-006322105562 30.970
PV-006322183838	26.673	PV-006322183838 26.673
PV-006322184459	30.17	PV-006322184459 30.170
PV-006322225193	31.226	PV-006322225193 31.226
PV-006322407989	26.921	PV-006322407989 26.921
PV-006322423210	29.349	PV-006322423210 29.349
PV-006322423211	29.85	PV-006322423211 29.850
PV-006322588878	32.512	PV-006322588878 32.512
PV-006322588879	27.223	PV-006322588879 27.223
PV-006322588880	31.094	PV-006322588880 31.094
PV-006322850504	27.26	PV-006322850504 27.260
PV-006323264064	26.098	PV-006323264064 26.098
PV-006323651216	28.422	PV-006323651216 28.422
PV-006323788554	26.4	PV-006323788554 26.400
PV-006323871926	28.903	PV-006323871926 28.903
PV-006323958696	29.968	PV-006323958696 29.968
PV-006324056411	29.218	PV-006324056411 29.218
PV-006324508988	30.433	PV-006324508988 30.433
PV-006324963903	30.909	PV-006324963903 30.909
PV-006325844952	28.843	PV-006325844952 28.843
PV-006326097176	26.089	PV-006326097176 26.089
PV-006326104869	32.168	PV-006326104869 32.168
PV-006327535709	27.736	PV-006327535709 27.736
PV-006327884901	31.21	PV-006327884901 31.210
PV-006327884902	29.807	PV-006327884902 29.807
PV-006328206428	28.485	PV-006328206428 28.485
PV-006328256016	27.911	PV-006328256016 27.911
PV-006328597195	25.98	PV-006328597195 25.980
PV-006328597196	30.2	PV-006328597196 30.200
PV-006328597197	27.897	PV-006328597197 27.897
PV-006328597198	26.129	PV-006328597198 26.129
PV-006328597201	28.571	PV-006328597201 28.571
PV-006328597202	29.923	PV-006328597202 29.923
PV-006328833499	30.562	PV-006328833499 30.562
PV-006328925069	28.297	PV-006328925069 28.297
PV-006329142040	28.884	PV-006329142040 28.884
PV-006329254803	28.985	PV-006329254803 28.985
PV-006329424972	26.914	PV-006329424972 26.914
PV-006329817137	30.471	PV-006329817137 30.471
PV-006330529497	28.463	PV-006330529497 28.463
PV-006331024687	30.096	PV-006331024687 30.096
PV-006331079992	31.024	PV-006331079992 31.024
PV-006331349922	31.368	PV-006331349922 31.368
PV-006331420862	29.064	PV-006331420862 29.064
PV-006331973346	30.848	PV-006331973346 30.848
PV-006332322833	27.8	PV-006332322833 27.800
PV-006284183273	29.749	PV-006284183273 29.749
PV-006284284485	29.566	PV-006284284485 29.566
PV-006284578465	26.486	PV-006284578465 26.486
PV-006284828043	28.349	PV-006284828043 28.349
PV-006285777561	29.943	PV-006285777561 29.943
PV-006285815845	30.315	PV-006285815845 30.315
PV-006286041237	29.653	PV-006286041237 29.653
PV-006286925824	30.511	PV-006286925824 30.511
PV-006287166301	29.552	PV-006287166301 29.552
PV-006287345442	32.302	PV-006287345442 32.302
PV-006287493433	29.684	PV-006287493433 29.684
PV-006287886728	30.202	PV-006287886728 30.202
PV-006287978505	26.368	PV-006287978505 26.368
PV-006288148694	31.159	PV-006288148694 31.159
PV-006288157450	26.828	PV-006288157450 26.828
PV-006288259353	28.625	PV-006288259353 28.625
PV-006288304712	30.683	PV-006288304712 30.683
PV-006288304713	29.143	PV-006288304713 29.143
PV-006288304714	29.127	PV-006288304714 29.127
PV-006288791714	32.033	PV-006288791714 32.033
PV-006289100833	26.035	PV-006289100833 26.035
PV-006290117078	28.427	PV-006290117078 28.427
PV-006290262386	31.68	PV-006290262386 31.680
PV-006290581288	27.041	PV-006290581288 27.041
PV-006290881891	25.252	PV-006290881891 25.252
PV-006291328879	30.327	PV-006291328879 30.327
PV-006291328880	25.861	PV-006291328880 25.861
PV-006291563027	29.238	PV-006291563027 29.238
PV-006291983767	30.594	PV-006291983767 30.594
PV-006292814399	27.312	PV-006292814399 27.312
PV-006293202431	30.394	PV-006293202431 30.394
PV-006293424767	27.769	PV-006293424767 27.769
PV-006293424768	30.856	PV-006293424768 30.856
PV-006293424769	26.504	PV-006293424769 26.504
PV-006293438615	30.979	PV-006293438615 30.979
PV-006293733410	30.674	PV-006293733410 30.674
PV-006293894302	29.554	PV-006293894302 29.554
PV-006294041630	29.561	PV-006294041630 29.561
PV-006294385355	26.94	PV-006294385355 26.940
PV-006294465757	29.063	PV-006294465757 29.063
PV-006294697041	31.248	PV-006294697041 31.248
PV-006294749695	30.795	PV-006294749695 30.795
PV-006294801008	29.319	PV-006294801008 29.319
PV-006294997939	31.108	PV-006294997939 31.108
PV-006294997940	28.582	PV-006294997940 28.582
PV-006294997941	28.966	PV-006294997941 28.966
PV-006295054464	28.208	PV-006295054464 28.208
PV-006295163352	30.229	PV-006295163352 30.229
PV-006295209489	30.895	PV-006295209489 30.895
PV-006295390080	27.061	PV-006295390080 27.061
PV-006295390081	26.757	PV-006295390081 26.757
PV-006295390082	31.953	PV-006295390082 31.953
PV-006295500908	29.136	PV-006295500908 29.136
PV-006296218572	30.75	PV-006296218572 30.750
PV-006296399575	25.578	PV-006296399575 25.578
PV-006297105941	28.565	PV-006297105941 28.565
PV-006297570752	30.408	PV-006297570752 30.408
PV-006298222586	28.652	PV-006298222586 28.652
PV-006298933912	31.365	PV-006298933912 31.365
PV-006298943808	27.688	PV-006298943808 27.688
PV-006299602110	28.255	PV-006299602110 28.255
PV-006299771102	29.262	PV-006299771102 29.262
PV-006299879867	25.904	PV-006299879867 25.904
PV-006300055403	31.43	PV-006300055403 31.430
PV-006300116879	29.391	PV-006300116879 29.391
PV-006300244825	30.423	PV-006300244825 30.423
PV-006301084031	28.351	PV-006301084031 28.351
PV-006301794001	28.567	PV-006301794001 28.567
PV-006302038201	29.269	PV-006302038201 29.269
PV-006302121007	28.625	PV-006302121007 28.625
PV-006302382063	26.182	PV-006302382063 26.182
PV-006302509587	26.582	PV-006302509587 26.582
PV-006302509588	29.146	PV-006302509588 29.146
PV-006302509589	29.828	PV-006302509589 29.828
PV-006302722444	29.013	PV-006302722444 29.013
PV-006302851267	25.795	PV-006302851267 25.795
PV-006303007303	26.335	PV-006303007303 26.335
PV-006303680590	29.611	PV-006303680590 29.611
PV-006304760371	29.927	PV-006304760371 29.927
PV-006304760372	28.781	PV-006304760372 28.781
PV-006304760373	30.435	PV-006304760373 30.435
PV-006305051285	32.035	PV-006305051285 32.035
PV-006305244768	30.355	PV-006305244768 30.355
PV-006305320986	29.943	PV-006305320986 29.943
PV-006305695985	30.92	PV-006305695985 30.920
PV-006306171873	29.847	PV-006306171873 29.847
PV-006306435069	31.785	PV-006306435069 31.785
PV-006306570482	30.994	PV-006306570482 30.994
PV-006306766524	27.487	PV-006306766524 27.487
PV-006306842591	26.803	PV-006306842591 26.803
PV-006307153254	28.649	PV-006307153254 28.649
PV-006307190707	28.896	PV-006307190707 28.896
PV-006307232690	28.545	PV-006307232690 28.545
PV-006307841525	30.114	PV-006307841525 30.114
PV-006308049256	30.76	PV-006308049256 30.760
PV-006308221913	30.209	PV-006308221913 30.209
PV-006308436880	29.214	PV-006308436880 29.214
PV-006308445851	28.978	PV-006308445851 28.978
PV-006308445852	26.771	PV-006308445852 26.771
PV-006308445853	30.998	PV-006308445853 30.998
PV-006394076951	30.093	PV-006394076951 30.093
PV-006394417519	30.568	PV-006394417519 30.568
PV-006394645738	29.691	PV-006394645738 29.691
PV-006394711252	28.565	PV-006394711252 28.565
PV-006395245838	26.083	PV-006395245838 26.083
PV-006395469107	29.078	PV-006395469107 29.078
PV-006395469108	31.866	PV-006395469108 31.866
PV-006395469109	30.619	PV-006395469109 30.619
PV-006395671235	29.496	PV-006395671235 29.496
PV-006396444733	29.494	PV-006396444733 29.494
PV-006396607936	29.758	PV-006396607936 29.758
PV-006396607937	29.357	PV-006396607937 29.357
PV-006396903859	30.738	PV-006396903859 30.738
PV-006397130831	28.725	PV-006397130831 28.725
PV-006397776581	29.108	PV-006397776581 29.108
PV-006397845191	27.972	PV-006397845191 27.972
PV-006398240868	31.229	PV-006398240868 31.229
PV-006398477479	30.417	PV-006398477479 30.417
PV-006398477480	27.335	PV-006398477480 27.335
PV-006398633950	30.062	PV-006398633950 30.062
PV-006398843011	29.422	PV-006398843011 29.422
PV-006399073577	29.922	PV-006399073577 29.922
PV-006399241792	29.323	PV-006399241792 29.323
PV-006399241793	30.063	PV-006399241793 30.063
PV-006399241794	27.473	PV-006399241794 27.473
PV-006399259584	31.256	PV-006399259584 31.256
PV-006399259585	30.052	PV-006399259585 30.052
PV-006399471062	26.056	PV-006399471062 26.056
PV-006399829775	27.005	PV-006399829775 27.005
PV-006399833707	31.518	PV-006399833707 31.518
PV-006400062785	28.66	PV-006400062785 28.660
PV-006400178919	30.372	PV-006400178919 30.372
PV-006400550999	27.728	PV-006400550999 27.728
PV-006400551001	26.215	PV-006400551001 26.215
PV-006401387996	27.161	PV-006401387996 27.161
PV-006401925109	28.821	PV-006401925109 28.821
PV-006401952731	29.126	PV-006401952731 29.126
PV-006401952732	30.371	PV-006401952732 30.371
PV-006402206415	29.663	PV-006402206415 29.663
PV-006402206416	29.003	PV-006402206416 29.003
PV-006402206417	28.991	PV-006402206417 28.991
PV-006402703268	26.942	PV-006402703268 26.942
PV-006403011659	28.683	PV-006403011659 28.683
PV-006403066185	30.606	PV-006403066185 30.606
PV-006403083417	29.285	PV-006403083417 29.285
PV-006403532105	29.211	PV-006403532105 29.211
PV-006403580566	31.318	PV-006403580566 31.318
PV-006403586385	30.625	PV-006403586385 30.625
PV-006403828057	28.689	PV-006403828057 28.689
PV-006403961491	30.168	PV-006403961491 30.168
PV-006404352760	30.424	PV-006404352760 30.424
PV-006404505209	28.837	PV-006404505209 28.837
PV-006404505210	26.532	PV-006404505210 26.532
PV-006404505211	28.953	PV-006404505211 28.953
PV-006404611790	26.822	PV-006404611790 26.822
PV-006404748288	28.901	PV-006404748288 28.901
PV-006404848233	30.916	PV-006404848233 30.916
PV-006405031544	28.528	PV-006405031544 28.528
PV-006405468071	31.185	PV-006405468071 31.185
PV-006405566797	27.392	PV-006405566797 27.392
PV-006405985020	31.592	PV-006405985020 31.592
PV-006405985021	29.47	PV-006405985021 29.470
PV-006406143882	29.873	PV-006406143882 29.873
PV-006406143883	27.288	PV-006406143883 27.288
PV-006406143884	29.466	PV-006406143884 29.466
PV-006406319338	25.638	PV-006406319338 25.638
PV-006406326419	30.267	PV-006406326419 30.267
PV-006406454365	25.908	PV-006406454365 25.908
PV-006406536783	28.643	PV-006406536783 28.643
PV-006406813455	26.48	PV-006406813455 26.480
PV-006407002888	30.29	PV-006407002888 30.290
PV-006407376084	29.321	PV-006407376084 29.321
PV-006407791744	29.433	PV-006407791744 29.433
PV-006407792697	25.91	PV-006407792697 25.910
PV-006407820250	28.862	PV-006407820250 28.862
PV-006407877237	29.264	PV-006407877237 29.264
PV-006407930398	27.473	PV-006407930398 27.473
PV-006408167327	30.768	PV-006408167327 30.768
PV-006408187616	31.198	PV-006408187616 31.198
PV-006408384886	30.205	PV-006408384886 30.205
PV-006408466460	30.182	PV-006408466460 30.182
PV-006408466722	28.828	PV-006408466722 28.828
PV-006408802779	29.425	PV-006408802779 29.425
PV-006408905865	29.943	PV-006408905865 29.943
PV-006408906815	31.745	PV-006408906815 31.745
PV-006409363203	32.224	PV-006409363203 32.224
PV-006409633393	29.547	PV-006409633393 29.547
PV-006409972889	29.836	PV-006409972889 29.836
PV-006409974302	29.237	PV-006409974302 29.237
PV-006410181776	29.887	PV-006410181776 29.887
PV-006410210468	29.315	PV-006410210468 29.315
PV-006410606079	31.025	PV-006410606079 31.025
PV-006410847092	28.67	PV-006410847092 28.670
PV-006411874693	28.852	PV-006411874693 28.852
PV-006412132076	30.163	PV-006412132076 30.163
PV-006412169233	26.291	PV-006412169233 26.291
PV-006412306180	29.135	PV-006412306180 29.135
PV-006412574185	28.297	PV-006412574185 28.297
PV-006412601470	30.268	PV-006412601470 30.268
PV-006242712581	30.044	PV-006242712581 30.044
PV-006242770241	25.802	PV-006242770241 25.802
PV-006242953726	28.047	PV-006242953726 28.047
PV-006242953727	26.5	PV-006242953727 26.500
PV-006243247885	31.259	PV-006243247885 31.259
PV-006243247886	30.711	PV-006243247886 30.711
PV-006243247887	29.676	PV-006243247887 29.676
PV-006243949636	27.149	PV-006243949636 27.149
PV-006244294173	30.208	PV-006244294173 30.208
PV-006244388108	29.658	PV-006244388108 29.658
PV-006245484290	26.492	PV-006245484290 26.492
PV-006245724851	29.193	PV-006245724851 29.193
PV-006245814706	26.095	PV-006245814706 26.095
PV-006246100690	30.901	PV-006246100690 30.901
PV-006246170117	26.174	PV-006246170117 26.174
PV-006246199658	26.45	PV-006246199658 26.450
PV-006246844992	26.155	PV-006246844992 26.155
PV-006246936678	29.521	PV-006246936678 29.521
PV-006247047613	29.502	PV-006247047613 29.502
PV-006247502647	27.219	PV-006247502647 27.219
PV-006247573678	26.178	PV-006247573678 26.178
PV-006247986347	30.26	PV-006247986347 30.260
PV-006248063745	29.263	PV-006248063745 29.263
PV-006248065693	30.824	PV-006248065693 30.824
PV-006248095983	30.244	PV-006248095983 30.244
PV-006248749873	27.576	PV-006248749873 27.576
PV-006248749874	27.926	PV-006248749874 27.926
PV-006248749875	26.641	PV-006248749875 26.641
PV-006248965333	29.23	PV-006248965333 29.230
PV-006249390844	29.241	PV-006249390844 29.241
PV-006249734675	28.319	PV-006249734675 28.319
PV-006249952853	26.93	PV-006249952853 26.930
PV-006250285347	29.579	PV-006250285347 29.579
PV-006250285348	29.201	PV-006250285348 29.201
PV-006250285349	29.423	PV-006250285349 29.423
PV-006250527649	30.218	PV-006250527649 30.218
PV-006251052962	28.7	PV-006251052962 28.700
PV-006251217943	29.641	PV-006251217943 29.641
PV-006251316244	27.567	PV-006251316244 27.567
PV-006251316245	32.102	PV-006251316245 32.102
PV-006251570113	31.121	PV-006251570113 31.121
PV-006252097579	29.613	PV-006252097579 29.613
PV-006252248344	29.896	PV-006252248344 29.896
PV-006253341358	30.776	PV-006253341358 30.776
PV-006253341359	29.952	PV-006253341359 29.952
PV-006253341360	29.981	PV-006253341360 29.981
PV-006253964561	29.315	PV-006253964561 29.315
PV-006253964562	30.362	PV-006253964562 30.362
PV-006253964563	29.673	PV-006253964563 29.673
PV-006254176695	31.848	PV-006254176695 31.848
PV-006254176696	29.362	PV-006254176696 29.362
PV-006254176697	26.719	PV-006254176697 26.719
PV-006254854943	28.87	PV-006254854943 28.870
PV-006255115254	27.437	PV-006255115254 27.437
PV-006255488758	31.065	PV-006255488758 31.065
PV-006256030740	29.523	PV-006256030740 29.523
PV-006256095282	29.22	PV-006256095282 29.220
PV-006256176417	31.258	PV-006256176417 31.258
PV-006256176418	26.882	PV-006256176418 26.882
PV-006256176419	26.601	PV-006256176419 26.601
PV-006256429011	31.325	PV-006256429011 31.325
PV-006256536737	29.927	PV-006256536737 29.927
PV-006257266785	30.159	PV-006257266785 30.159
PV-006257340140	27.064	PV-006257340140 27.064
PV-006257392268	26.177	PV-006257392268 26.177
PV-006257465404	29.512	PV-006257465404 29.512
PV-006257668253	29.12	PV-006257668253 29.120
PV-006257826861	28.849	PV-006257826861 28.849
PV-006257862736	27.202	PV-006257862736 27.202
PV-006258034248	30.089	PV-006258034248 30.089
PV-006258084314	29.324	PV-006258084314 29.324
PV-006258305596	30.987	PV-006258305596 30.987
PV-006258379317	27.139	PV-006258379317 27.139
PV-006258758320	29.817	PV-006258758320 29.817
PV-006258758321	27.446	PV-006258758321 27.446
PV-006258758322	29.737	PV-006258758322 29.737
PV-006259303431	30.463	PV-006259303431 30.463
PV-006259448519	29.978	PV-006259448519 29.978
PV-006259702631	31.705	PV-006259702631 31.705
PV-006260527523	29.281	PV-006260527523 29.281
PV-006260528117	27.79	PV-006260528117 27.790
PV-006260528118	31.58	PV-006260528118 31.580
PV-006260528119	28.12	PV-006260528119 28.120
PV-006260537270	28.797	PV-006260537270 28.797
PV-006260537271	31.478	PV-006260537271 31.478
PV-006260537272	29.755	PV-006260537272 29.755
PV-006260876207	26.801	PV-006260876207 26.801
PV-006260897801	25.769	PV-006260897801 25.769
PV-006260974083	30.834	PV-006260974083 30.834
PV-006260991153	29.495	PV-006260991153 29.495
PV-006262021861	31.363	PV-006262021861 31.363
PV-006262594675	29.563	PV-006262594675 29.563
PV-006262806112	27.821	PV-006262806112 27.821
PV-006263160696	28.569	PV-006263160696 28.569
PV-006263160697	28.582	PV-006263160697 28.582
PV-006263414042	28.908	PV-006263414042 28.908
PV-006263582716	30.107	PV-006263582716 30.107
PV-006263604934	29.342	PV-006263604934 29.342
PV-006263604935	27.38	PV-006263604935 27.380
PV-006263604936	29.075	PV-006263604936 29.075
PV-006264358049	26.985	PV-006264358049 26.985
PV-006264452023	29.246	PV-006264452023 29.246
PV-006264591823	31.676	PV-006264591823 31.676
PV-006264781488	26.399	PV-006264781488 26.399
PV-006264781489	27.787	PV-006264781489 27.787
PV-006265073733	28.998	PV-006265073733 28.998
PV-006265167955	30.537	PV-006265167955 30.537
PV-006265199251	29.054	PV-006265199251 29.054
PV-006265303411	26.154	PV-006265303411 26.154
PV-006265452120	27.667	PV-006265452120 27.667
PV-006265616173	30.901	PV-006265616173 30.901
PV-006266029194	29.162	PV-006266029194 29.162
PV-006266106424	25.749	PV-006266106424 25.749
PV-006266125558	26.113	PV-006266125558 26.113
PV-006266307589	28.909	PV-006266307589 28.909
PV-006267193204	25.857	PV-006267193204 25.857
PV-006267325670	30.353	PV-006267325670 30.353
PV-006267541034	30.001	PV-006267541034 30.001
PV-006267920609	30.822	PV-006267920609 30.822
PV-006267920610	31.934	PV-006267920610 31.934
PV-006268098776	25.686	PV-006268098776 25.686
PV-006268513183	31.07	PV-006268513183 31.070
PV-006268513184	28.779	PV-006268513184 28.779
PV-006268513185	30.474	PV-006268513185 30.474
PV-006268525349	26.223	PV-006268525349 26.223
PV-006268528509	31.705	PV-006268528509 31.705
PV-006268850414	30.462	PV-006268850414 30.462
PV-006268930768	27.526	PV-006268930768 27.526
PV-006269163818	29.296	PV-006269163818 29.296
PV-006269235999	26.84	PV-006269235999 26.840
PV-006269804093	28.666	PV-006269804093 28.666
PV-006270091702	31.581	PV-006270091702 31.581
PV-006270716537	28.635	PV-006270716537 28.635
PV-006270750255	31.205	PV-006270750255 31.205
PV-006270827164	28.047	PV-006270827164 28.047
PV-006270827165	30.746	PV-006270827165 30.746
PV-006270827166	27.815	PV-006270827166 27.815
PV-006270929603	30.556	PV-006270929603 30.556
PV-006271021271	28.825	PV-006271021271 28.825
PV-006271070708	28.886	PV-006271070708 28.886
PV-006271070709	29.37	PV-006271070709 29.370
PV-006271070710	29.202	PV-006271070710 29.202
PV-006271168232	31.455	PV-006271168232 31.455
PV-006271565831	26.746	PV-006271565831 26.746
PV-006271723860	28.897	PV-006271723860 28.897
PV-006271723861	29.683	PV-006271723861 29.683
PV-006271723862	28.532	PV-006271723862 28.532
PV-006271770167	30.319	PV-006271770167 30.319
PV-006272307749	25.4	PV-006272307749 25.400
PV-006272307750	28.125	PV-006272307750 28.125
PV-006272307751	28.493	PV-006272307751 28.493
PV-006272737176	29.767	PV-006272737176 29.767
PV-006272737177	26.022	PV-006272737177 26.022
PV-006272737178	25.999	PV-006272737178 25.999
PV-006272958844	29.248	PV-006272958844 29.248
PV-006273402849	30.555	PV-006273402849 30.555
PV-006273908564	25.777	PV-006273908564 25.777
PV-006274181782	30.054	PV-006274181782 30.054
PV-006274214203	29.495	PV-006274214203 29.495
PV-006274299904	27.858	PV-006274299904 27.858
PV-006274860597	29.859	PV-006274860597 29.859
PV-006274860598	31.043	PV-006274860598 31.043
PV-006275083805	29.326	PV-006275083805 29.326
PV-006275083806	28.644	PV-006275083806 28.644
PV-006275163204	30.234	PV-006275163204 30.234
PV-006275904667	29.704	PV-006275904667 29.704
PV-006276114369	31.521	PV-006276114369 31.521
PV-006277113868	31.329	PV-006277113868 31.329
PV-006277460742	27.88	PV-006277460742 27.880
PV-006277467515	29.541	PV-006277467515 29.541
PV-006277872454	28.701	PV-006277872454 28.701
PV-006278022252	30.418	PV-006278022252 30.418
PV-006278046849	26.901	PV-006278046849 26.901
PV-006278061263	29.203	PV-006278061263 29.203
PV-006278201752	30.004	PV-006278201752 30.004
PV-006278611691	30.19	PV-006278611691 30.190
PV-006278894616	27.405	PV-006278894616 27.405
PV-006279185386	31.5	PV-006279185386 31.500
PV-006279857935	31.278	PV-006279857935 31.278
PV-006280978587	27.567	PV-006280978587 27.567
PV-006281048648	30.636	PV-006281048648 30.636
PV-006281048649	30.29	PV-006281048649 30.290
PV-006281048650	25.752	PV-006281048650 25.752
PV-006281185914	30.104	PV-006281185914 30.104
PV-006281314753	28.471	PV-006281314753 28.471
PV-006281816807	30.619	PV-006281816807 30.619
PV-006281914855	28.408	PV-006281914855 28.408
PV-006281990237	27.923	PV-006281990237 27.923
PV-006282050833	28.644	PV-006282050833 28.644
PV-006282187071	31.314	PV-006282187071 31.314
PV-006282252537	31.008	PV-006282252537 31.008
PV-006282538739	30.657	PV-006282538739 30.657
PV-006282662798	30.37	PV-006282662798 30.370
PV-006282770091	29.965	PV-006282770091 29.965
PV-006282968152	26.563	PV-006282968152 26.563
PV-006283075828	27.073	PV-006283075828 27.073
PV-006283098994	27.497	PV-006283098994 27.497
PV-006283467562	30.516	PV-006283467562 30.516
PV-006283566538	28.993	PV-006283566538 28.993
PV-006284130003	29.03	PV-006284130003 29.030
PV-006332322834	27.435	PV-006332322834 27.435
PV-006332322835	29.547	PV-006332322835 29.547
PV-006332346429	29.284	PV-006332346429 29.284
PV-006332439567	29.882	PV-006332439567 29.882
PV-006332439569	30.928	PV-006332439569 30.928
PV-006332439570	30.116	PV-006332439570 30.116
PV-006332787485	25.657	PV-006332787485 25.657
PV-006333407382	29.398	PV-006333407382 29.398
PV-006333472603	25.024	PV-006333472603 25.024
PV-006333568989	29.632	PV-006333568989 29.632
PV-006334064123	26.134	PV-006334064123 26.134
PV-006334245865	26.667	PV-006334245865 26.667
PV-006335153924	29.974	PV-006335153924 29.974
PV-006335330897	29.536	PV-006335330897 29.536
PV-006335845000	30.079	PV-006335845000 30.079
PV-006335887908	27.463	PV-006335887908 27.463
PV-006336884429	30.77	PV-006336884429 30.770
PV-006336904879	29.941	PV-006336904879 29.941
PV-006336986532	28.754	PV-006336986532 28.754
PV-006337227840	26.197	PV-006337227840 26.197
PV-006337333961	30.639	PV-006337333961 30.639
PV-006337333962	30.719	PV-006337333962 30.719
PV-006337333963	26.81	PV-006337333963 26.810
PV-006337335352	31.66	PV-006337335352 31.660
PV-006337782117	30.426	PV-006337782117 30.426
PV-006337816378	29.43	PV-006337816378 29.430
PV-006338040778	29.246	PV-006338040778 29.246
PV-006338073948	31.561	PV-006338073948 31.561
PV-006338220657	30.314	PV-006338220657 30.314
PV-006338220659	31.902	PV-006338220659 31.902
PV-006338220660	29.593	PV-006338220660 29.593
PV-006338220662	30.092	PV-006338220662 30.092
PV-006338368861	31.66	PV-006338368861 31.660
PV-006338373067	28.885	PV-006338373067 28.885
PV-006338504865	29.869	PV-006338504865 29.869
PV-006338586448	30.159	PV-006338586448 30.159
PV-006338726466	29.796	PV-006338726466 29.796
PV-006339286074	29.082	PV-006339286074 29.082
PV-006339290210	25.948	PV-006339290210 25.948
PV-006340241078	29.629	PV-006340241078 29.629
PV-006340307173	26.439	PV-006340307173 26.439
PV-006340719881	31.008	PV-006340719881 31.008
PV-006340719882	27.571	PV-006340719882 27.571
PV-006340719883	29.858	PV-006340719883 29.858
PV-006340775853	27.957	PV-006340775853 27.957
PV-006341170711	27.255	PV-006341170711 27.255
PV-006341222037	27.904	PV-006341222037 27.904
PV-006341429318	29.652	PV-006341429318 29.652
PV-006341461550	25.813	PV-006341461550 25.813
PV-006341852913	29.103	PV-006341852913 29.103
PV-006342267111	30.204	PV-006342267111 30.204
PV-006342289737	28.676	PV-006342289737 28.676
PV-006342730658	28.891	PV-006342730658 28.891
PV-006342951715	29.996	PV-006342951715 29.996
PV-006342951716	28.524	PV-006342951716 28.524
PV-006342951717	30.486	PV-006342951717 30.486
PV-006343098667	31.628	PV-006343098667 31.628
PV-006343098668	29.948	PV-006343098668 29.948
PV-006343144848	28.977	PV-006343144848 28.977
PV-006343234049	27.279	PV-006343234049 27.279
PV-006344025138	32.295	PV-006344025138 32.295
PV-006344147612	28.038	PV-006344147612 28.038
PV-006344672451	29.994	PV-006344672451 29.994
PV-006345005113	30.235	PV-006345005113 30.235
PV-006345055021	28.84	PV-006345055021 28.840
PV-006345055022	30.628	PV-006345055022 30.628
PV-006345062407	28.787	PV-006345062407 28.787
PV-006345062408	27.831	PV-006345062408 27.831
PV-006345169393	26.661	PV-006345169393 26.661
PV-006345277386	29.952	PV-006345277386 29.952
PV-006345277387	27.763	PV-006345277387 27.763
PV-006345277388	32.044	PV-006345277388 32.044
PV-006345292328	29.247	PV-006345292328 29.247
PV-006345387914	29.337	PV-006345387914 29.337
PV-006345529412	30.438	PV-006345529412 30.438
PV-006345628257	28.822	PV-006345628257 28.822
PV-006346151997	30.081	PV-006346151997 30.081
PV-006346171634	30.556	PV-006346171634 30.556
PV-006346333465	26.192	PV-006346333465 26.192
PV-006346359516	25.462	PV-006346359516 25.462
PV-006346860172	28.762	PV-006346860172 28.762
PV-006346926261	25.835	PV-006346926261 25.835
PV-006347076979	26.781	PV-006347076979 26.781
PV-006347114275	29.169	PV-006347114275 29.169
PV-006347241869	26.233	PV-006347241869 26.233
PV-006347560849	27.182	PV-006347560849 27.182
PV-006347692512	31.084	PV-006347692512 31.084
PV-006347703362	26.482	PV-006347703362 26.482
PV-006347992375	28.263	PV-006347992375 28.263
PV-006348289266	30.386	PV-006348289266 30.386
PV-006348384184	30.266	PV-006348384184 30.266
PV-006348428172	29.515	PV-006348428172 29.515
PV-006348847109	30.179	PV-006348847109 30.179
PV-006348960939	25.465	PV-006348960939 25.465
PV-006349133315	29.364	PV-006349133315 29.364
PV-006349543463	26.554	PV-006349543463 26.554
PV-006349782389	30.362	PV-006349782389 30.362
PV-006349819239	26.255	PV-006349819239 26.255
PV-006350113192	29.53	PV-006350113192 29.530
PV-006350228451	29.303	PV-006350228451 29.303
PV-006350459519	26.513	PV-006350459519 26.513
PV-006350579710	31.349	PV-006350579710 31.349
PV-006350638037	29.752	PV-006350638037 29.752
PV-006350887737	26.434	PV-006350887737 26.434
PV-006351593475	30.377	PV-006351593475 30.377
PV-006351593476	28.382	PV-006351593476 28.382
PV-006351593477	31.952	PV-006351593477 31.952
PV-006351786665	26.653	PV-006351786665 26.653
PV-006351926619	29.886	PV-006351926619 29.886
PV-006351950822	28.484	PV-006351950822 28.484
PV-006352398275	30.271	PV-006352398275 30.271
PV-006352398276	29.52	PV-006352398276 29.520
PV-006352743839	26.974	PV-006352743839 26.974
PV-006352932215	28.634	PV-006352932215 28.634
PV-006353340775	26.063	PV-006353340775 26.063
PV-006353561110	25.091	PV-006353561110 25.091
PV-006353577372	30.726	PV-006353577372 30.726
PV-006354121232	30.245	PV-006354121232 30.245
PV-006354121233	29.87	PV-006354121233 29.870
PV-006354121234	30.936	PV-006354121234 30.936
PV-006354877165	29.951	PV-006354877165 29.951
PV-006354985129	25.933	PV-006354985129 25.933
PV-006355133025	25.607	PV-006355133025 25.607
PV-006355281870	31.676	PV-006355281870 31.676
PV-006355300035	29.624	PV-006355300035 29.624
PV-006355803232	26.09	PV-006355803232 26.090
PV-006355938983	30.369	PV-006355938983 30.369
PV-006355970263	25.744	PV-006355970263 25.744
PV-006355989200	31.778	PV-006355989200 31.778
PV-006356079474	28.564	PV-006356079474 28.564
PV-006356079475	32.119	PV-006356079475 32.119
PV-006356150900	29.692	PV-006356150900 29.692
PV-006356282861	31.202	PV-006356282861 31.202
PV-006356355307	30.44	PV-006356355307 30.440
PV-006356356360	28.655	PV-006356356360 28.655
PV-006356836751	30.016	PV-006356836751 30.016
PV-006357025380	26.962	PV-006357025380 26.962
PV-006357428332	31.395	PV-006357428332 31.395
PV-006358207733	27.983	PV-006358207733 27.983
PV-006358841208	30.929	PV-006358841208 30.929
PV-006359120245	29.403	PV-006359120245 29.403
PV-006359120246	30.734	PV-006359120246 30.734
PV-006359120247	29.039	PV-006359120247 29.039
PV-006359861141	31.282	PV-006359861141 31.282
PV-006359886621	29.437	PV-006359886621 29.437
PV-006359886622	29.611	PV-006359886622 29.611
PV-006359909120	26.277	PV-006359909120 26.277
PV-006360239155	29.174	PV-006360239155 29.174
PV-006361023899	25.465	PV-006361023899 25.465
PV-006361184481	29.556	PV-006361184481 29.556
PV-006361193695	25.764	PV-006361193695 25.764
PV-006361280343	29.712	PV-006361280343 29.712
PV-006361285547	30.506	PV-006361285547 30.506
PV-006361456558	29.539	PV-006361456558 29.539
PV-006361771644	29.203	PV-006361771644 29.203
PV-006362628152	27.064	PV-006362628152 27.064
PV-006363574485	29.082	PV-006363574485 29.082
PV-006364098019	30.955	PV-006364098019 30.955
PV-006364508752	31.493	PV-006364508752 31.493
PV-006364508753	29.342	PV-006364508753 29.342
PV-006364508754	32.286	PV-006364508754 32.286
PV-006364508755	28.611	PV-006364508755 28.611
PV-006364508756	30.863	PV-006364508756 30.863
PV-006364508757	31.496	PV-006364508757 31.496
PV-006364570302	31.998	PV-006364570302 31.998
PV-006364586592	31.688	PV-006364586592 31.688
PV-006364689431	30.461	PV-006364689431 30.461
PV-006364883948	26.977	PV-006364883948 26.977
PV-006364883949	27.144	PV-006364883949 27.144
PV-006364957991	31.357	PV-006364957991 31.357
PV-006365122561	29.81	PV-006365122561 29.810
PV-006365122562	29.875	PV-006365122562 29.875
PV-006365122563	31.403	PV-006365122563 31.403
PV-006365922013	29.196	PV-006365922013 29.196
PV-006366209517	28.969	PV-006366209517 28.969
PV-006366328097	30.892	PV-006366328097 30.892
PV-006367282684	25.596	PV-006367282684 25.596
PV-006367526187	26.382	PV-006367526187 26.382
PV-006368864091	29.899	PV-006368864091 29.899
PV-006369683024	27.354	PV-006369683024 27.354
PV-006369864657	26.65	PV-006369864657 26.650
PV-006370100672	28.324	PV-006370100672 28.324
PV-006370334807	26.76	PV-006370334807 26.760
PV-006371150269	29.074	PV-006371150269 29.074
PV-006371175746	26.982	PV-006371175746 26.982
PV-006371205803	31.9	PV-006371205803 31.900
PV-006371503680	29.609	PV-006371503680 29.609
PV-006371718172	29.675	PV-006371718172 29.675
PV-006372270169	31.545	PV-006372270169 31.545
PV-006372273174	27.788	PV-006372273174 27.788
PV-006372314172	26.591	PV-006372314172 26.591
PV-006372327580	25.803	PV-006372327580 25.803
PV-006372438901	28.709	PV-006372438901 28.709
PV-006372559415	29.349	PV-006372559415 29.349
PV-006372648552	26.998	PV-006372648552 26.998
PV-006373273882	29.262	PV-006373273882 29.262
PV-006374030469	28.825	PV-006374030469 28.825
PV-006374067836	27.676	PV-006374067836 27.676
PV-006374112430	30.383	PV-006374112430 30.383
PV-006374291794	27.002	PV-006374291794 27.002
PV-006374424727	29.551	PV-006374424727 29.551
PV-006374556398	27.403	PV-006374556398 27.403
PV-006374640019	26.746	PV-006374640019 26.746
PV-006376205310	31.464	PV-006376205310 31.464
PV-006376205311	31.571	PV-006376205311 31.571
PV-006376488997	32.188	PV-006376488997 32.188
PV-006377262509	31.128	PV-006377262509 31.128
PV-006377598419	31.241	PV-006377598419 31.241
PV-006377920722	32.427	PV-006377920722 32.427
PV-006377939457	29.476	PV-006377939457 29.476
PV-006377954177	29.694	PV-006377954177 29.694
PV-006377954178	27.785	PV-006377954178 27.785
PV-006377954179	27.361	PV-006377954179 27.361
PV-006378081263	30.044	PV-006378081263 30.044
PV-006378211745	27.051	PV-006378211745 27.051
PV-006378239128	27.348	PV-006378239128 27.348
PV-006378239129	30.679	PV-006378239129 30.679
PV-006378309743	28.929	PV-006378309743 28.929
PV-006378401361	28.712	PV-006378401361 28.712
PV-006378436892	27.096	PV-006378436892 27.096
PV-006378449799	27.86	PV-006378449799 27.860
PV-006378628043	30.133	PV-006378628043 30.133
PV-006378827911	32.183	PV-006378827911 32.183
PV-006378900513	28.347	PV-006378900513 28.347
PV-006379026956	28.211	PV-006379026956 28.211
PV-006379385017	31.576	PV-006379385017 31.576
PV-006379566651	27.103	PV-006379566651 27.103
PV-006379585852	30.02	PV-006379585852 30.020
PV-006379623644	29.062	PV-006379623644 29.062
PV-006379652299	31.806	PV-006379652299 31.806
PV-006379837706	31.959	PV-006379837706 31.959
PV-006379889663	30.302	PV-006379889663 30.302
PV-006380011045	30.419	PV-006380011045 30.419
PV-006380289039	29.129	PV-006380289039 29.129
PV-006380358006	26.3	PV-006380358006 26.300
PV-006380515331	28.404	PV-006380515331 28.404
PV-006380616831	29.311	PV-006380616831 29.311
PV-006380771156	29.166	PV-006380771156 29.166
PV-006381080895	28.431	PV-006381080895 28.431
PV-006381278843	26.819	PV-006381278843 26.819
PV-006381358540	27.186	PV-006381358540 27.186
PV-006381430739	29.332	PV-006381430739 29.332
PV-006381680411	31.257	PV-006381680411 31.257
PV-006381716900	29.562	PV-006381716900 29.562
PV-006382012551	29.593	PV-006382012551 29.593
PV-006382472593	26.754	PV-006382472593 26.754
PV-006382553082	29.452	PV-006382553082 29.452
PV-006382553083	29.567	PV-006382553083 29.567
PV-006382883576	27.924	PV-006382883576 27.924
PV-006382934831	29.995	PV-006382934831 29.995
PV-006382934832	26.347	PV-006382934832 26.347
PV-006382934833	26.759	PV-006382934833 26.759
PV-006383571725	25.787	PV-006383571725 25.787
PV-006383737075	30.03	PV-006383737075 30.030
PV-006383814343	31.29	PV-006383814343 31.290
PV-006384379204	25.155	PV-006384379204 25.155
PV-006384409627	28.863	PV-006384409627 28.863
PV-006384428272	29.461	PV-006384428272 29.461
PV-006384432644	29.293	PV-006384432644 29.293
PV-006384555915	27.169	PV-006384555915 27.169
PV-006384567057	30.977	PV-006384567057 30.977
PV-006384998748	27.185	PV-006384998748 27.185
PV-006385222274	25.532	PV-006385222274 25.532
PV-006385328419	31.544	PV-006385328419 31.544
PV-006386600104	25.602	PV-006386600104 25.602
PV-006386976678	26.54	PV-006386976678 26.540
PV-006387298505	30.615	PV-006387298505 30.615
PV-006387477961	27.933	PV-006387477961 27.933
PV-006387477962	27.806	PV-006387477962 27.806
PV-006387527315	31.412	PV-006387527315 31.412
PV-006388304434	31.247	PV-006388304434 31.247
PV-006388562107	29.706	PV-006388562107 29.706
PV-006388562108	26.218	PV-006388562108 26.218
PV-006388562109	27.89	PV-006388562109 27.890
PV-006389029013	29.381	PV-006389029013 29.381
PV-006389589852	29.672	PV-006389589852 29.672
PV-006389656769	28.001	PV-006389656769 28.001
PV-006390168337	29.204	PV-006390168337 29.204
PV-006390761127	26.806	PV-006390761127 26.806
PV-006390904866	30.987	PV-006390904866 30.987
PV-006390904867	29.942	PV-006390904867 29.942
PV-006390904868	29.932	PV-006390904868 29.932
PV-006391024019	31.099	PV-006391024019 31.099
PV-006391046099	29.128	PV-006391046099 29.128
PV-006391382056	27.33	PV-006391382056 27.330
PV-006391382057	27.418	PV-006391382057 27.418
PV-006391382058	30.696	PV-006391382058 30.696
PV-006391416927	31.07	PV-006391416927 31.070
PV-006391673297	29.209	PV-006391673297 29.209
PV-006392034601	30.086	PV-006392034601 30.086
PV-006392326656	27.197	PV-006392326656 27.197
PV-006392966349	30.705	PV-006392966349 30.705
PV-006393223591	29.019	PV-006393223591 29.019
PV-006393236150	30.506	PV-006393236150 30.506
PV-006393409373	28.727	PV-006393409373 28.727
PV-006393496178	29.93	PV-006393496178 29.930
PV-006394005572	28.508	PV-006394005572 28.508
PV-006413391327	29.145	PV-006413391327 29.145
PV-006413429890	28.806	PV-006413429890 28.806
PV-006413429891	27.596	PV-006413429891 27.596
PV-006413430255	31.328	PV-006413430255 31.328
PV-006413579046	30.754	PV-006413579046 30.754
PV-006413739001	29.124	PV-006413739001 29.124
PV-006413907621	29.982	PV-006413907621 29.982
PV-006414033603	30.697	PV-006414033603 30.697
PV-006414168631	29.451	PV-006414168631 29.451
PV-006414774610	31.421	PV-006414774610 31.421
PV-006414867236	29.52	PV-006414867236 29.520
PV-006414919570	27.324	PV-006414919570 27.324
PV-006415298844	30.052	PV-006415298844 30.052
PV-006415545086	28.114	PV-006415545086 28.114
PV-006415686323	29.51	PV-006415686323 29.510
PV-006416158969	31.297	PV-006416158969 31.297
PV-006416364906	25.338	PV-006416364906 25.338
PV-006416364907	31.095	PV-006416364907 31.095
PV-006416459314	29.233	PV-006416459314 29.233
PV-006416559912	31.709	PV-006416559912 31.709
PV-006416678535	28.508	PV-006416678535 28.508
PV-006416678536	30.558	PV-006416678536 30.558
PV-006416678537	26.256	PV-006416678537 26.256
PV-006416744207	24.976	PV-006416744207 24.976
PV-006416822994	32.255	PV-006416822994 32.255
PV-006417101975	28.871	PV-006417101975 28.871
PV-006417101976	26.507	PV-006417101976 26.507
PV-006417101977	29.321	PV-006417101977 29.321
PV-006417342114	29.136	PV-006417342114 29.136
PV-006417544378	29.223	PV-006417544378 29.223
PV-006417577537	27.314	PV-006417577537 27.314
PV-006417983016	31.54	PV-006417983016 31.540
PV-006418088233	28.637	PV-006418088233 28.637
PV-006418119135	30.962	PV-006418119135 30.962
PV-006418262914	28.985	PV-006418262914 28.985
PV-006418262915	29.474	PV-006418262915 29.474
PV-006418262916	25.732	PV-006418262916 25.732
PV-006418351769	31.761	PV-006418351769 31.761
PV-006418507973	29.917	PV-006418507973 29.917
PV-006418930822	26.83	PV-006418930822 26.830
PV-006419989640	28.695	PV-006419989640 28.695
PV-006420100716	30.588	PV-006420100716 30.588
PV-006420403363	29.192	PV-006420403363 29.192
PV-006421298286	30.621	PV-006421298286 30.621
PV-006421298768	29.398	PV-006421298768 29.398
PV-006421389294	28.329	PV-006421389294 28.329
PV-006421655702	29.615	PV-006421655702 29.615
PV-006421883775	30.442	PV-006421883775 30.442
PV-006421934669	25.977	PV-006421934669 25.977
PV-006422085219	30.349	PV-006422085219 30.349
PV-006422085220	30.322	PV-006422085220 30.322
PV-006422310317	30.781	PV-006422310317 30.781
PV-006422310318	30.512	PV-006422310318 30.512
PV-006422310319	29.538	PV-006422310319 29.538
PV-006422310320	28.078	PV-006422310320 28.078
PV-006422310321	32.14	PV-006422310321 32.140
PV-006422310322	26.361	PV-006422310322 26.361
PV-006422501850	29.127	PV-006422501850 29.127
PV-006422872321	30.067	PV-006422872321 30.067
PV-006423004994	28.834	PV-006423004994 28.834
PV-006423146590	32.572	PV-006423146590 32.572
PV-006423681715	28.563	PV-006423681715 28.563
PV-006423681716	29.459	PV-006423681716 29.459
PV-006423681717	28.93	PV-006423681717 28.930
PV-006423816970	29.257	PV-006423816970 29.257
PV-006423982495	27.489	PV-006423982495 27.489
PV-006424112379	26.834	PV-006424112379 26.834
PV-006424256172	29.674	PV-006424256172 29.674
PV-006424504751	28.499	PV-006424504751 28.499
PV-006424750421	28.281	PV-006424750421 28.281
PV-006424921068	26.142	PV-006424921068 26.142
PV-006424971303	25.429	PV-006424971303 25.429
PV-006424971304	26.483	PV-006424971304 26.483
PV-006424971305	30.919	PV-006424971305 30.919
PV-006425579558	30.318	PV-006425579558 30.318
PV-006425621707	29.516	PV-006425621707 29.516
PV-006425758352	28.822	PV-006425758352 28.822
PV-006425965459	26.488	PV-006425965459 26.488
PV-006426621293	28.363	PV-006426621293 28.363
PV-006426621294	27.918	PV-006426621294 27.918
PV-006426621295	25.403	PV-006426621295 25.403
PV-006426989836	26.976	PV-006426989836 26.976
PV-006427002432	26.152	PV-006427002432 26.152
PV-006427454265	26.524	PV-006427454265 26.524
PV-006427535965	27.362	PV-006427535965 27.362
PV-006427535966	29.705	PV-006427535966 29.705
PV-006428270775	27.806	PV-006428270775 27.806
PV-006428270776	30.336	PV-006428270776 30.336
PV-006428470642	30.52	PV-006428470642 30.520
PV-006429347990	26.061	PV-006429347990 26.061
PV-006429404678	29.243	PV-006429404678 29.243
PV-006429501359	31.335	PV-006429501359 31.335
PV-006429753252	29.442	PV-006429753252 29.442
PV-006429902960	27.111	PV-006429902960 27.111
PV-006429980548	30.306	PV-006429980548 30.306
PV-006430600594	29.589	PV-006430600594 29.589
PV-006430931498	29.605	PV-006430931498 29.605
PV-006431121828	26.765	PV-006431121828 26.765
PV-006431121829	31.157	PV-006431121829 31.157
PV-006431121830	29.177	PV-006431121830 29.177
PV-006431364495	26.186	PV-006431364495 26.186
PV-006431465644	31.071	PV-006431465644 31.071
PV-006431695470	29.831	PV-006431695470 29.831
PV-006431876516	28.728	PV-006431876516 28.728
PV-006432281491	27.377	PV-006432281491 27.377
PV-006432346396	25.724	PV-006432346396 25.724
PV-006432590912	28.279	PV-006432590912 28.279
PV-006432933074	30.7	PV-006432933074 30.700
PV-006432933075	29.83	PV-006432933075 29.830
PV-006432933076	26.174	PV-006432933076 26.174
PV-006433350554	28.106	PV-006433350554 28.106
PV-006433805617	29.185	PV-006433805617 29.185
PV-006434019834	26.484	PV-006434019834 26.484
PV-006434210039	26.033	PV-006434210039 26.033
PV-006434386620	30.899	PV-006434386620 30.899
PV-006434449220	25.749	PV-006434449220 25.749
PV-006434564281	29.838	PV-006434564281 29.838
PV-006434646244	29.482	PV-006434646244 29.482
PV-006434882446	31.433	PV-006434882446 31.433
PV-006435312027	29.546	PV-006435312027 29.546
PV-006435451365	29.224	PV-006435451365 29.224
PV-006435482718	30.858	PV-006435482718 30.858
PV-006435633894	25.7	PV-006435633894 25.700
PV-006435633895	27.615	PV-006435633895 27.615
PV-006435633896	28.657	PV-006435633896 28.657
PV-006435682103	26.522	PV-006435682103 26.522
PV-006436330454	31.097	PV-006436330454 31.097
PV-006436440577	27.412	PV-006436440577 27.412
PV-006436621758	25.949	PV-006436621758 25.949
PV-006437306192	26.981	PV-006437306192 26.981
PV-006437426779	27.955	PV-006437426779 27.955
PV-006437426780	30.063	PV-006437426780 30.063
PV-006437426781	26.08	PV-006437426781 26.080
PV-006437458926	28.063	PV-006437458926 28.063
PV-006438096492	26.846	PV-006438096492 26.846
PV-006438097724	25.49	PV-006438097724 25.490
PV-006439049211	29.511	PV-006439049211 29.511
PV-006439077734	28.084	PV-006439077734 28.084
PV-006439272186	29.89	PV-006439272186 29.890
PV-006439379513	28.371	PV-006439379513 28.371
PV-006439428911	28.03	PV-006439428911 28.030
PV-006439810604	29.639	PV-006439810604 29.639
PV-006439841024	29.493	PV-006439841024 29.493
PV-006440797224	28.197	PV-006440797224 28.197
PV-006441173670	31.078	PV-006441173670 31.078
PV-006441478623	31.239	PV-006441478623 31.239
PV-006441726087	31.093	PV-006441726087 31.093
PV-006441774539	27.048	PV-006441774539 27.048
PV-006442053094	30.261	PV-006442053094 30.261
PV-006442266433	27.521	PV-006442266433 27.521
PV-006443192022	28.565	PV-006443192022 28.565
PV-006443545892	30.775	PV-006443545892 30.775
PV-006443685463	29.386	PV-006443685463 29.386
PV-006443853136	27.084	PV-006443853136 27.084
PV-006444058663	30.425	PV-006444058663 30.425
PV-006444654412	29.067	PV-006444654412 29.067
PV-006444654413	30.592	PV-006444654413 30.592
PV-006444654414	30.506	PV-006444654414 30.506
PV-006444800691	28.398	PV-006444800691 28.398
PV-006445087226	26.737	PV-006445087226 26.737
PV-006445777029	26.759	PV-006445777029 26.759
PV-006445811822	25.821	PV-006445811822 25.821
PV-006445811823	31.063	PV-006445811823 31.063
PV-006445811824	29.129	PV-006445811824 29.129
PV-006445853677	28.427	PV-006445853677 28.427
PV-006446723126	29.112	PV-006446723126 29.112
PV-006446919589	29.315	PV-006446919589 29.315
PV-006446972041	28.307	PV-006446972041 28.307
PV-006447245062	26.421	PV-006447245062 26.421
PV-006447395718	29.851	PV-006447395718 29.851
PV-006447531817	30.409	PV-006447531817 30.409
PV-006448239974	26.215	PV-006448239974 26.215
PV-006448495731	30.184	PV-006448495731 30.184
PV-006448934018	30.218	PV-006448934018 30.218
PV-006448934019	28.063	PV-006448934019 28.063
PV-006448934020	31.958	PV-006448934020 31.958
PV-006449054577	29.488	PV-006449054577 29.488
PV-006449057111	26.554	PV-006449057111 26.554
PV-006449061449	29.238	PV-006449061449 29.238
PV-006450175082	31.382	PV-006450175082 31.382
PV-006450329794	26.816	PV-006450329794 26.816
PV-006450652383	27.441	PV-006450652383 27.441
PV-006450666839	29.264	PV-006450666839 29.264
PV-006450840554	31.216	PV-006450840554 31.216
PV-006450881998	28.663	PV-006450881998 28.663
PV-006451545743	30.61	PV-006451545743 30.610
PV-006451545744	31.758	PV-006451545744 31.758
PV-006451545745	32.274	PV-006451545745 32.274
PV-006451925502	29.39	PV-006451925502 29.390
PV-006452171659	31.042	PV-006452171659 31.042
PV-006452171660	28.137	PV-006452171660 28.137
PV-006452334083	30.623	PV-006452334083 30.623
PV-006452334084	29.478	PV-006452334084 29.478
PV-006452334085	30.417	PV-006452334085 30.417
PV-006452389947	31.167	PV-006452389947 31.167
PV-006452389948	29.199	PV-006452389948 29.199
PV-006452389949	26.925	PV-006452389949 26.925
PV-006452784058	30.601	PV-006452784058 30.601
PV-006453107783	26.084	PV-006453107783 26.084
PV-006453337430	28.175	PV-006453337430 28.175
PV-006453512497	29.033	PV-006453512497 29.033
PV-006453558293	28.13	PV-006453558293 28.130
PV-006453584714	28.691	PV-006453584714 28.691
PV-006453621247	27.674	PV-006453621247 27.674
PV-006453807500	26.251	PV-006453807500 26.251
PV-006454114232	31.166	PV-006454114232 31.166
PV-006454218842	27.82	PV-006454218842 27.820
PV-006454227067	31.227	PV-006454227067 31.227
PV-006454361941	29.957	PV-006454361941 29.957
PV-006454431448	32.422	PV-006454431448 32.422
PV-006454436581	25.852	PV-006454436581 25.852
PV-006454577296	30.766	PV-006454577296 30.766
PV-006454947574	28.629	PV-006454947574 28.629
PV-006455403800	27.564	PV-006455403800 27.564
PV-006455670299	29.412	PV-006455670299 29.412
PV-006455670300	29.978	PV-006455670300 29.978
PV-006455928517	29.804	PV-006455928517 29.804
PV-006455942030	26.67	PV-006455942030 26.670
PV-006456041512	32.085	PV-006456041512 32.085
PV-006456079650	28.098	PV-006456079650 28.098
PV-006456079651	31.319	PV-006456079651 31.319
PV-006456079652	29.196	PV-006456079652 29.196
PV-006456253125	29.752	PV-006456253125 29.752
PV-006456277677	29.247	PV-006456277677 29.247
PV-006456973900	26.65	PV-006456973900 26.650
PV-006457435542	29.109	PV-006457435542 29.109
PV-006457597156	30.043	PV-006457597156 30.043
PV-006457671994	31.301	PV-006457671994 31.301
PV-006458255870	28.613	PV-006458255870 28.613
PV-006458386598	30.477	PV-006458386598 30.477
PV-006458663462	27.483	PV-006458663462 27.483
PV-006458768858	29.271	PV-006458768858 29.271
PV-006458804978	29.776	PV-006458804978 29.776
PV-006458804979	28.314	PV-006458804979 28.314
PV-006458804980	28.443	PV-006458804980 28.443
PV-006459315928	31.195	PV-006459315928 31.195
PV-006459328425	31.022	PV-006459328425 31.022
PV-006460003126	27.437	PV-006460003126 27.437
PV-006460030421	26.655	PV-006460030421 26.655
PV-006460219720	30.406	PV-006460219720 30.406
PV-006460244735	29.181	PV-006460244735 29.181
PV-006460850041	26.867	PV-006460850041 26.867
PV-006460850042	28.31	PV-006460850042 28.310
PV-006460955228	30.041	PV-006460955228 30.041
PV-006461344071	29.023	PV-006461344071 29.023
PV-006461696786	28.789	PV-006461696786 28.789
PV-006461891061	29.354	PV-006461891061 29.354
PV-006462186019	30.742	PV-006462186019 30.742
PV-006462306339	31.652	PV-006462306339 31.652
PV-006462339226	26.537	PV-006462339226 26.537
PV-006462428887	27.902	PV-006462428887 27.902
PV-006462502787	29.646	PV-006462502787 29.646
PV-006462502788	31.144	PV-006462502788 31.144
PV-006462660192	28.892	PV-006462660192 28.892
PV-006462766618	26.277	PV-006462766618 26.277
PV-006463168336	26.781	PV-006463168336 26.781
PV-006463847292	31.529	PV-006463847292 31.529
PV-006463847293	25.919	PV-006463847293 25.919
PV-006464271911	26.603	PV-006464271911 26.603
PV-006464366530	27.141	PV-006464366530 27.141
PV-006464439175	30.912	PV-006464439175 30.912
PV-006464439176	31.5	PV-006464439176 31.500
PV-006464439177	31.137	PV-006464439177 31.137
PV-006464465727	32.115	PV-006464465727 32.115
PV-006464592111	27.057	PV-006464592111 27.057
PV-006464592112	29.818	PV-006464592112 29.818
PV-006464592113	27.815	PV-006464592113 27.815
PV-006464677834	30.016	PV-006464677834 30.016
PV-006465312071	29.306	PV-006465312071 29.306
PV-006465386762	25.811	PV-006465386762 25.811
PV-006465829678	30.734	PV-006465829678 30.734
PV-006466280018	30.468	PV-006466280018 30.468
PV-006466488317	29.881	PV-006466488317 29.881
PV-006466833873	31.631	PV-006466833873 31.631
PV-006466929801	26.198	PV-006466929801 26.198
PV-006467054769	30.156	PV-006467054769 30.156
PV-006467272804	27.963	PV-006467272804 27.963
PV-006468280736	27.388	PV-006468280736 27.388
PV-006468895603	26.577	PV-006468895603 26.577
PV-006469269550	25.896	PV-006469269550 25.896
PV-006469561921	31.772	PV-006469561921 31.772
PV-006469685525	29.235	PV-006469685525 29.235
PV-006469685526	31.506	PV-006469685526 31.506
PV-006469685527	29.996	PV-006469685527 29.996
PV-006469842919	29.529	PV-006469842919 29.529
PV-006469842920	29.948	PV-006469842920 29.948
PV-006469842921	26.964	PV-006469842921 26.964
PV-006470275087	30.801	PV-006470275087 30.801
PV-006470356534	30.511	PV-006470356534 30.511
PV-006470427655	26.897	PV-006470427655 26.897
PV-006470920601	29.328	PV-006470920601 29.328
PV-006471019482	30.568	PV-006471019482 30.568
PV-006471180082	27.867	PV-006471180082 27.867
PV-006471180083	29.693	PV-006471180083 29.693
PV-006471180084	28.947	PV-006471180084 28.947
PV-006471821010	32.647	PV-006471821010 32.647
PV-006471836262	28.964	PV-006471836262 28.964
PV-006472120966	27.036	PV-006472120966 27.036
PV-006472421851	27.422	PV-006472421851 27.422
PV-006473467561	28.221	PV-006473467561 28.221
PV-006473876858	32.438	PV-006473876858 32.438
PV-006473876859	30.941	PV-006473876859 30.941
PV-006473876860	29.715	PV-006473876860 29.715
PV-006473977907	28.93	PV-006473977907 28.930
PV-006474006894	30.083	PV-006474006894 30.083
PV-006474040455	30.766	PV-006474040455 30.766
PV-006474461829	30.225	PV-006474461829 30.225
PV-006474624999	29.451	PV-006474624999 29.451
PV-006475722606	26.461	PV-006475722606 26.461
PV-006476060452	30.639	PV-006476060452 30.639
PV-006476154517	31.399	PV-006476154517 31.399
PV-006476154518	31.614	PV-006476154518 31.614
PV-006476198343	29.211	PV-006476198343 29.211
PV-006476202177	28.231	PV-006476202177 28.231
PV-006476202178	28.79	PV-006476202178 28.790
PV-006476272145	26.176	PV-006476272145 26.176
PV-006476732682	30.092	PV-006476732682 30.092
PV-006477162190	25.862	PV-006477162190 25.862
PV-006477263120	25.709	PV-006477263120 25.709
PV-006477430355	30.544	PV-006477430355 30.544
PV-006477739015	29.655	PV-006477739015 29.655
PV-006477927845	31.062	PV-006477927845 31.062
PV-006478313970	28.634	PV-006478313970 28.634
PV-006478313971	30.757	PV-006478313971 30.757
PV-006479003235	31.311	PV-006479003235 31.311
PV-006479155614	30.254	PV-006479155614 30.254
PV-006479264187	26.339	PV-006479264187 26.339
PV-006479753961	27.971	PV-006479753961 27.971
PV-006479861071	29.964	PV-006479861071 29.964
PV-006480181562	28.837	PV-006480181562 28.837
PV-006480811985	29.121	PV-006480811985 29.121
PV-006481392647	30.391	PV-006481392647 30.391
PV-006481392648	30.747	PV-006481392648 30.747
PV-006481392649	28.815	PV-006481392649 28.815
PV-006481407518	30.866	PV-006481407518 30.866
PV-006481596176	30.437	PV-006481596176 30.437
PV-006481830746	27.464	PV-006481830746 27.464
PV-006481864448	28.752	PV-006481864448 28.752
PV-006482043012	30.136	PV-006482043012 30.136
PV-006482620458	28.577	PV-006482620458 28.577
PV-006483056993	29.256	PV-006483056993 29.256
PV-006483121365	30.482	PV-006483121365 30.482
PV-006483121366	27.967	PV-006483121366 27.967
PV-006483121367	30.082	PV-006483121367 30.082
PV-006483416911	27.502	PV-006483416911 27.502
PV-006483500015	31.595	PV-006483500015 31.595
PV-006483566869	26.201	PV-006483566869 26.201
PV-006483800075	30.891	PV-006483800075 30.891
PV-006484398809	30.492	PV-006484398809 30.492
PV-006484796105	31.088	PV-006484796105 31.088
PV-006484866782	31.34	PV-006484866782 31.340
PV-006484868258	26.916	PV-006484868258 26.916
PV-006484933036	29.651	PV-006484933036 29.651
PV-006484933037	30.708	PV-006484933037 30.708
PV-006485721829	31.735	PV-006485721829 31.735
PV-006485721830	30.531	PV-006485721830 30.531
PV-006485939189	28.803	PV-006485939189 28.803
PV-006485939190	29.117	PV-006485939190 29.117
PV-006485939191	30.295	PV-006485939191 30.295
PV-006486047311	29.12	PV-006486047311 29.120
PV-006486106969	30.134	PV-006486106969 30.134
PV-006486181910	30.052	PV-006486181910 30.052
PV-006486447073	30.652	PV-006486447073 30.652
PV-006486612069	25.458	PV-006486612069 25.458
PV-006486741857	27.165	PV-006486741857 27.165
PV-006486997343	29.216	PV-006486997343 29.216
PV-006487035309	29.334	PV-006487035309 29.334
PV-006487577594	30.758	PV-006487577594 30.758
PV-006487629433	28.375	PV-006487629433 28.375
PV-006488385108	30.245	PV-006488385108 30.245
PV-006488400846	26.339	PV-006488400846 26.339
PV-006488400847	25.152	PV-006488400847 25.152
PV-006488400848	30.449	PV-006488400848 30.449
PV-006488528749	26.597	PV-006488528749 26.597
PV-006488664545	31.261	PV-006488664545 31.261
PV-006488710544	31.085	PV-006488710544 31.085
PV-006488788005	30.598	PV-006488788005 30.598
PV-006488817244	28.279	PV-006488817244 28.279
PV-006488827426	30.444	PV-006488827426 30.444
PV-006488827427	26.97	PV-006488827427 26.970
PV-006488934223	28.431	PV-006488934223 28.431
PV-006489463742	31.226	PV-006489463742 31.226
PV-006489645837	29.833	PV-006489645837 29.833
PV-006489915838	29.358	PV-006489915838 29.358
PV-006489915839	26.385	PV-006489915839 26.385
PV-006489915840	27.753	PV-006489915840 27.753
PV-006489991557	29.748	PV-006489991557 29.748
PV-006490300936	31.44	PV-006490300936 31.440
PV-006490564406	26.352	PV-006490564406 26.352
PV-006490804613	31.515	PV-006490804613 31.515
PV-006490987904	29.045	PV-006490987904 29.045
PV-006491045936	29.012	PV-006491045936 29.012
PV-006491128743	30.107	PV-006491128743 30.107
PV-006491334478	30.321	PV-006491334478 30.321
PV-006491677866	27.476	PV-006491677866 27.476
PV-006492009008	30.983	PV-006492009008 30.983
PV-006492265223	29.493	PV-006492265223 29.493
PV-006492461655	32.155	PV-006492461655 32.155
PV-006492486770	27.33	PV-006492486770 27.330
PV-006492821598	30.35	PV-006492821598 30.350
PV-006493181160	29.777	PV-006493181160 29.777
PV-006493942187	26.395	PV-006493942187 26.395
PV-006494176258	29.215	PV-006494176258 29.215
PV-006494176259	28.084	PV-006494176259 28.084
PV-006494176260	30.712	PV-006494176260 30.712
PV-006494186830	25.41	PV-006494186830 25.410
PV-006494191319	28.788	PV-006494191319 28.788
PV-006494231434	29.418	PV-006494231434 29.418
PV-006494276401	25.626	PV-006494276401 25.626
PV-006494288688	27.497	PV-006494288688 27.497
PV-006494456771	29.681	PV-006494456771 29.681
PV-006494494181	31.31	PV-006494494181 31.310
PV-006495180923	27.032	PV-006495180923 27.032
PV-006495558932	28.502	PV-006495558932 28.502
PV-006495558933	28.468	PV-006495558933 28.468
PV-006495558934	27.448	PV-006495558934 27.448
PV-006495625639	27.167	PV-006495625639 27.167
PV-006495774642	30.18	PV-006495774642 30.180
PV-006495850672	27.476	PV-006495850672 27.476
PV-006495885670	29.499	PV-006495885670 29.499
PV-006496143100	27.494	PV-006496143100 27.494
PV-006496707751	30.43	PV-006496707751 30.430
PV-006496751969	30.838	PV-006496751969 30.838
PV-006496912798	28.964	PV-006496912798 28.964
PV-006496951668	31.624	PV-006496951668 31.624
PV-006497096860	31.152	PV-006497096860 31.152
PV-006497751870	31.232	PV-006497751870 31.232
PV-006497757492	31.244	PV-006497757492 31.244
PV-006498173673	29.117	PV-006498173673 29.117
PV-006498173674	26.356	PV-006498173674 26.356
PV-006498173675	27.319	PV-006498173675 27.319
PV-006498312610	29.905	PV-006498312610 29.905
PV-006498312611	29.606	PV-006498312611 29.606
PV-006498312612	31.239	PV-006498312612 31.239
PV-006499025581	30.176	PV-006499025581 30.176
PV-006499051523	29.605	PV-006499051523 29.605
PV-006499141158	26.18	PV-006499141158 26.180
PV-006499569990	31.393	PV-006499569990 31.393
PV-006500008290	29.986	PV-006500008290 29.986
PV-006500297119	28.965	PV-006500297119 28.965
PV-006500297120	26.927	PV-006500297120 26.927
PV-006500355370	28.107	PV-006500355370 28.107
PV-006500414199	27.012	PV-006500414199 27.012
PV-006500414200	30.787	PV-006500414200 30.787
PV-006500414201	28.66	PV-006500414201 28.660
PV-006500453632	28.913	PV-006500453632 28.913
PV-006500472115	29.101	PV-006500472115 29.101
PV-006500932262	30.227	PV-006500932262 30.227
PV-006501043332	29.411	PV-006501043332 29.411
PV-006501219339	31.166	PV-006501219339 31.166
PV-006501534538	29.629	PV-006501534538 29.629
PV-006501843595	29.516	PV-006501843595 29.516
PV-006501843596	29.197	PV-006501843596 29.197
PV-006501843597	28.424	PV-006501843597 28.424
PV-006502165270	30.387	PV-006502165270 30.387
PV-006502225829	31.35	PV-006502225829 31.350
PV-006502243616	26.318	PV-006502243616 26.318
PV-006502352915	31.637	PV-006502352915 31.637
PV-006502368755	27.693	PV-006502368755 27.693
PV-006503167925	29.798	PV-006503167925 29.798
PV-006503783884	30.478	PV-006503783884 30.478
PV-006503853974	30.774	PV-006503853974 30.774
PV-006503954283	30.598	PV-006503954283 30.598
PV-006504096434	31.379	PV-006504096434 31.379
PV-006504187239	30.842	PV-006504187239 30.842
PV-006504224137	30.535	PV-006504224137 30.535
PV-006504301637	28.724	PV-006504301637 28.724
PV-006504363201	28.911	PV-006504363201 28.911
PV-006504767134	29.334	PV-006504767134 29.334
PV-006504792976	29.824	PV-006504792976 29.824
PV-006505327454	25.504	PV-006505327454 25.504
PV-006505572608	31.766	PV-006505572608 31.766
PV-006505572609	31.353	PV-006505572609 31.353
PV-006505572610	27.29	PV-006505572610 27.290
PV-006505777723	30.791	PV-006505777723 30.791
PV-006505777724	28.52	PV-006505777724 28.520
PV-006505777725	25.485	PV-006505777725 25.485
PV-006505859032	30.664	PV-006505859032 30.664
PV-006506244163	27.374	PV-006506244163 27.374
PV-006506374679	29.234	PV-006506374679 29.234
PV-006506694070	29.902	PV-006506694070 29.902
PV-006506694071	30.514	PV-006506694071 30.514
PV-006507102735	30.061	PV-006507102735 30.061
PV-006507143645	28.593	PV-006507143645 28.593
PV-006507187129	25.786	PV-006507187129 25.786
PV-006507398852	31.433	PV-006507398852 31.433
PV-006507693049	29.524	PV-006507693049 29.524
PV-006507783875	31.042	PV-006507783875 31.042
PV-006507923750	27.276	PV-006507923750 27.276
PV-006507953600	26.562	PV-006507953600 26.562
PV-006507986869	29.613	PV-006507986869 29.613
PV-006508367184	30.322	PV-006508367184 30.322
PV-006508367185	28.336	PV-006508367185 28.336
PV-006508367186	27.97	PV-006508367186 27.970
PV-006509934294	29.222	PV-006509934294 29.222
PV-006510418234	28.514	PV-006510418234 28.514
PV-006510766933	28.949	PV-006510766933 28.949
PV-006511068629	29.32	PV-006511068629 29.320
PV-006511248800	26.861	PV-006511248800 26.861
PV-006511525394	26.092	PV-006511525394 26.092
PV-006511601465	29.02	PV-006511601465 29.020
PV-006511791615	31.658	PV-006511791615 31.658
PV-006511890229	28.942	PV-006511890229 28.942
PV-006512146450	30.335	PV-006512146450 30.335
PV-006512249153	30.465	PV-006512249153 30.465
PV-006512484130	27.199	PV-006512484130 27.199
PV-006512782574	29.273	PV-006512782574 29.273
PV-006513017126	28.632	PV-006513017126 28.632
PV-006513071303	28.416	PV-006513071303 28.416
PV-006513263009	30.81	PV-006513263009 30.810
PV-006513565160	26.335	PV-006513565160 26.335
PV-006513686930	26.978	PV-006513686930 26.978
PV-006513789314	25.782	PV-006513789314 25.782
PV-006514216434	31.562	PV-006514216434 31.562
PV-006514225127	29.432	PV-006514225127 29.432
PV-006515258049	26.824	PV-006515258049 26.824
PV-006515291572	31.486	PV-006515291572 31.486
PV-006515697237	30.294	PV-006515697237 30.294
PV-006515697238	29.364	PV-006515697238 29.364
PV-006515803085	30.825	PV-006515803085 30.825
PV-006515861483	29.026	PV-006515861483 29.026
PV-006516022156	27.692	PV-006516022156 27.692
PV-006516292377	26.046	PV-006516292377 26.046
PV-006516435772	26.752	PV-006516435772 26.752
PV-006516435773	31.392	PV-006516435773 31.392
PV-006517072166	25.487	PV-006517072166 25.487
PV-006517157933	25.575	PV-006517157933 25.575
PV-006517157934	29.594	PV-006517157934 29.594
PV-006517169595	28.221	PV-006517169595 28.221
PV-006517495875	29.384	PV-006517495875 29.384
PV-006517503652	26.949	PV-006517503652 26.949
PV-006517833313	29.448	PV-006517833313 29.448
PV-006518118615	27.281	PV-006518118615 27.281
PV-006518278119	30.991	PV-006518278119 30.991
PV-006518440180	29.101	PV-006518440180 29.101
PV-006518609518	29.579	PV-006518609518 29.579
PV-006518723050	31.465	PV-006518723050 31.465
PV-006518723051	26.437	PV-006518723051 26.437
PV-006519711435	29.321	PV-006519711435 29.321
PV-006519711436	28.503	PV-006519711436 28.503
PV-006520358372	28.877	PV-006520358372 28.877
PV-006520382387	30.711	PV-006520382387 30.711
PV-006520699722	31.081	PV-006520699722 31.081
PV-006520951248	30.92	PV-006520951248 30.920
PV-006521843873	30.097	PV-006521843873 30.097
PV-006521999362	29.952	PV-006521999362 29.952
PV-006523081272	31.663	PV-006523081272 31.663
PV-006523225285	28.948	PV-006523225285 28.948
PV-006524351252	30.396	PV-006524351252 30.396
PV-006524481744	28.585	PV-006524481744 28.585
PV-006524481745	28.287	PV-006524481745 28.287
PV-006524948446	30.433	PV-006524948446 30.433
PV-006524948447	29.298	PV-006524948447 29.298
PV-006524948448	26.279	PV-006524948448 26.279
PV-006525021634	31.288	PV-006525021634 31.288
PV-006525137644	31.16	PV-006525137644 31.160
PV-006525862901	29.283	PV-006525862901 29.283
PV-006526168340	30.27	PV-006526168340 30.270
PV-006526311533	29.655	PV-006526311533 29.655
PV-006526311534	31.153	PV-006526311534 31.153
PV-006526311535	29.396	PV-006526311535 29.396
PV-006526450772	27.928	PV-006526450772 27.928
PV-006526523697	28.718	PV-006526523697 28.718
PV-006526846191	27.306	PV-006526846191 27.306
PV-006527070246	26.367	PV-006527070246 26.367
PV-006527215379	30.462	PV-006527215379 30.462
PV-006527292688	26.71	PV-006527292688 26.710
PV-006527449822	30.292	PV-006527449822 30.292
PV-006527735902	28.965	PV-006527735902 28.965
PV-006527801228	28.948	PV-006527801228 28.948
PV-006527947212	29.007	PV-006527947212 29.007
PV-006528592236	26.688	PV-006528592236 26.688
PV-006528799873	32.155	PV-006528799873 32.155
PV-006529233491	25.404	PV-006529233491 25.404
PV-006529937920	29.621	PV-006529937920 29.621
PV-006530124279	29.652	PV-006530124279 29.652
PV-006530341574	30.578	PV-006530341574 30.578
PV-006530535496	26.199	PV-006530535496 26.199
PV-006530577930	28.802	PV-006530577930 28.802
PV-006530577931	29.069	PV-006530577931 29.069
PV-006530577932	29.114	PV-006530577932 29.114
PV-006530997415	29.145	PV-006530997415 29.145
PV-006531129819	31.618	PV-006531129819 31.618
PV-006531870624	26.561	PV-006531870624 26.561
PV-006531938468	30.326	PV-006531938468 30.326
PV-006532119319	30.969	PV-006532119319 30.969
PV-006532126634	29.05	PV-006532126634 29.050
PV-006532126635	30.114	PV-006532126635 30.114
PV-006532126636	33.009	PV-006532126636 33.009
PV-006532638824	26.739	PV-006532638824 26.739
PV-006532722126	26.393	PV-006532722126 26.393
PV-006532840434	30.759	PV-006532840434 30.759
PV-006532929474	26.145	PV-006532929474 26.145
PV-006533185456	28.586	PV-006533185456 28.586
PV-006649766177	30.417	PV-006649766177 30.417
PV-006650320087	30.003	PV-006650320087 30.003
PV-006650777378	26.845	PV-006650777378 26.845
PV-006651308029	26.894	PV-006651308029 26.894
PV-006651509402	29.087	PV-006651509402 29.087
PV-006651546430	26.809	PV-006651546430 26.809
PV-006651796441	31.152	PV-006651796441 31.152
PV-006651873626	30.491	PV-006651873626 30.491
PV-006651956483	29.773	PV-006651956483 29.773
PV-006652113142	27.124	PV-006652113142 27.124
PV-006652113143	27.417	PV-006652113143 27.417
PV-006652113144	25.076	PV-006652113144 25.076
PV-006653089314	31.732	PV-006653089314 31.732
PV-006653297960	27.854	PV-006653297960 27.854
PV-006653297961	29.066	PV-006653297961 29.066
PV-006653539393	26.435	PV-006653539393 26.435
PV-006653676583	29.646	PV-006653676583 29.646
PV-006653683463	32.114	PV-006653683463 32.114
PV-006653904617	29.447	PV-006653904617 29.447
PV-006653904618	29.474	PV-006653904618 29.474
PV-006654039368	28.954	PV-006654039368 28.954
PV-006654175081	29.373	PV-006654175081 29.373
PV-006654427610	30.052	PV-006654427610 30.052
PV-006654719818	28.812	PV-006654719818 28.812
PV-006654719819	27.642	PV-006654719819 27.642
PV-006654834685	31.2	PV-006654834685 31.200
PV-006654834686	25.984	PV-006654834686 25.984
PV-006654852821	29.912	PV-006654852821 29.912
PV-006654962774	28.254	PV-006654962774 28.254
PV-006655970376	25.75	PV-006655970376 25.750
PV-006655989903	26.849	PV-006655989903 26.849
PV-006656132298	32.067	PV-006656132298 32.067
PV-006656205555	30.117	PV-006656205555 30.117
PV-006656296992	27.592	PV-006656296992 27.592
PV-006656317775	31.144	PV-006656317775 31.144
PV-006656317776	31.428	PV-006656317776 31.428
PV-006656317777	30.133	PV-006656317777 30.133
PV-006656598997	30.752	PV-006656598997 30.752
PV-006657379462	28.639	PV-006657379462 28.639
PV-006657537362	30.191	PV-006657537362 30.191
PV-006657687111	30.79	PV-006657687111 30.790
PV-006657793610	26.485	PV-006657793610 26.485
PV-006658005569	30.244	PV-006658005569 30.244
PV-006658200829	26.505	PV-006658200829 26.505
PV-006658250867	30.158	PV-006658250867 30.158
PV-006658331576	30.185	PV-006658331576 30.185
PV-006658443212	31.602	PV-006658443212 31.602
PV-006659008906	27.802	PV-006659008906 27.802
PV-006659206771	25.71	PV-006659206771 25.710
PV-006659464885	29.879	PV-006659464885 29.879
PV-006659464886	27.15	PV-006659464886 27.150
PV-006659983659	25.684	PV-006659983659 25.684
PV-006660271323	29.871	PV-006660271323 29.871
PV-006660650590	29.405	PV-006660650590 29.405
PV-006660816907	29.418	PV-006660816907 29.418
PV-006660816909	27.104	PV-006660816909 27.104
PV-006660816910	28.412	PV-006660816910 28.412
PV-006661986439	28.292	PV-006661986439 28.292
PV-006661999630	29.974	PV-006661999630 29.974
PV-006662532389	26.058	PV-006662532389 26.058
PV-006662618596	29.083	PV-006662618596 29.083
PV-006662619565	28.648	PV-006662619565 28.648
PV-006662810534	30.351	PV-006662810534 30.351
PV-006662810535	26.306	PV-006662810535 26.306
PV-006662810536	29.9	PV-006662810536 29.900
PV-006662853726	27.97	PV-006662853726 27.970
PV-006662853727	31.818	PV-006662853727 31.818
PV-006662853728	30.172	PV-006662853728 30.172
PV-006662876892	30.411	PV-006662876892 30.411
PV-006662941593	30.866	PV-006662941593 30.866
PV-006663113034	29.434	PV-006663113034 29.434
PV-006663113035	26.654	PV-006663113035 26.654
PV-006663674950	27.347	PV-006663674950 27.347
PV-006664297771	29.965	PV-006664297771 29.965
PV-006664316911	30.182	PV-006664316911 30.182
PV-006664316912	29.082	PV-006664316912 29.082
PV-006664316913	30.306	PV-006664316913 30.306
PV-006664826638	31.803	PV-006664826638 31.803
PV-006664856673	31.239	PV-006664856673 31.239
PV-006665152528	29.072	PV-006665152528 29.072
PV-006665547383	28.892	PV-006665547383 28.892
PV-006665761836	30.113	PV-006665761836 30.113
PV-006666189929	28.918	PV-006666189929 28.918
PV-006666191835	31.155	PV-006666191835 31.155
PV-006666761355	25.835	PV-006666761355 25.835
PV-006666810191	30.797	PV-006666810191 30.797
PV-006667305824	25.242	PV-006667305824 25.242
PV-006667491685	25.719	PV-006667491685 25.719
PV-006667536353	26.707	PV-006667536353 26.707
PV-006667822379	25.734	PV-006667822379 25.734
PV-006667825667	27.224	PV-006667825667 27.224
PV-006668404494	26.446	PV-006668404494 26.446
PV-006668518785	27.132	PV-006668518785 27.132
PV-006668580524	30.051	PV-006668580524 30.051
PV-006669382826	29.624	PV-006669382826 29.624
PV-006669599865	29.701	PV-006669599865 29.701
PV-006669764726	29.353	PV-006669764726 29.353
PV-006669949401	25.898	PV-006669949401 25.898
PV-006669970065	26.747	PV-006669970065 26.747
PV-006670182456	26.375	PV-006670182456 26.375
PV-006670265331	26.783	PV-006670265331 26.783
PV-006670331622	31.345	PV-006670331622 31.345
PV-006670333815	30.871	PV-006670333815 30.871
PV-006670419321	30.151	PV-006670419321 30.151
PV-006670505068	29.838	PV-006670505068 29.838
PV-006670785497	30.165	PV-006670785497 30.165
PV-006670879841	31.017	PV-006670879841 31.017
PV-006671291642	29.02	PV-006671291642 29.020
PV-006671496846	28.062	PV-006671496846 28.062
PV-006671579479	26.085	PV-006671579479 26.085
PV-006671746834	28.924	PV-006671746834 28.924
PV-006671777586	29.466	PV-006671777586 29.466
PV-006671938895	26.421	PV-006671938895 26.421
PV-006672015174	31.429	PV-006672015174 31.429
PV-006672335958	29.728	PV-006672335958 29.728
PV-006672524046	26.408	PV-006672524046 26.408
PV-006672559893	30.021	PV-006672559893 30.021
PV-006672652864	29.108	PV-006672652864 29.108
PV-006672810461	31.05	PV-006672810461 31.050
PV-006673078963	28.959	PV-006673078963 28.959
PV-006673109647	30.124	PV-006673109647 30.124
PV-006673109648	26.941	PV-006673109648 26.941
PV-006673109649	26.265	PV-006673109649 26.265
PV-006673235525	26.379	PV-006673235525 26.379
PV-006673268942	30.676	PV-006673268942 30.676
PV-006673270408	28.019	PV-006673270408 28.019
PV-006673307886	26.193	PV-006673307886 26.193
PV-006673610209	28.582	PV-006673610209 28.582
PV-006673770991	28.608	PV-006673770991 28.608
PV-006673770992	27.849	PV-006673770992 27.849
PV-006673804365	26.152	PV-006673804365 26.152
PV-006673938964	26.011	PV-006673938964 26.011
PV-006673994982	26.645	PV-006673994982 26.645
PV-006673994983	29.133	PV-006673994983 29.133
PV-006673994984	28.723	PV-006673994984 28.723
PV-006673995233	30.612	PV-006673995233 30.612
PV-006673995234	28.814	PV-006673995234 28.814
PV-006673995235	27.049	PV-006673995235 27.049
PV-006674479094	26.905	PV-006674479094 26.905
PV-006674522468	29.744	PV-006674522468 29.744
PV-006674599211	31.683	PV-006674599211 31.683
PV-006674617171	28.588	PV-006674617171 28.588
PV-006675276320	25.377	PV-006675276320 25.377
PV-006675276321	28.732	PV-006675276321 28.732
PV-006675276322	32.428	PV-006675276322 32.428
PV-006675380960	27.366	PV-006675380960 27.366
PV-006675380961	29.68	PV-006675380961 29.680
PV-006675691106	29.888	PV-006675691106 29.888
PV-006675702118	30.486	PV-006675702118 30.486
PV-006675702119	29.863	PV-006675702119 29.863
PV-006675702120	31.002	PV-006675702120 31.002
PV-006675759502	32.148	PV-006675759502 32.148
PV-006675926939	26.736	PV-006675926939 26.736
PV-006676033789	26.654	PV-006676033789 26.654
PV-006676196310	29.502	PV-006676196310 29.502
PV-006676334593	28.691	PV-006676334593 28.691
PV-006676376057	30.897	PV-006676376057 30.897
PV-006676455947	30.883	PV-006676455947 30.883
PV-006676455948	29.458	PV-006676455948 29.458
PV-006676455949	29.331	PV-006676455949 29.331
PV-006676538920	27.484	PV-006676538920 27.484
PV-006676582138	30.676	PV-006676582138 30.676
PV-006676894387	30.109	PV-006676894387 30.109
PV-006676894388	26.869	PV-006676894388 26.869
PV-006676894389	31.146	PV-006676894389 31.146
PV-006677040329	28.941	PV-006677040329 28.941
PV-006677048124	29.888	PV-006677048124 29.888
PV-006677053663	26.299	PV-006677053663 26.299
PV-006677131097	31.185	PV-006677131097 31.185
PV-006677466191	28.461	PV-006677466191 28.461
PV-006677474208	29.821	PV-006677474208 29.821
PV-006677557086	29.133	PV-006677557086 29.133
PV-006677557087	31.617	PV-006677557087 31.617
PV-006677557088	28.403	PV-006677557088 28.403
PV-006677557520	30.586	PV-006677557520 30.586
PV-006677587879	29.482	PV-006677587879 29.482
PV-006677978087	31.861	PV-006677978087 31.861
PV-006678011136	26.142	PV-006678011136 26.142
PV-006678078758	25.324	PV-006678078758 25.324
PV-006678091088	29.114	PV-006678091088 29.114
PV-006678091089	26.36	PV-006678091089 26.360
PV-006678091090	26.298	PV-006678091090 26.298
PV-006678176144	28.895	PV-006678176144 28.895
PV-006678932240	30.534	PV-006678932240 30.534
PV-006679059889	29.24	PV-006679059889 29.240
PV-006679211812	29.322	PV-006679211812 29.322
PV-006679236884	28.645	PV-006679236884 28.645
PV-006679369183	31.139	PV-006679369183 31.139
PV-006679416048	28.873	PV-006679416048 28.873
PV-006679764143	28.807	PV-006679764143 28.807
PV-006679764144	28.447	PV-006679764144 28.447
PV-006679764145	26.378	PV-006679764145 26.378
PV-006679787452	29.273	PV-006679787452 29.273
PV-006680075593	29.887	PV-006680075593 29.887
PV-006680143525	27.116	PV-006680143525 27.116
PV-006680198808	30.029	PV-006680198808 30.029
PV-006680198809	30.953	PV-006680198809 30.953
PV-006680198810	25.534	PV-006680198810 25.534
PV-006680447788	31.044	PV-006680447788 31.044
PV-006680504835	30.055	PV-006680504835 30.055
PV-006680596575	31.183	PV-006680596575 31.183
PV-006680596576	26.45	PV-006680596576 26.450
PV-006680596577	30.649	PV-006680596577 30.649
PV-006681059684	27.988	PV-006681059684 27.988
PV-006681108686	29.425	PV-006681108686 29.425
PV-006681235314	26.207	PV-006681235314 26.207
PV-006681307202	29.674	PV-006681307202 29.674
PV-006681461022	25.626	PV-006681461022 25.626
PV-006681543932	30.824	PV-006681543932 30.824
PV-006681549639	31.887	PV-006681549639 31.887
PV-006681549640	30.218	PV-006681549640 30.218
PV-006681569875	29.218	PV-006681569875 29.218
PV-006681614799	29.761	PV-006681614799 29.761
PV-006681704704	29.476	PV-006681704704 29.476
PV-006681749859	26.773	PV-006681749859 26.773
PV-006681749860	28.853	PV-006681749860 28.853
PV-006681749861	27.812	PV-006681749861 27.812
PV-006681836803	25.716	PV-006681836803 25.716
PV-006681836804	28.148	PV-006681836804 28.148
PV-006681836805	29.249	PV-006681836805 29.249
PV-006681856289	25.894	PV-006681856289 25.894
PV-006681881209	30.874	PV-006681881209 30.874
PV-006682309789	27.928	PV-006682309789 27.928
PV-006682311357	30.642	PV-006682311357 30.642
PV-006682509632	29.54	PV-006682509632 29.540
PV-006682691041	26.128	PV-006682691041 26.128
PV-006682792151	25.466	PV-006682792151 25.466
PV-006682930799	30.456	PV-006682930799 30.456
PV-006683160159	30.596	PV-006683160159 30.596
PV-006683172965	27.684	PV-006683172965 27.684
PV-006683298044	29.433	PV-006683298044 29.433
PV-006683373777	27.477	PV-006683373777 27.477
PV-006683520260	29.135	PV-006683520260 29.135
PV-006683699101	27.99	PV-006683699101 27.990
PV-006683701001	25.952	PV-006683701001 25.952
PV-006683858372	29.181	PV-006683858372 29.181
PV-006683858373	31.224	PV-006683858373 31.224
PV-006683858374	26.696	PV-006683858374 26.696
PV-006684096726	29.226	PV-006684096726 29.226
PV-006684110938	30.56	PV-006684110938 30.560
PV-006684197000	26.904	PV-006684197000 26.904
PV-006684232349	32.503	PV-006684232349 32.503
PV-006684287613	30.722	PV-006684287613 30.722
PV-006684807378	31.664	PV-006684807378 31.664
PV-006684848938	31.088	PV-006684848938 31.088
PV-006684854565	31.151	PV-006684854565 31.151
PV-006684933503	30.939	PV-006684933503 30.939
PV-006684933504	27.967	PV-006684933504 27.967
PV-006684955505	28.647	PV-006684955505 28.647
PV-006685111835	26.228	PV-006685111835 26.228
PV-006685193754	30.754	PV-006685193754 30.754
PV-006685223331	29.123	PV-006685223331 29.123
PV-006685292522	30.535	PV-006685292522 30.535
PV-006685358023	25.772	PV-006685358023 25.772
PV-006685358024	26.061	PV-006685358024 26.061
PV-006685358025	26.145	PV-006685358025 26.145
PV-006685363580	31.002	PV-006685363580 31.002
PV-006685363581	30.299	PV-006685363581 30.299
PV-006685420800	30.259	PV-006685420800 30.259
PV-006685617575	28.479	PV-006685617575 28.479
PV-006685707895	29.17	PV-006685707895 29.170
PV-006685762198	30.206	PV-006685762198 30.206
PV-006685764291	29.98	PV-006685764291 29.980
PV-006685764292	25.753	PV-006685764292 25.753
PV-006685764293	25.601	PV-006685764293 25.601
PV-006685789833	32.346	PV-006685789833 32.346
PV-006685928724	29.083	PV-006685928724 29.083
PV-006685994232	30.738	PV-006685994232 30.738
PV-006686174120	30.437	PV-006686174120 30.437
PV-006686176733	30.147	PV-006686176733 30.147
PV-006686282865	30.828	PV-006686282865 30.828
PV-006686320146	29.999	PV-006686320146 29.999
PV-006686393368	29.467	PV-006686393368 29.467
PV-006686434524	31.368	PV-006686434524 31.368
PV-006686516637	28.758	PV-006686516637 28.758
PV-006686516638	27.966	PV-006686516638 27.966
PV-006686516639	29.556	PV-006686516639 29.556
PV-006686554928	29.845	PV-006686554928 29.845
PV-006686711999	28.849	PV-006686711999 28.849
PV-006686789169	28.828	PV-006686789169 28.828
PV-006686863744	26.742	PV-006686863744 26.742
PV-006686917032	30.996	PV-006686917032 30.996
PV-006686989970	31.69	PV-006686989970 31.690
PV-006687020184	31.522	PV-006687020184 31.522
PV-006687067216	26.974	PV-006687067216 26.974
PV-006687080788	29.761	PV-006687080788 29.761
PV-006687225205	29.853	PV-006687225205 29.853
PV-006687355415	26.804	PV-006687355415 26.804
PV-006687517901	31.578	PV-006687517901 31.578
PV-006687664808	30.22	PV-006687664808 30.220
PV-006687686623	25.677	PV-006687686623 25.677
PV-006687870127	29.555	PV-006687870127 29.555
PV-006687910474	29.461	PV-006687910474 29.461
PV-006687911891	30.37	PV-006687911891 30.370
PV-006687929137	30.567	PV-006687929137 30.567
PV-006687938179	30.712	PV-006687938179 30.712
